feedback_id,source,source_url,collected_at,published_at,language,content,anonymized_author,rating,source_item_id,theme,sentiment,severity,suggested_action,human_theme,human_sentiment,human_severity,is_correct,notes,theme_confidence,severity_score,matched_keywords
DFF-000001,B站,https://www.bilibili.com/video/BV1zDeG6xEiw/#reply317512355984,2026-09-15T05:10:52.261Z,2026-09-15T05:05:47.000Z,zh-CN,这视频刚发 物价就涨疯了[笑哭]8分钟戒指直接涨到16w,B站用户-234d64a3f121,,317512355984,搜打撤与经济,负向,中,复核爆率、物价与撤离收益曲线，评估经济回收节奏,搜打撤与经济,负向,中,是,主题命中：物价；负向命中：涨疯,中,2,主题命中：物价；负向命中：涨疯
DFF-000002,TapTap,https://www.taptap.cn/app/330259/review,2026-09-15T05:10:52.261Z,2026-09-15T04:59:11.000Z,zh-CN,干员语音挺有梗，打起来偶尔冒一句能笑出声，队友听了也跟着乐,TapTap玩家-fd47694e2e2a,5,50416017,匹配与队友,正向,低,沉淀正向口碑素材，并同步研发团队,界面与操作体验,正向,低,否,主题命中：队友；正向命中：有梗、笑出声,中,1,主题命中：队友；正向命中：有梗、笑出声
DFF-000003,B站,https://www.bilibili.com/video/BV1zDeG6xEiw/#reply314016128449,2026-09-15T05:10:52.261Z,2026-09-15T04:50:51.000Z,zh-CN,前几天清了波库存，之前跑刀一堆信号棒忘记卖了，结果彩蛋要用啊，麻了,B站用户-6c1d9b32049f,,314016128449,搜打撤与经济,中性,低,复核爆率、物价与撤离收益曲线，评估经济回收节奏,,,,,主题命中：信号棒、彩蛋、库存、卖,高,1,主题命中：信号棒、彩蛋、库存、卖
DFF-000004,B站,https://www.bilibili.com/video/BV1zDeG6xEiw/#reply314015369697,2026-09-15T05:10:52.261Z,2026-09-15T04:42:10.000Z,zh-CN,过几个月在做就行啦,B站用户-233dbcb910bd,,314015369697,其他,中性,低,进入人工复核队列，补充上下文后再归因,,,,,,低,1,
DFF-000005,TapTap,https://www.taptap.cn/app/330259/review,2026-09-15T05:10:52.261Z,2026-09-15T04:23:41.000Z,zh-CN,自定义房间规则自由度很高，和朋友开房打手枪局、刀战局😝，花样多得玩不过来～嘿嘿,TapTap玩家-ef91a57028b5,5,50415830,正向反馈,正向,低,沉淀正向口碑素材，并同步研发团队,,,,,,中,1,
DFF-000006,B站,https://www.bilibili.com/video/BV1zDeG6xEiw/#reply317501425968,2026-09-15T05:10:52.261Z,2026-09-15T03:08:54.000Z,zh-CN,需要等24日，晚上7点听别人说的,B站用户-ab6de82334da,,317501425968,其他,中性,低,进入人工复核队列，补充上下文后再归因,,,,,,低,1,
DFF-000007,Steam,https://steamcommunity.com/app/2507950/reviews/?browsefilter=mostrecent,2026-09-15T05:10:52.261Z,2026-09-15T03:00:45.000Z,es-419,excelente para ser gratis,Steam玩家-7a440aac4731,推荐,235306407,正向反馈,正向,低,沉淀正向口碑素材，并同步研发团队,正向反馈,正向,低,是,,中,1,
DFF-000008,Steam,https://steamcommunity.com/app/2507950/reviews/?browsefilter=mostrecent,2026-09-15T05:10:52.261Z,2026-09-15T02:50:08.000Z,zh-CN,爆率再高点就好了,Steam玩家-f0700568a2f4,推荐,235306064,搜打撤与经济,正向,低,沉淀正向口碑素材，并同步研发团队,,,,,主题命中：爆率,中,1,主题命中：爆率
DFF-000009,TapTap,https://www.taptap.cn/app/330259/review,2026-09-15T05:10:52.261Z,2026-09-15T02:48:18.000Z,zh-CN,摸金模式是真刺激，听到脚步心跳立马就上来了，最后能撤出去我能跟兄弟吹一晚上,TapTap玩家-926428d495cc,5,50415217,搜打撤与经济,正向,低,沉淀正向口碑素材，并同步研发团队,,,,,主题命中：摸金,中,1,主题命中：摸金
DFF-000010,Steam,https://steamcommunity.com/app/2507950/reviews/?browsefilter=mostrecent,2026-09-15T05:10:52.261Z,2026-09-15T02:20:56.000Z,es,"el juego en si está muy bueno, es una M13RD4 lo de los vehículos inmortales, tengo 4 misiles de para matar 10 autos los cuales todos te oneshotean sin que les puedas hacer absolutamente nada, y ni hablar de los helicópteros con sus bengalas infinitas, y olvídate de matarlo con un anti aéreo porque para que ese pedazo de basura le pegue tiene que quedarse afk y aun así puede fallar, e tirado mas helis con un AT4 que con el arma que se supone fue diseñada para destruirlos, deberían nerfear un poco a los vehículos (que requieran menos misiles para destruirse) porque si en tu team no tenés gente que te ayude a matar tanques y el enemigo saca 4 vehículos la vas a pasar muy mal toda la partida sin poder hacer nada mas que irte a otro punto y rezar porque no aparezca un auto inmortal a oneshotearte con daño en área, pero quitando los autitos es muy buen juego y cuando no hay 17 vehículos enemigos es divertidísimo.",Steam玩家-cba6934817ae,推荐,235304980,匹配与队友,正向,低,沉淀正向口碑素材，并同步研发团队,,,,,主题命中：team,中,1,主题命中：team
DFF-000011,TapTap,https://www.taptap.cn/app/330259/review,2026-09-15T05:10:52.261Z,2026-09-15T02:14:52.000Z,zh-CN,脚步声、枪声分层依旧稳定，听声辨位体验在线，不用靠音效外挂，纯靠听力就能判断敌人位置,TapTap玩家-02990c47ac10,5,50415029,其他,负向,低,进入人工复核队列，补充上下文后再归因,,,,,负向命中：外挂,低,1,负向命中：外挂
DFF-000012,Steam,https://steamcommunity.com/app/2507950/reviews/?browsefilter=mostrecent,2026-09-15T05:10:52.261Z,2026-09-15T02:05:49.000Z,zh-CN,垃圾策划，什么游戏机制，不接巴克什庇护经常出，自从接了3*3，打一天出不了一把,Steam玩家-e0322a903e5f,不推荐,235304367,地图与模式,负向,中,汇总热点区域与模式数据，安排地图和玩法迭代,,,,,主题命中：巴克什；负向命中：垃圾,中,2,主题命中：巴克什；负向命中：垃圾
DFF-000013,B站,https://www.bilibili.com/video/BV1zDeG6xEiw/#reply314002691089,2026-09-15T05:10:52.261Z,2026-09-15T01:59:47.000Z,zh-CN,要刷分才能放信标啊,B站用户-127ed2fd58e3,,314002691089,其他,中性,低,进入人工复核队列，补充上下文后再归因,,,,,,低,1,
DFF-000014,Steam,https://steamcommunity.com/app/2507950/reviews/?browsefilter=mostrecent,2026-09-15T05:10:52.261Z,2026-09-15T01:47:47.000Z,zh-CN,千万别下！！！去下wegame的！！！！不互通！！！！！！！！！！！！！！,Steam玩家-6edf3c6eb13f,推荐,235303676,其他,负向,低,进入人工复核队列，补充上下文后再归因,,,,,负向命中：千万别、别下、不互通,低,1,负向命中：千万别、别下、不互通
DFF-000015,TapTap,https://www.taptap.cn/app/330259/review,2026-09-15T05:10:52.261Z,2026-09-15T01:46:38.000Z,zh-CN,大战场那氛围真不是吹的，几十号人一起冲点，烟一铺坦克一压，耳机一戴我直接代入感拉满,TapTap玩家-cc14f9e01a90,5,50414886,地图与模式,正向,低,沉淀正向口碑素材，并同步研发团队,,,,,主题命中：大战场,中,1,主题命中：大战场
DFF-000016,B站,https://www.bilibili.com/video/BV1zDeG6xEiw/#reply317493393728,2026-09-15T05:10:52.261Z,2026-09-15T01:08:43.000Z,zh-CN,回复 @无限演绎不摸鱼 :这俩不需要买的，八音盒机密大免保一堆，实在不行就开卡，信号棒是各种容器爆率都不低，买俩戒指就行,B站用户-7ed47629d864,,317493393728,搜打撤与经济,中性,中,复核爆率、物价与撤离收益曲线，评估经济回收节奏,,,,,主题命中：爆率、信号棒、八音盒,高,2,主题命中：爆率、信号棒、八音盒
DFF-000017,B站,https://www.bilibili.com/video/BV1zDeG6xEiw/#reply313999208353,2026-09-15T05:10:52.261Z,2026-09-15T01:01:09.000Z,zh-CN,这个做了有奖励吗🤔,B站用户-f0aec2a6d268,,313999208353,任务与成长,中性,低,优化任务节奏、新手引导和奖励获得感,,,,,主题命中：奖励,中,1,主题命中：奖励
DFF-000018,Steam,https://steamcommunity.com/app/2507950/reviews/?browsefilter=mostrecent,2026-09-15T05:10:52.261Z,2026-09-15T00:56:45.000Z,zh-CN,"打不过,搜不到,撤不了,对于新手鼠鼠来说还是个恐怖游戏.慎玩.",Steam玩家-b8a461b70e71,不推荐,235301726,任务与成长,负向,中,优化任务节奏、新手引导和奖励获得感,,,,,主题命中：新手,中,2,主题命中：新手
DFF-000019,B站,https://www.bilibili.com/video/BV1zDeG6xEiw/#reply317491375264,2026-09-15T05:10:52.261Z,2026-09-15T00:32:04.000Z,zh-CN,气笑了，幸好提前了九天，依旧我们最公平的市场[doge],B站用户-994ad52cb16c,,317491375264,搜打撤与经济,中性,低,复核爆率、物价与撤离收益曲线，评估经济回收节奏,,,,,主题命中：市场,中,1,主题命中：市场
DFF-000020,Steam,https://steamcommunity.com/app/2507950/reviews/?browsefilter=mostrecent,2026-09-15T05:10:52.261Z,2026-09-15T00:22:12.000Z,en,broooo i just downloaded this game and after 1 min i got account suspended...♥♥♥♥ it bro,Steam玩家-7b9978fa4b26,不推荐,235300224,客服与封禁,负向,严重,立即跟进：复核封禁与申诉工单，建立误封复查和响应时限,,,,,主题命中：account suspended；严重度命中：account suspended,中,4,主题命中：account suspended；严重度命中：account suspended
DFF-000021,Steam,https://steamcommunity.com/app/2507950/reviews/?browsefilter=mostrecent,2026-09-15T05:10:52.261Z,2026-09-15T00:05:11.000Z,pt-BR,"Insisti bastante com esse jogo. Tem muitos modos de jogar ele, conquista, Defesa x ataque, extração etc... Excelente configuração de arma muitas possibilidades. Operadores com muita variedade de habilidades. e tudo isso é gratuito. A parte ruim que o ser humano desonesto, incapaz de jogar sem auxilio de programa externo é absurdo, estão matando um jogo bom, mas nós ja sabemos que todo jogo competitivo é assim e sempre vai ter essa galera que tem a visão alem do alcance, a audição de lince, e a velocidade de resposta e a mira do exterminador. Froid. E a team jade esta cagando",Steam玩家-a78d2915b5bc,不推荐,235299498,匹配与队友,负向,中,分析匹配池与单排体验，降低实力差距和摆烂影响,,,,,主题命中：elo、team；正向命中：bom,高,2,主题命中：elo、team；正向命中：bom
DFF-000022,B站,https://www.bilibili.com/video/BV1zDeG6xEiw/#reply317489350000,2026-09-15T05:10:52.261Z,2026-09-14T23:52:01.000Z,zh-CN,不是卡出了两个，这两个本来就不一样，另一个上面有不同的密码,B站用户-48364e550ddd,,317489350000,其他,中性,低,进入人工复核队列，补充上下文后再归因,,,,,,低,1,
DFF-000023,Steam,https://steamcommunity.com/app/2507950/reviews/?browsefilter=mostrecent,2026-09-15T05:10:52.261Z,2026-09-14T23:41:58.000Z,pt-BR,joga ae,Steam玩家-5e5d99705e76,推荐,235298507,正向反馈,正向,低,沉淀正向口碑素材，并同步研发团队,,,,,,中,1,
DFF-000024,B站,https://www.bilibili.com/video/BV1zDeG6xEiw/#reply313995018145,2026-09-15T05:10:52.261Z,2026-09-14T23:34:16.000Z,zh-CN,在大战场上:队友队友，话说为什么这里就我们两个人了[难过][难过][难过],B站用户-432a1bb1d16f,,313995018145,匹配与队友,中性,中,分析匹配池与单排体验，降低实力差距和摆烂影响,,,,,主题命中：队友,中,2,主题命中：队友
DFF-000025,Steam,https://steamcommunity.com/app/2507950/reviews/?browsefilter=mostrecent,2026-09-15T05:10:52.261Z,2026-09-14T23:28:15.000Z,ru,Багоюзерская хрень.,Steam玩家-0d1a5dd75b61,不推荐,235297923,其他,负向,中,进入人工复核队列，补充上下文后再归因,,,,,,低,2,
DFF-000026,Steam,https://steamcommunity.com/app/2507950/reviews/?browsefilter=mostrecent,2026-09-15T05:10:52.261Z,2026-09-14T23:26:32.000Z,en,"This game is Underatted , always recommend my friends",Steam玩家-037ba617d031,推荐,235297848,正向反馈,正向,低,沉淀正向口碑素材，并同步研发团队,,,,,正向命中：recommend,中,1,正向命中：recommend
DFF-000027,B站,https://www.bilibili.com/video/BV1zDeG6xEiw/#reply313994816561,2026-09-15T05:10:52.261Z,2026-09-14T23:24:02.000Z,zh-CN,我要的是鸟窝，大战场的又不给,B站用户-31d9bd2ea6d4,,313994816561,地图与模式,中性,低,汇总热点区域与模式数据，安排地图和玩法迭代,,,,,主题命中：大战场,中,1,主题命中：大战场
DFF-000028,B站,https://www.bilibili.com/video/BV1zDeG6xEiw/#reply313994609601,2026-09-15T05:10:52.261Z,2026-09-14T23:20:40.000Z,zh-CN,现在晚了。。。一个信号棒能卖到十多万，八音盒有二十多万[笑哭],B站用户-6b7f544c5397,,313994609601,搜打撤与经济,中性,低,复核爆率、物价与撤离收益曲线，评估经济回收节奏,,,,,主题命中：信号棒、八音盒、卖,高,1,主题命中：信号棒、八音盒、卖
DFF-000029,B站,https://www.bilibili.com/video/BV1zDeG6xEiw/#reply313994370737,2026-09-15T05:10:52.261Z,2026-09-14T23:15:59.000Z,zh-CN,什么玩意这么贵？,B站用户-6ed58d9c4eb0,,313994370737,其他,中性,低,进入人工复核队列，补充上下文后再归因,,,,,,低,1,
DFF-000030,B站,https://www.bilibili.com/video/BV1zDeG6xEiw/#reply313994503889,2026-09-15T05:10:52.261Z,2026-09-14T23:15:58.000Z,zh-CN,感觉会有一堆人刷分然后去抢，估计只有胜者才能开菜单（或者也可以等等再做）,B站用户-8e995be41cbe,,313994503889,界面与操作体验,中性,低,整理交互问题清单，优化设置、准星与操作反馈,,,,,主题命中：菜单,中,1,主题命中：菜单
DFF-000031,B站,https://www.bilibili.com/video/BV1zDeG6xEiw/#reply313994174817,2026-09-15T05:10:52.261Z,2026-09-14T23:05:29.000Z,zh-CN,大战场的这么简单，直接去大战场做呗，反正我不买,B站用户-6890bf6dafe5,,313994174817,地图与模式,中性,低,汇总热点区域与模式数据，安排地图和玩法迭代,,,,,主题命中：大战场,中,1,主题命中：大战场
DFF-000032,B站,https://www.bilibili.com/video/BV1zDeG6xEiw/#reply313994036609,2026-09-15T05:10:52.261Z,2026-09-14T23:02:37.000Z,zh-CN,这么多人看，却没有人发评论,B站用户-88fe347f8ea4,,313994036609,其他,中性,低,进入人工复核队列，补充上下文后再归因,,,,,,低,1,
DFF-000033,Steam,https://steamcommunity.com/app/2507950/reviews/?browsefilter=mostrecent,2026-09-15T05:10:52.261Z,2026-09-14T22:56:01.000Z,pt-BR,"Gostei do jogo, mas meu computador é batata, não rola.",Steam玩家-e929d04933d1,推荐,235296500,正向反馈,正向,低,沉淀正向口碑素材，并同步研发团队,,,,,,中,1,
DFF-000034,Steam,https://steamcommunity.com/app/2507950/reviews/?browsefilter=mostrecent,2026-09-15T05:10:52.261Z,2026-09-14T22:25:41.000Z,en,not a fan of where it ended up thats all,Steam玩家-be11a8b2debe,不推荐,235295090,其他,负向,中,进入人工复核队列，补充上下文后再归因,,,,,,低,2,
DFF-000035,B站,https://www.bilibili.com/video/BV1zDeG6xEiw/#reply313992682289,2026-09-15T05:10:52.261Z,2026-09-14T22:02:52.000Z,zh-CN,卡出来两个鸟窝[doge],B站用户-cafa1c91d7c8,,313992682289,其他,中性,低,进入人工复核队列，补充上下文后再归因,,,,,,低,1,
DFF-000036,Steam,https://steamcommunity.com/app/2507950/reviews/?browsefilter=mostrecent,2026-09-15T05:10:52.261Z,2026-09-14T21:56:59.000Z,en,♥♥♥♥♥♥♥ tired of playing the ♥♥♥♥ map of the mog and the ♥♥♥♥♥♥♥ trash sync with the server voiding arrows when i see them longed on the enemy forehead.,Steam玩家-c784d137b8ca,不推荐,235293754,性能与优化,负向,中,按设备与网络环境复现高频问题，优先修复阻塞型故障,,,,,主题命中：server；负向命中：trash,中,2,主题命中：server；负向命中：trash
DFF-000037,B站,https://www.bilibili.com/video/BV1zDeG6xEiw/#reply317485246672,2026-09-15T05:10:52.261Z,2026-09-14T21:13:31.000Z,zh-CN,还好我买的早[笑哭]老k刚发我就看了，刚好在线，除了金扳指买到16万其他的都是正常价格[doge],B站用户-0c9aec9ea285,,317485246672,付费与通行证,中性,低,解释付费价值并监控定价、返场与抽取争议,,,,,主题命中：价格,中,1,主题命中：价格
DFF-000038,Steam,https://steamcommunity.com/app/2507950/reviews/?browsefilter=mostrecent,2026-09-15T05:10:52.261Z,2026-09-14T20:59:59.000Z,zh-CN,外挂满天飞,Steam玩家-60e9e7ecaf9b,不推荐,235290834,外挂与安全,负向,中,优先排查反作弊链路，公开高频作弊类型处置进度,,,,,主题命中：外挂；负向命中：外挂,中,2,主题命中：外挂；负向命中：外挂
DFF-000039,Steam,https://steamcommunity.com/app/2507950/reviews/?browsefilter=mostrecent,2026-09-15T05:10:52.261Z,2026-09-14T20:28:23.000Z,en,this game is riddled with game-breaking bugs and the devs do not care. If you aren't playing OCE or SEA the devs do not care about you at all.,Steam玩家-5063ef91186c,不推荐,235289118,性能与优化,负向,中,按设备与网络环境复现高频问题，优先修复阻塞型故障,,,,,主题命中：bug,中,2,主题命中：bug
DFF-000040,Steam,https://steamcommunity.com/app/2507950/reviews/?browsefilter=mostrecent,2026-09-15T05:10:52.261Z,2026-09-14T20:17:38.000Z,pt-BR,"O JOGO QUE CONSEGE MISTURAR COD, BF E ABI EM 1 SÓ",Steam玩家-9f9bcc9eedba,推荐,235288478,正向反馈,正向,低,沉淀正向口碑素材，并同步研发团队,,,,,,中,1,
DFF-000041,Steam,https://steamcommunity.com/app/2507950/reviews/?browsefilter=mostrecent,2026-09-15T05:10:52.261Z,2026-09-14T19:51:20.000Z,en,"-Unbalanced matchmaking. -Real player only 1–3 even only 2 squads, others are bots.",Steam玩家-13e4eb74ab5c,不推荐,235286946,匹配与队友,负向,中,分析匹配池与单排体验，降低实力差距和摆烂影响,,,,,主题命中：matchmaking、squad、bot、bots,高,2,主题命中：matchmaking、squad、bot、bots
DFF-000042,Steam,https://steamcommunity.com/app/2507950/reviews/?browsefilter=mostrecent,2026-09-15T05:10:52.261Z,2026-09-14T19:49:42.000Z,pt-BR,Jogo sensacional!! Ótima jogabilidade! Poderia ter mais mapas estilos guerra!,Steam玩家-613d0fab9f82,推荐,235286841,地图与模式,正向,低,沉淀正向口碑素材，并同步研发团队,,,,,主题命中：map,中,1,主题命中：map
DFF-000043,Steam,https://steamcommunity.com/app/2507950/reviews/?browsefilter=mostrecent,2026-09-15T05:10:52.261Z,2026-09-14T19:47:18.000Z,es,mas de 1000 horas en steam y 3000 horas en garena tome la decision de dejar el juego ya que cada vez esta peor mal optimizado falta de contenido ya no entretiene fue un placer compartir con esta bella comunidad los veo en otros juegos.,Steam玩家-eca7d9308f72,不推荐,235286684,性能与优化,负向,中,按设备与网络环境复现高频问题，优先修复阻塞型故障,,,,,主题命中：optimizado,中,2,主题命中：optimizado
DFF-000044,Steam,https://steamcommunity.com/app/2507950/reviews/?browsefilter=mostrecent,2026-09-15T05:10:52.261Z,2026-09-14T19:46:19.000Z,en,cacat de joc cu puterile ratatilor,Steam玩家-a4db596f6594,不推荐,235286625,其他,负向,中,进入人工复核队列，补充上下文后再归因,,,,,,低,2,
DFF-000045,Steam,https://steamcommunity.com/app/2507950/reviews/?browsefilter=mostrecent,2026-09-15T05:10:52.261Z,2026-09-14T19:19:09.000Z,en,"I hate this game, every time I play it I want to kill my self but I keep coming back like a toxic relationship.",Steam玩家-948f13a2968f,推荐,235285012,其他,负向,低,进入人工复核队列，补充上下文后再归因,,,,,负向命中：hate,低,1,负向命中：hate
DFF-000046,Steam,https://steamcommunity.com/app/2507950/reviews/?browsefilter=mostrecent,2026-09-15T05:10:52.261Z,2026-09-14T19:11:23.000Z,zh-CN,游戏就不说什么了，玩家多了什么傻逼都有些，卖挂的大堆大堆，开挂的实锤不封，不愧是大众游戏，蛆可太多了，属于现实不如意，跑来热门游戏找存在感，喷都懒得喷了，正常玩游戏不愿意，宣泄情绪宣传对立是一个接一个的来，违规是从来不封的，辱华言论是举报了不处理的，外挂是抓不到几个的，正常玩家是扫盘扫到爆的,Steam玩家-cc600cb5cc09,不推荐,235284533,外挂与安全,负向,高,高优先级：优先排查反作弊链路，公开高频作弊类型处置进度,,,,,主题命中：外挂、开挂、卖挂；负向命中：外挂、不处理,高,3,主题命中：外挂、开挂、卖挂；负向命中：外挂、不处理
DFF-000047,Steam,https://steamcommunity.com/app/2507950/reviews/?browsefilter=mostrecent,2026-09-15T05:10:52.261Z,2026-09-14T18:46:00.000Z,ko,추가설치 70기가는 뭐 게임이 애라도 낳았나요?,Steam玩家-c5be61d7d344,不推荐,235282953,其他,负向,中,进入人工复核队列，补充上下文后再归因,,,,,,低,2,
DFF-000048,Steam,https://steamcommunity.com/app/2507950/reviews/?browsefilter=mostrecent,2026-09-15T05:10:52.261Z,2026-09-14T18:41:17.000Z,ru,Читеров как говна на помойке,Steam玩家-bf9aca5ccd0f,不推荐,235282663,其他,负向,中,进入人工复核队列，补充上下文后再归因,,,,,,低,2,
DFF-000049,Steam,https://steamcommunity.com/app/2507950/reviews/?browsefilter=mostrecent,2026-09-15T05:10:52.261Z,2026-09-14T17:52:11.000Z,zh-CN,优化垃圾的要死 我觉得我不是出问题的那一方 还是你们做游戏是为了只适配6090的？？？,Steam玩家-daf17d5a9b28,不推荐,235279572,性能与优化,负向,中,按设备与网络环境复现高频问题，优先修复阻塞型故障,,,,,主题命中：优化；负向命中：垃圾,中,2,主题命中：优化；负向命中：垃圾
DFF-000050,Steam,https://steamcommunity.com/app/2507950/reviews/?browsefilter=mostrecent,2026-09-15T05:10:52.261Z,2026-09-14T17:41:21.000Z,norwegian,it is very good free and its super fun,Steam玩家-b87c5248adec,推荐,235278905,正向反馈,正向,低,沉淀正向口碑素材，并同步研发团队,,,,,正向命中：fun、good,中,1,正向命中：fun、good
DFF-000051,Steam,https://steamcommunity.com/app/2507950/reviews/?browsefilter=mostrecent,2026-09-15T05:10:52.261Z,2026-09-14T17:35:40.000Z,zh-CN,"怎么有坨屎在这，老子他嘛五套在暗区都没打的这么难受，傻逼TTK,明明可以改很多的，修甲机制非得搞，内测有多好，结局有多烂，以氪金为主推皮肤，圈米狗，钱到手，也不管挂了，渐渐不投钱管这游戏了，本来很出圈，不听玩家建议，没有改到点上",Steam玩家-d2c7798e3c1f,不推荐,235278531,付费与通行证,负向,高,高优先级：解释付费价值并监控定价、返场与抽取争议,,,,,主题命中：皮肤、氪金；负向命中：烂、难受,高,3,主题命中：皮肤、氪金；负向命中：烂、难受
DFF-000052,Steam,https://steamcommunity.com/app/2507950/reviews/?browsefilter=mostrecent,2026-09-15T05:10:52.261Z,2026-09-14T17:28:59.000Z,en,"good for team, not for solo players. if ur solo plz avoid this game and never come back",Steam玩家-6a0dc3634a36,推荐,235278134,匹配与队友,混合,严重,立即跟进：分析匹配池与单排体验，降低实力差距和摆烂影响,,,,,主题命中：team、players；正向命中：good；负向命中：avoid；严重度命中：avoid,高,4,主题命中：team、players；正向命中：good；负向命中：avoid；严重度命中：avoid
DFF-000053,Steam,https://steamcommunity.com/app/2507950/reviews/?browsefilter=mostrecent,2026-09-15T05:10:52.261Z,2026-09-14T17:16:52.000Z,ru,"«Сын маминой подруги» от мира шутеров Если бы у Battlefield 2042 и Escape from Tarkov родился внебрачный ребенок, который рос без надзора EA и Battlestate Games, то получилась бы Delta Force. Плюсы: Оптимизация: Игра стабильно выдает высокий FPS даже на среднем «железе», в то время как конкуренты до сих пор борются с базовой прогрузкой текстур. Кастомизация оружия: Оружейное порно во всей красе — на сборку идеального ствола можно потратить больше времени, чем на саму катку. Режим Operations: Отличная альтернатива для тех, кому нравится концепция extraction-шутеров, но без хардкорного порога вхождения и необходимости заучивать карты по гайдам. Модель распространения: Игра бесплатная, а внутриигровой донат не дает решающего преимущества в бою. Минусы: Героический сеттинг: Вместо суровых бойцов из оригинальных частей мы получили оперативников со способностями вроде стрел-радаров и дистанционного лечения, из-за чего игра временами напоминает Valorant. Баланс техники: В режиме Warfare бронетехника чувствует себя слишком вольготно, и против танка на точке пехоте зачастую нечего противопоставить. Проблемы с античитом: Периодически встречаются подозрительные игроки с реакцией киборга и стрельбой через кусты. Итог: Лучшая бесплатная альтернатива для тех, кто давно ждал хорошего масштабного шутера. У игры есть шероховатости с балансом, но побегать с друзьями по вечерам — определенно стоит.",Steam玩家-cbf0fc23d2fc,推荐,235277392,搜打撤与经济,正向,低,沉淀正向口碑素材，并同步研发团队,正向反馈,正向,低,否,主题命中：extraction,中,1,主题命中：extraction
DFF-000054,Steam,https://steamcommunity.com/app/2507950/reviews/?browsefilter=mostrecent,2026-09-15T05:10:52.261Z,2026-09-14T16:50:05.000Z,ru,"Оптимизация - дно, в полигоне 150+ фпс, а в игре лютые просадки",Steam玩家-edff1023d23f,不推荐,235275677,其他,负向,中,进入人工复核队列，补充上下文后再归因,,,,,,低,2,
DFF-000055,Steam,https://steamcommunity.com/app/2507950/reviews/?browsefilter=mostrecent,2026-09-15T05:10:52.261Z,2026-09-14T16:43:24.000Z,en,"Fun game with great concepts, and it is free, but cheating is a frequent issue. The hit detection is so inconsistent it sometimes feels rigged in favor of one team or the other. Input delay is so severe it can sometimes make inputs in order or skip some. Vehicles can feel overpowered with the anti-explosive mechanism. The matchmaking balancing is horrid. Lag spikes and crashing are common issues too.",Steam玩家-fb22f7bc5734,不推荐,235275278,性能与优化,正向,低,沉淀正向口碑素材，并同步研发团队,,,,,主题命中：lag、crash；正向命中：fun、great,高,1,主题命中：lag、crash；正向命中：fun、great
DFF-000056,Steam,https://steamcommunity.com/app/2507950/reviews/?browsefilter=mostrecent,2026-09-15T05:10:52.261Z,2026-09-14T16:34:47.000Z,en,game huakuy I nahee,Steam玩家-fc7955c37152,不推荐,235274768,其他,负向,中,进入人工复核队列，补充上下文后再归因,,,,,,低,2,
DFF-000057,Steam,https://steamcommunity.com/app/2507950/reviews/?browsefilter=mostrecent,2026-09-15T05:10:52.261Z,2026-09-14T16:27:35.000Z,th,ตัวเกมห่าอะไร 150 Gb จะบ้า หาห้องนาน โหลดหน้าเกมก็ช้า แลค กระตุก อัปเดตล่าสุด 60 Gb + 38 Gb สมดุลเกมแม่งก็เน่า ปตอ ยิงไปงั้นๆ ร้อนไวซิบหาย AA พวกบินสูงเกิน 500 เมตร ก็ล็อกไม่ได้ละ ห่วยแตกจัด,Steam玩家-0496db889d31,不推荐,235274304,性能与优化,负向,中,按设备与网络环境复现高频问题，优先修复阻塞型故障,,,,,主题命中：gb,中,2,主题命中：gb
DFF-000058,Steam,https://steamcommunity.com/app/2507950/reviews/?browsefilter=mostrecent,2026-09-15T05:10:52.261Z,2026-09-14T16:26:48.000Z,zh-CN,垃圾游戏策划傻逼，能有100多小时的游玩时长，全是因为我舍不得之前投入的时间成本。退游了,Steam玩家-b25af69e6d04,不推荐,235274243,其他,负向,中,进入人工复核队列，补充上下文后再归因,,,,,负向命中：垃圾、退游,低,2,负向命中：垃圾、退游
DFF-000059,Steam,https://steamcommunity.com/app/2507950/reviews/?browsefilter=mostrecent,2026-09-15T05:10:52.261Z,2026-09-14T15:58:54.000Z,en,on steam deck when you try to login it just takes you to a chinese website i would not recommend,Steam玩家-892a5ac9497d,不推荐,235272482,匹配与队友,负向,中,分析匹配池与单排体验，降低实力差距和摆烂影响,,,,,主题命中：team；正向命中：recommend,中,2,主题命中：team；正向命中：recommend
DFF-000060,Steam,https://steamcommunity.com/app/2507950/reviews/?browsefilter=mostrecent,2026-09-15T05:10:52.261Z,2026-09-14T15:42:54.000Z,es,"Al principio corría joya; en su beta se mantenía decente. Sé perfectamente que varios me criticarán por mi PC de gama alta de la NASA de 1960, pero realmente, antes que nada, este juego corría a 40 FPS fluidos, entre píxel y píxel, y ni se calentaba el PC. Pero con cada actualización me aparecía una advertencia de que no cumplía con los requisitos mínimos... ¿Dónde? Los requisitos mínimos son un Intel Core i3-4150 / AMD FX-6300, y mi pecerdo tiene un Intel Core i5 de décima generación y unos gráficos integrados que me han dado jugosas partidas en Elden Ring, GTA 5 y Cyberpunk, juegos que incluso en computadores de gama media hacen que mi PC se rasque las weas. A lo que voy es que no vengas con tus mamadas de bloquearme el acceso al juego por tener un pequeño detalle que está por debajo de los requisitos y que, aparte, me tires una exigencia de controladores gráficos versión 31.0.101.5592, que literalmente como mínimo llega a una 11.ª generación para un Intel Core i7 para arriba. ¿Dónde se supone que eso cuadra con los requisitos mínimos acordados y publicados en las páginas? (steam y la del launcher oficial) ¿De dónde sacaron esa mierda? Si quiero quemar mi pc lo hago bajo mi responsabilidad!!",Steam玩家-9e5005d32c83,不推荐,235271518,界面与操作体验,负向,中,整理交互问题清单，优化设置、准星与操作反馈,,,,,主题命中：ui、control,高,2,主题命中：ui、control
DFF-000061,Steam,https://steamcommunity.com/app/2507950/reviews/?browsefilter=mostrecent,2026-09-15T05:10:52.261Z,2026-09-14T15:36:43.000Z,ru,Рассадник софта и читеров,Steam玩家-49c28729e269,不推荐,235271130,其他,负向,中,进入人工复核队列，补充上下文后再归因,,,,,,低,2,
DFF-000062,Steam,https://steamcommunity.com/app/2507950/reviews/?browsefilter=mostrecent,2026-09-15T05:10:52.261Z,2026-09-14T15:19:40.000Z,ko,익스트랙션 게임 중 아마 가장 친절하지않을까,Steam玩家-1f6df4eab5b3,推荐,235270014,正向反馈,正向,低,沉淀正向口碑素材，并同步研发团队,,,,,,中,1,
DFF-000063,Steam,https://steamcommunity.com/app/2507950/reviews/?browsefilter=mostrecent,2026-09-15T05:10:52.261Z,2026-09-14T15:08:03.000Z,zh-CN,狗脑子做的游戏,Steam玩家-3545723eede1,不推荐,235269313,其他,负向,中,进入人工复核队列，补充上下文后再归因,,,,,,低,2,
DFF-000064,Steam,https://steamcommunity.com/app/2507950/reviews/?browsefilter=mostrecent,2026-09-15T05:10:52.261Z,2026-09-14T14:40:11.000Z,zh-CN,目前这款游戏可玩性还是比较强的，玩法多样，修闲对战都可以，不错,Steam玩家-ee3395ec0b3c,推荐,235267557,地图与模式,正向,低,沉淀正向口碑素材，并同步研发团队,,,,,主题命中：玩法；正向命中：不错,中,1,主题命中：玩法；正向命中：不错
DFF-000065,Steam,https://steamcommunity.com/app/2507950/reviews/?browsefilter=mostrecent,2026-09-15T05:10:52.261Z,2026-09-14T14:25:34.000Z,zh-CN,染上此毒品，就于幸福生活大享特享了,Steam玩家-d8040409d0fb,推荐,235266648,正向反馈,正向,低,沉淀正向口碑素材，并同步研发团队,,,,,,中,1,
DFF-000066,Steam,https://steamcommunity.com/app/2507950/reviews/?browsefilter=mostrecent,2026-09-15T05:10:52.261Z,2026-09-14T14:16:56.000Z,en,"Takes a genuine eternity to download and boot, this is likely just my personal experience, but i have a budget PC, and it had an ETA of eight HOURS TO DOWNLOAD!! I still love the game, but mobile is the only one that works for me.",Steam玩家-a85a456a62d7,不推荐,235266106,性能与优化,负向,中,按设备与网络环境复现高频问题，优先修复阻塞型故障,,,,,主题命中：download；正向命中：love,中,2,主题命中：download；正向命中：love
DFF-000067,Steam,https://steamcommunity.com/app/2507950/reviews/?browsefilter=mostrecent,2026-09-15T05:10:52.261Z,2026-09-14T14:13:21.000Z,en,Donkey ass map rotation logic,Steam玩家-8c58865f47e6,不推荐,235265897,地图与模式,负向,中,汇总热点区域与模式数据，安排地图和玩法迭代,,,,,主题命中：map,中,2,主题命中：map
DFF-000068,Steam,https://steamcommunity.com/app/2507950/reviews/?browsefilter=mostrecent,2026-09-15T05:10:52.261Z,2026-09-14T14:02:10.000Z,zh-CN,我这配置对枪开始几秒只有他妈的6帧6帧6帧！！！画质只调高帧上限75 能卡而且加载界面要卡半天,Steam玩家-51e9da4e1740,不推荐,235265232,界面与操作体验,负向,中,整理交互问题清单，优化设置、准星与操作反馈,,,,,主题命中：界面、画质,高,2,主题命中：界面、画质
DFF-000069,Steam,https://steamcommunity.com/app/2507950/reviews/?browsefilter=mostrecent,2026-09-15T05:10:52.261Z,2026-09-14T14:01:20.000Z,en,fun game,Steam玩家-3e2d9c2bb058,推荐,235265184,正向反馈,正向,低,沉淀正向口碑素材，并同步研发团队,,,,,正向命中：fun,中,1,正向命中：fun
DFF-000070,Steam,https://steamcommunity.com/app/2507950/reviews/?browsefilter=mostrecent,2026-09-15T05:10:52.261Z,2026-09-14T13:48:45.000Z,ru,Классная игруха лучше батлы однозначно.,Steam玩家-b9ddece45e2a,推荐,235264456,正向反馈,正向,低,沉淀正向口碑素材，并同步研发团队,,,,,,中,1,
DFF-000071,Steam,https://steamcommunity.com/app/2507950/reviews/?browsefilter=mostrecent,2026-09-15T05:10:52.261Z,2026-09-14T13:48:41.000Z,en,"This was a hard choice for me to click recommend and that should tell you something. This game is a lot of fun, it has a very battlefield-esque gameplay with large (not too large) maps and big battles (64 players) - great environment destruction. It has a lot going for it, the gunplay is solid, the customization is vast, the teamplay is strong but not a milsim so you can hop in and out. IF ONLY THEY PLAY TESTED NEW SEASONS... every single time there's a new ""season"" the game just gets awful for a few days to a week. No map rotation, empty servers, very unbalanced teams and full on slaughters, hackers and cheaters seem to always appear initially. I don't know why it's the case, but it is and it seems like they would take it seriously because it's definitely making the reviews mixed and rightfully so. ALSO I'm not a big into hero shooters, dont really care for them, so the ""operators"" are not a plus to me but it might be to some. At least the abilities for them are pretty grounded in reality so it's not overbearing. I recommend this game because it scratches an itch and it's free to play so as long as you don't take it too seriously - and are aware that new updates may cause issues temporarily - you can have a lot of fun with it.",Steam玩家-5836aa612ec1,推荐,235264451,外挂与安全,混合,高,高优先级：优先排查反作弊链路，公开高频作弊类型处置进度,,,,,主题命中：hack、hacker、cheat、cheater；正向命中：fun、recommend、solid、great；负向命中：awful,高,3,主题命中：hack、hacker、cheat、cheater；正向命中：fun、recommend、solid、great；负向命中：awful
DFF-000072,Steam,https://steamcommunity.com/app/2507950/reviews/?browsefilter=mostrecent,2026-09-15T05:10:52.261Z,2026-09-14T13:31:35.000Z,zh-CN,外网FPS都不丢包，你丢包,Steam玩家-bfcb38e84403,不推荐,235263458,其他,负向,中,进入人工复核队列，补充上下文后再归因,,,,,,低,2,
DFF-000073,TapTap,https://www.taptap.cn/app/330259/review,2026-09-15T05:10:52.261Z,2026-09-14T13:16:33.000Z,zh-CN,第1次在应用商店下的，玩了也有一段时间了，这游戏最大的特点是： 王者死多了，补偿人机局 和平死多了，补偿无人局 暗区死多了，补偿高爆局 三角洲死多了，补偿黑屋局😂😂😂 先不说绝密保险全都是小紫诈骗，运气好给个小金，还有黑屋机制和ai强度做的一坨屎，跑刀要进黑屋，猛攻要进黑屋，夺舍要进黑屋，堵桥要进黑屋，正常打要进黑屋，撤的多了要进黑屋，撤的少了也要进黑屋，赚的多了要进黑屋，赚的少了照样进黑屋，进完黑屋后进红屋，好不容易整治一下挂又误封一大堆账号，名副其实的黑屋局行动，经济系统是崩溃的，对局环境是越来越差的，爆率是死都不上调的，游戏是越来越要完蛋的，两星是看在琳琅天上的面子给的🤣🤣🤣,TapTap玩家-8d4d8a0a53e4,2,50411979,搜打撤与经济,负向,严重,立即跟进：复核爆率、物价与撤离收益曲线，评估经济回收节奏,,,,,主题命中：爆率、经济、保险、小金；负向命中：差、一坨、崩、完蛋、黑屋；严重度命中：崩溃、误封,高,4,主题命中：爆率、经济、保险、小金；负向命中：差、一坨、崩、完蛋、黑屋；严重度命中：崩溃、误封
DFF-000074,Steam,https://steamcommunity.com/app/2507950/reviews/?browsefilter=mostrecent,2026-09-15T05:10:52.261Z,2026-09-14T12:49:43.000Z,zh-CN,国际服爆率超级高就是为啥没有彦祖,Steam玩家-72a1079c00a0,推荐,235261189,搜打撤与经济,正向,低,沉淀正向口碑素材，并同步研发团队,,,,,主题命中：爆率,中,1,主题命中：爆率
DFF-000075,TapTap,https://www.taptap.cn/app/330259/review,2026-09-15T05:10:52.261Z,2026-09-14T12:40:28.000Z,zh-CN,AZ3 核电站多路线拉扯依旧耐玩，每次进图遭遇的对手打法不一样，不会出现重复的对局套路,TapTap玩家-f666169dddb8,5,50411692,地图与模式,正向,低,沉淀正向口碑素材，并同步研发团队,,,,,主题命中：核电站、az3；正向命中：耐玩,高,1,主题命中：核电站、az3；正向命中：耐玩
DFF-000076,Steam,https://steamcommunity.com/app/2507950/reviews/?browsefilter=mostrecent,2026-09-15T05:10:52.261Z,2026-09-14T12:27:44.000Z,zh-CN,任务活动太多了赛季太短 烦死了,Steam玩家-2f7a3424d250,不推荐,235260106,任务与成长,负向,中,优化任务节奏、新手引导和奖励获得感,,,,,主题命中：任务、活动,高,2,主题命中：任务、活动
DFF-000077,Steam,https://steamcommunity.com/app/2507950/reviews/?browsefilter=mostrecent,2026-09-15T05:10:52.261Z,2026-09-14T12:20:03.000Z,ko,장점:퀄리티가 좋으며 이 개임으로 나의 fps실력이 향상되었다 단점:높은 pc사양요구가 있다,Steam玩家-7acfeb09f450,推荐,235259750,正向反馈,正向,低,沉淀正向口碑素材，并同步研发团队,,,,,,中,1,
DFF-000078,Steam,https://steamcommunity.com/app/2507950/reviews/?browsefilter=mostrecent,2026-09-15T05:10:52.261Z,2026-09-14T12:15:28.000Z,ko,무료에 이정도로 즐길수 있다는건 일단 말이안됨 ㅋㅋ,Steam玩家-0a6c09b058ef,推荐,235259523,正向反馈,正向,低,沉淀正向口碑素材，并同步研发团队,,,,,,中,1,
DFF-000079,Steam,https://steamcommunity.com/app/2507950/reviews/?browsefilter=mostrecent,2026-09-15T05:10:52.261Z,2026-09-14T12:01:27.000Z,zh-CN,垃圾游戏,Steam玩家-ffcdd1895f11,不推荐,235258838,其他,负向,中,进入人工复核队列，补充上下文后再归因,,,,,负向命中：垃圾,低,2,负向命中：垃圾
DFF-000080,Steam,https://steamcommunity.com/app/2507950/reviews/?browsefilter=mostrecent,2026-09-15T05:10:52.261Z,2026-09-14T11:47:10.000Z,zh-CN,策划风飞了,Steam玩家-1edece909f2f,不推荐,235258224,其他,负向,中,进入人工复核队列，补充上下文后再归因,,,,,,低,2,
DFF-000081,Steam,https://steamcommunity.com/app/2507950/reviews/?browsefilter=mostrecent,2026-09-15T05:10:52.261Z,2026-09-14T11:46:33.000Z,ru,скорее да чем нет...почему именно эти слова? потому что вечерком после заеба на заводе самое то! но есть одно но это оптимизация...просадки фпс вылеты из-за количества взрывов,Steam玩家-5e288fe70ae1,推荐,235258197,正向反馈,正向,低,沉淀正向口碑素材，并同步研发团队,,,,,,中,1,
DFF-000082,Steam,https://steamcommunity.com/app/2507950/reviews/?browsefilter=mostrecent,2026-09-15T05:10:52.261Z,2026-09-14T11:32:08.000Z,ko,명방 콜라보 언제해,Steam玩家-5a34cdc147ea,不推荐,235257600,其他,负向,中,进入人工复核队列，补充上下文后再归因,,,,,,低,2,
DFF-000083,Steam,https://steamcommunity.com/app/2507950/reviews/?browsefilter=mostrecent,2026-09-15T05:10:52.261Z,2026-09-14T11:14:15.000Z,zh-CN,这游戏的我已经玩不明白了 被蹲闸 被背刺 被蹲撤离点 被堵桥 这是这款游戏的玩法 我怨不得别人 当我在大坝去坝顶撤离的时候 在天上看到一个威龙 我没说错 天上一个威龙 是不是让我承认 威龙是龙 会飞很正常？ 看到我撤离失败的画面 我内心是真的没绷着 想了一下这游戏的环境 开挂的官方貌似也管控不了多少 现在游戏里最基本的bug也修复不了 在航天撤离失败 我承认是我的枪法不如别人 思路不如别人 但是威龙卡着bug在天上打死我的时候 我已经不在对这份游戏抱有期待了 退游了,Steam玩家-8a8268f6ab0d,不推荐,235256825,地图与模式,混合,低,汇总热点区域与模式数据，安排地图和玩法迭代,,,,,主题命中：玩法、大坝、航天；正向命中：期待；负向命中：退游,高,1,主题命中：玩法、大坝、航天；正向命中：期待；负向命中：退游
DFF-000084,Steam,https://steamcommunity.com/app/2507950/reviews/?browsefilter=mostrecent,2026-09-15T05:10:52.261Z,2026-09-14T11:13:54.000Z,zh-CN,ahit,Steam玩家-a957d7f1b924,不推荐,235256816,其他,负向,中,进入人工复核队列，补充上下文后再归因,其他,负向,低,否,,低,2,
DFF-000085,Steam,https://steamcommunity.com/app/2507950/reviews/?browsefilter=mostrecent,2026-09-15T05:10:52.261Z,2026-09-14T11:05:43.000Z,en,"plagued with cheaters, very greedy monetization tactics",Steam玩家-22d85f554ee6,不推荐,235256484,外挂与安全,负向,高,高优先级：优先排查反作弊链路，公开高频作弊类型处置进度,,,,,主题命中：cheat、cheater,高,3,主题命中：cheat、cheater
DFF-000086,Steam,https://steamcommunity.com/app/2507950/reviews/?browsefilter=mostrecent,2026-09-15T05:10:52.261Z,2026-09-14T10:45:47.000Z,zh-CN,玩了2天，游戏设计还是不错的，就是TX的那个反作弊软件，游戏第二天提示安装，安装后第三天进游戏就弹窗让开启CPU虚化了，按照教程把让开的都开开，让关的都关上还是不行，每次都提示让进BIOS开启CPU虚拟的一个什么选项。折腾了两天，还是不行，干脆放弃，玩别的去。,Steam玩家-7703b5f68909,不推荐,235255718,外挂与安全,混合,高,高优先级：优先排查反作弊链路，公开高频作弊类型处置进度,,,,,主题命中：作弊、反作弊；正向命中：不错；负向命中：作弊,高,3,主题命中：作弊、反作弊；正向命中：不错；负向命中：作弊
DFF-000087,Steam,https://steamcommunity.com/app/2507950/reviews/?browsefilter=mostrecent,2026-09-15T05:10:52.261Z,2026-09-14T10:42:03.000Z,uk,класно,Steam玩家-7bcb3288773e,推荐,235255564,正向反馈,正向,低,沉淀正向口碑素材，并同步研发团队,,,,,,中,1,
DFF-000088,Steam,https://steamcommunity.com/app/2507950/reviews/?browsefilter=mostrecent,2026-09-15T05:10:52.261Z,2026-09-14T10:25:28.000Z,zh-CN,游戏外挂太多，语音经常出现误封,Steam玩家-946356730706,不推荐,235254953,外挂与安全,负向,严重,立即跟进：优先排查反作弊链路，公开高频作弊类型处置进度,,,,,主题命中：外挂；负向命中：外挂；严重度命中：误封,中,4,主题命中：外挂；负向命中：外挂；严重度命中：误封
DFF-000089,TapTap,https://www.taptap.cn/app/330259/review,2026-09-15T05:10:52.261Z,2026-09-14T10:04:17.000Z,zh-CN,高压局被pro哥拉枪预瞄，挫败感有，但学到东西也是真的😀,TapTap玩家-e7393e968b4d,5,50410688,正向反馈,正向,低,沉淀正向口碑素材，并同步研发团队,,,,,,中,1,
DFF-000090,Steam,https://steamcommunity.com/app/2507950/reviews/?browsefilter=mostrecent,2026-09-15T05:10:52.261Z,2026-09-14T10:00:48.000Z,ru,"Поиграл немного в игру и вышел, 1 бой, всё ок всё норм, последующие 5 боёв, вышел 2 минуты прошёл, 1 пуля умер, и так по новой, заметил чела, начял стрелять, он развернулся, 1 пуля я умер.",Steam玩家-7960fb837e2a,不推荐,235254028,其他,负向,中,进入人工复核队列，补充上下文后再归因,,,,,,低,2,
DFF-000091,Steam,https://steamcommunity.com/app/2507950/reviews/?browsefilter=mostrecent,2026-09-15T05:10:52.261Z,2026-09-14T09:44:38.000Z,ko,"게임 24년에 출시하자마자 시작해서 시간 날때마다 해서 300시간정도 했는데 전면전은 예전에 비해 현재는 한섭은 사람이 거의 없고 동남아섭가면 봇들이 판치는 거, 재미도 그만큼 떨어진거 모두 사실이지만 그래도 동남아섭 가서 하다보면 여전히 재밌음. 물론 나도 시간 날떄 주에2,3번씩만 해서 그렇지 봇 천지 동남아섭에서 매일 하라 그러면 추천 안할듯. 그리고 비콘 에어리어 모드는 같이 할 사람도 없고 헤비해서 그렇게 진심으로 안했는데 그럼에도 확실히 비콘 모드만의 교전하는 맛, 빨템을 먹었을때의 도파민이 너무 재밌음. 이러한 이유때문에 항상 솔큐로밖에 못하고 초보들이 즐기기엔 어려워도 계속해서 플레이했음. 결론 : 글섭 사람 하루빨리 엄청나게 불어났으면",Steam玩家-7896edcb75a1,推荐,235253420,正向反馈,正向,低,沉淀正向口碑素材，并同步研发团队,,,,,,中,1,
DFF-000092,Steam,https://steamcommunity.com/app/2507950/reviews/?browsefilter=mostrecent,2026-09-15T05:10:52.261Z,2026-09-14T09:35:20.000Z,en,good game,Steam玩家-a5f601bdaebf,推荐,235253097,正向反馈,正向,低,沉淀正向口碑素材，并同步研发团队,,,,,正向命中：good,中,1,正向命中：good
DFF-000093,Steam,https://steamcommunity.com/app/2507950/reviews/?browsefilter=mostrecent,2026-09-15T05:10:52.261Z,2026-09-14T09:31:36.000Z,ru,.........,Steam玩家-7599048da13e,推荐,235252930,正向反馈,正向,低,沉淀正向口碑素材，并同步研发团队,,,,,,中,1,
DFF-000094,Steam,https://steamcommunity.com/app/2507950/reviews/?browsefilter=mostrecent,2026-09-15T05:10:52.261Z,2026-09-14T09:28:56.000Z,ru,хз нормас,Steam玩家-727b4051bdc4,推荐,235252836,正向反馈,正向,低,沉淀正向口碑素材，并同步研发团队,,,,,,中,1,
DFF-000095,TapTap,https://www.taptap.cn/app/330259/review,2026-09-15T05:10:52.261Z,2026-09-14T09:27:51.000Z,zh-CN,11s一局闪退4-5次[表情_捂脸哭],TapTap玩家-ca842c2369b7,1,50410488,性能与优化,负向,严重,立即跟进：按设备与网络环境复现高频问题，优先修复阻塞型故障,,,,,主题命中：闪退；严重度命中：闪退,中,4,主题命中：闪退；严重度命中：闪退
DFF-000096,Steam,https://steamcommunity.com/app/2507950/reviews/?browsefilter=mostrecent,2026-09-15T05:10:52.261Z,2026-09-14T09:16:16.000Z,ru,"Лучше арены, but no 💔💔",Steam玩家-4795c1fcd4c8,不推荐,235252340,其他,负向,中,进入人工复核队列，补充上下文后再归因,,,,,,低,2,
DFF-000097,Steam,https://steamcommunity.com/app/2507950/reviews/?browsefilter=mostrecent,2026-09-15T05:10:52.261Z,2026-09-14T09:06:19.000Z,en,i only played this because of the Pengmin Gugu Gaga AI videos,Steam玩家-7f021549aacd,推荐,235251932,正向反馈,正向,低,沉淀正向口碑素材，并同步研发团队,,,,,,中,1,
DFF-000098,Steam,https://steamcommunity.com/app/2507950/reviews/?browsefilter=mostrecent,2026-09-15T05:10:52.261Z,2026-09-14T08:25:40.000Z,ru,"Меня устраивают все недостатки игры кроме одного. Можете пожалуста мне объяснить? ЧТО ♥♥♥♥♥ НА НАЧАЛЬНОЙ ЛОКАЦИИ ЛЁГКОЙ СЛОЖНОСТИ ДЕЛАЮТ УЁБКИ С 3 ЗОЛОТЫМИ МЕДАЛЬКАМИ? Я должен на 13 уровне ебаться с киберспортсменами???? Идите на хер, я не буду донатить в игру где мне не удобно играть с таким ебанутым дисбалансом. Вещи которые я куплю просто проебутся из-за таких хуесосов.",Steam玩家-26d749982079,不推荐,235250092,其他,负向,中,进入人工复核队列，补充上下文后再归因,,,,,,低,2,
DFF-000099,Steam,https://steamcommunity.com/app/2507950/reviews/?browsefilter=mostrecent,2026-09-15T05:10:52.261Z,2026-09-14T08:14:50.000Z,ru,"Хорошая игра,",Steam玩家-93941c3bfae4,推荐,235249447,正向反馈,正向,低,沉淀正向口碑素材，并同步研发团队,,,,,,中,1,
DFF-000100,TapTap,https://www.taptap.cn/app/330259/review,2026-09-15T05:10:52.261Z,2026-09-14T08:10:24.000Z,zh-CN,观战系统优化之后，看大佬的第一视角更清晰了，学站位学道具学得明明白白呢[表情_狗头],TapTap玩家-037d96d46b14,5,50409971,性能与优化,正向,低,沉淀正向口碑素材，并同步研发团队,,,,,主题命中：优化,中,1,主题命中：优化
DFF-000101,Steam,https://steamcommunity.com/app/2507950/reviews/?browsefilter=mostrecent,2026-09-15T05:10:52.261Z,2026-09-14T08:08:03.000Z,en,Nearly too good to be true!,Steam玩家-3b15fad992f1,推荐,235249053,正向反馈,正向,低,沉淀正向口碑素材，并同步研发团队,,,,,正向命中：good,中,1,正向命中：good
DFF-000102,Steam,https://steamcommunity.com/app/2507950/reviews/?browsefilter=mostrecent,2026-09-15T05:10:52.261Z,2026-09-14T08:02:04.000Z,zh-CN,策划老冯飞升了,Steam玩家-161d337e78d7,不推荐,235248787,其他,负向,中,进入人工复核队列，补充上下文后再归因,,,,,,低,2,
DFF-000103,Steam,https://steamcommunity.com/app/2507950/reviews/?browsefilter=mostrecent,2026-09-15T05:10:52.261Z,2026-09-14T07:58:23.000Z,zh-CN,赛博锁妖塔,Steam玩家-7570b07e2a1b,不推荐,235248644,其他,负向,中,进入人工复核队列，补充上下文后再归因,,,,,,低,2,
DFF-000104,TapTap,https://www.taptap.cn/app/330259/review,2026-09-15T05:10:52.261Z,2026-09-14T07:34:16.000Z,zh-CN,群星赛季玩到现在慢慢摸透新机制，钓鱼玩法算是意外惊喜，打完紧张对局坐下来钓鱼放松很舒服,TapTap玩家-d749690be99e,5,50409697,搜打撤与经济,正向,低,沉淀正向口碑素材，并同步研发团队,,,,,主题命中：钓鱼；正向命中：舒服,中,1,主题命中：钓鱼；正向命中：舒服
DFF-000105,Steam,https://steamcommunity.com/app/2507950/reviews/?browsefilter=mostrecent,2026-09-15T05:10:52.261Z,2026-09-14T05:58:45.000Z,en,Constant crashing on the mog. game giving corrupt files often FIX THE GAME!,Steam玩家-6e45079b788e,不推荐,235244972,性能与优化,负向,中,按设备与网络环境复现高频问题，优先修复阻塞型故障,,,,,主题命中：crash,中,2,主题命中：crash
DFF-000106,Steam,https://steamcommunity.com/app/2507950/reviews/?browsefilter=mostrecent,2026-09-15T05:10:52.261Z,2026-09-14T05:32:21.000Z,pt-BR,bom demais,Steam玩家-1bcea88d4a3f,推荐,235244104,正向反馈,正向,低,沉淀正向口碑素材，并同步研发团队,,,,,正向命中：bom,中,1,正向命中：bom
DFF-000107,Steam,https://steamcommunity.com/app/2507950/reviews/?browsefilter=mostrecent,2026-09-15T05:10:52.261Z,2026-09-14T05:18:27.000Z,zh-CN,别玩，傻逼游戏 要玩也别玩sbeam版 骗你的，微给版也别玩，死妈游戏 他只会浪费你的时间浪费你的精力浪费你的生命 让你变得暴躁易怒，患得患失，疑神疑鬼，斤斤计较，终日惶惶不安 最后变成一个神经病 拥抱健康人生，远离三角洲,Steam玩家-b5e3007c1a14,不推荐,235243637,其他,负向,中,进入人工复核队列，补充上下文后再归因,,,,,负向命中：别玩,低,2,负向命中：别玩
DFF-000108,Steam,https://steamcommunity.com/app/2507950/reviews/?browsefilter=mostrecent,2026-09-15T05:10:52.261Z,2026-09-14T04:06:26.000Z,en,good fps game warth try,Steam玩家-096bb6bbe5cf,推荐,235241184,正向反馈,正向,低,沉淀正向口碑素材，并同步研发团队,,,,,正向命中：good,中,1,正向命中：good
DFF-000109,Steam,https://steamcommunity.com/app/2507950/reviews/?browsefilter=mostrecent,2026-09-15T05:10:52.261Z,2026-09-14T03:51:08.000Z,zh-CN,很垃圾的游戏，越玩越不想玩,Steam玩家-6c1f7939d44d,不推荐,235240635,其他,负向,中,进入人工复核队列，补充上下文后再归因,,,,,负向命中：垃圾,低,2,负向命中：垃圾
DFF-000110,Steam,https://steamcommunity.com/app/2507950/reviews/?browsefilter=mostrecent,2026-09-15T05:10:52.261Z,2026-09-14T03:29:38.000Z,zh-CN,垃圾youhua,Steam玩家-5826a113b682,不推荐,235239793,其他,负向,中,进入人工复核队列，补充上下文后再归因,,,,,负向命中：垃圾,低,2,负向命中：垃圾
DFF-000111,Steam,https://steamcommunity.com/app/2507950/reviews/?browsefilter=mostrecent,2026-09-15T05:10:52.261Z,2026-09-14T03:21:51.000Z,en,"It's an awesome game, warfare and extraction modes are really great to platy, but I've to say that it could benefit a lot from a better matchmaking, if you are new to the game you might get the wrong idea due to playing easy matches, and there's an enormous gap between easy and normal, also I don't think It's fair that Pinacles, God of War, Black Hawk should be on the same lobby as a platinum on easy mode, I really think that if you've a certain level, you should play with similar or slightly better people (to improve), not putting a gold to play against a pinacle on easy mode, that's nuts, other than that it's an awesome game",Steam玩家-1639b26c08ec,推荐,235239462,匹配与队友,正向,低,沉淀正向口碑素材，并同步研发团队,,,,,主题命中：matchmaking；正向命中：awesome、great,中,1,主题命中：matchmaking；正向命中：awesome、great
DFF-000112,Steam,https://steamcommunity.com/app/2507950/reviews/?browsefilter=mostrecent,2026-09-15T05:10:52.261Z,2026-09-14T02:52:04.000Z,zh-CN,好玩，碰见挂我会自动删贴的,Steam玩家-51deeaaca054,推荐,235238244,正向反馈,正向,低,沉淀正向口碑素材，并同步研发团队,,,,,正向命中：好玩,中,1,正向命中：好玩
DFF-000113,Steam,https://steamcommunity.com/app/2507950/reviews/?browsefilter=mostrecent,2026-09-15T05:10:52.261Z,2026-09-14T02:50:58.000Z,es,Game broken,Steam玩家-528cfbd1214a,不推荐,235238203,其他,负向,中,进入人工复核队列，补充上下文后再归因,,,,,负向命中：broken,低,2,负向命中：broken
DFF-000114,Steam,https://steamcommunity.com/app/2507950/reviews/?browsefilter=mostrecent,2026-09-15T05:10:52.261Z,2026-09-14T02:47:45.000Z,zh-CN,《请输入文本》,Steam玩家-3e215c7b77eb,不推荐,235238067,其他,负向,中,进入人工复核队列，补充上下文后再归因,,,,,,低,2,
DFF-000115,Steam,https://steamcommunity.com/app/2507950/reviews/?browsefilter=mostrecent,2026-09-15T05:10:52.261Z,2026-09-14T02:35:25.000Z,en,"Much better than COD or Battlefield. Plenty of free gunskins, game is free. I run 75-100 fps on a mix of low and mid graphics and 20-35 ping unless im playing 3am or later.",Steam玩家-5b441ab571d4,推荐,235237566,性能与优化,正向,低,沉淀正向口碑素材，并同步研发团队,,,,,主题命中：ping,中,1,主题命中：ping
DFF-000116,TapTap,https://www.taptap.cn/app/330259/review,2026-09-15T05:10:52.261Z,2026-09-14T02:13:43.000Z,zh-CN,旅人丢摩格也好用，气雾压血上限加军犬报点，突击位冲点时铺路铺得明明白白。,TapTap玩家-831e284d5208,5,50407768,正向反馈,正向,低,沉淀正向口碑素材，并同步研发团队,,,,,,中,1,
DFF-000117,TapTap,https://www.taptap.cn/app/330259/review,2026-09-15T05:10:52.261Z,2026-09-14T01:40:11.000Z,zh-CN,我说白了，我白说了 三角洲现在本质上是依靠游戏时长来换哈弗币 收益上限被每小时锁定死了的，吃多了会让你吐出来，吃少了也会给你安排爆率 就拿这个赛季来讲，你但凡敢多吃一点。堵闸的，扫射的，蹲撤离点的。堵桥的全都给你安排上了 我躲到最后1分半还有堵撤离点的，人不撤，硬要堵我 那有啥法，给了呗 手游我还没反应过来呢，网卡了一下，然后我就直接被人拿狙抽死了。我看淘汰回放都给我气笑了，我站原地让人家抽的 手机游戏千千万，觉得不好咱就换，没必要训化自己，非逼着玩一个粪坑 端游再怎么极品也不至于在普通图堵撤离点扫射 手游一个不差，全给我安排上了,TapTap玩家-c8c1a913c8e9,5,50407580,搜打撤与经济,负向,高,高优先级：复核爆率、物价与撤离收益曲线，评估经济回收节奏,,,,,主题命中：爆率、撤离点、撤离；负向命中：差、坑、卡了,高,3,主题命中：爆率、撤离点、撤离；负向命中：差、坑、卡了
DFF-000118,Steam,https://steamcommunity.com/app/2507950/reviews/?browsefilter=mostrecent,2026-09-15T05:10:52.261Z,2026-09-14T01:37:17.000Z,it,hacker everywere,Steam玩家-970b889f0d28,不推荐,235235079,外挂与安全,负向,高,高优先级：优先排查反作弊链路，公开高频作弊类型处置进度,,,,,主题命中：hack、hacker,高,3,主题命中：hack、hacker
DFF-000119,Steam,https://steamcommunity.com/app/2507950/reviews/?browsefilter=mostrecent,2026-09-15T05:10:52.261Z,2026-09-14T00:42:34.000Z,es,JUEGAZOOO! PERO ARREGLEN EL TEMA DE LAS ACTUALIZACIONES :( YA VA COMO POR 200 GB,Steam玩家-e13364f241ae,推荐,235232068,性能与优化,正向,低,沉淀正向口碑素材，并同步研发团队,性能与优化,混合,中,否,主题命中：200 gb、actualizaciones、gb；正向命中：juegazo,高,1,主题命中：200 gb、actualizaciones、gb；正向命中：juegazo
DFF-000120,Steam,https://steamcommunity.com/app/2507950/reviews/?browsefilter=mostrecent,2026-09-15T05:10:52.261Z,2026-09-14T00:41:55.000Z,en,this game is heaven for cheaters i played more 1450 hour operation and i can tell you 90% of players who play op they using wall hacks don't play it don't try it,Steam玩家-778f72f046e7,不推荐,235232040,外挂与安全,负向,高,高优先级：优先排查反作弊链路，公开高频作弊类型处置进度,,,,,主题命中：hack、cheat、cheater,高,3,主题命中：hack、cheat、cheater
DFF-000121,Steam,https://steamcommunity.com/app/2507950/reviews/?browsefilter=mostrecent,2026-09-15T05:10:52.261Z,2026-09-14T00:39:33.000Z,es,"siendo sincero, me parecio muy bueno, pero dificil si eres novato, no me gusto por la forma en la que combina jugadores novatos como yo a profesionales que ni dejan moverse en el juego",Steam玩家-9d4a6dcc0cda,不推荐,235231930,其他,负向,中,进入人工复核队列，补充上下文后再归因,,,,,,低,2,
DFF-000122,Steam,https://steamcommunity.com/app/2507950/reviews/?browsefilter=mostrecent,2026-09-15T05:10:52.261Z,2026-09-13T23:17:59.000Z,tr,çok hile var çok gereksiz var çatışıyorsun adam bomboş harcadığını alamayorsun full+full giriyorsun hile geliyo yada pitolle pusan lar her köşede :),Steam玩家-7cf7443c8111,推荐,235228081,正向反馈,正向,低,沉淀正向口碑素材，并同步研发团队,,,,,正向命中：bom,中,1,正向命中：bom
DFF-000123,Steam,https://steamcommunity.com/app/2507950/reviews/?browsefilter=mostrecent,2026-09-15T05:10:52.261Z,2026-09-13T22:53:35.000Z,en,Full of cheaters. ♥♥♥♥♥♥♥,Steam玩家-796a8f2773d3,不推荐,235226843,外挂与安全,负向,高,高优先级：优先排查反作弊链路，公开高频作弊类型处置进度,,,,,主题命中：cheat、cheater,高,3,主题命中：cheat、cheater
DFF-000124,Steam,https://steamcommunity.com/app/2507950/reviews/?browsefilter=mostrecent,2026-09-15T05:10:52.261Z,2026-09-13T22:45:22.000Z,en,"When the game first launched, it generated massive hype due to being free-to-play. Pros: 1. Great graphics. 2. Action-packed and engaging gameplay (at least prior to 2026). 3. Truly free-to-play model: no pay-to-win elements, and spending money is purely optional for cosmetic skins. 4. A vast variety of vehicles, weapons, skins, and extensive weapon customization. Cons (Current State): 1. Player count drop: During its peak, getting full 32v32 matches was instant. Now, you spawn into half-empty lobbies (5v5, 10v10, 15v15) that only fill up mid-game—if at all. A couple of months ago, it reached a point where lobbies were filled mostly with bots, which completely ruined the experience. 2. Cheaters: Still a noticeable issue. Verdict: Overall, I still lean toward giving this a positive review. For a free-to-play shooter whose developers are actively trying to fight cheaters and push updates, it stays afloat quite well. It's fundamentally a solid game worth playing, but the current matchmaking issues severely hurt the experience. I miss the constant high-intensity action we used to have, rather than spending half the match waiting for a lobby to populate.",Steam玩家-5323ecdf6e96,推荐,235226440,匹配与队友,正向,低,沉淀正向口碑素材，并同步研发团队,,,,,主题命中：elo、matchmaking、bot、bots；正向命中：fun、solid、great,高,1,主题命中：elo、matchmaking、bot、bots；正向命中：fun、solid、great
DFF-000125,Steam,https://steamcommunity.com/app/2507950/reviews/?browsefilter=mostrecent,2026-09-15T05:10:52.261Z,2026-09-13T22:32:20.000Z,en,HEY GET DELTA FORCE,Steam玩家-10f2f34422dd,推荐,235225741,正向反馈,正向,低,沉淀正向口碑素材，并同步研发团队,,,,,,中,1,
DFF-000126,Steam,https://steamcommunity.com/app/2507950/reviews/?browsefilter=mostrecent,2026-09-15T05:10:52.261Z,2026-09-13T22:30:56.000Z,en,nice game,Steam玩家-6e7b4508eb21,推荐,235225667,正向反馈,正向,低,沉淀正向口碑素材，并同步研发团队,,,,,正向命中：nice,中,1,正向命中：nice
DFF-000127,Steam,https://steamcommunity.com/app/2507950/reviews/?browsefilter=mostrecent,2026-09-15T05:10:52.261Z,2026-09-13T21:48:10.000Z,en,Thumbs down until they get a real ♥♥♥♥♥♥♥ anti-cheat. This game is filled to the brim with hackers. I have yet to see a lobby that does not have one.,Steam玩家-92d6896fcf8d,不推荐,235223291,外挂与安全,负向,高,高优先级：优先排查反作弊链路，公开高频作弊类型处置进度,,,,,主题命中：hack、hacker、cheat,高,3,主题命中：hack、hacker、cheat
DFF-000128,Steam,https://steamcommunity.com/app/2507950/reviews/?browsefilter=mostrecent,2026-09-15T05:10:52.261Z,2026-09-13T21:41:28.000Z,zh-CN,就不能对我这种非酋和菜的抠脚的人友好点吗 我就差个契约我就可以做四阶段最后一个了 怎么老是出来阴的没边的人 和强的离谱的人还有那些透啊 真的好要命啊,Steam玩家-24f6c6598719,推荐,235222888,外挂与安全,负向,高,高优先级：优先排查反作弊链路，公开高频作弊类型处置进度,,,,,主题命中：透啊；负向命中：差、离谱,中,3,主题命中：透啊；负向命中：差、离谱
DFF-000129,Steam,https://steamcommunity.com/app/2507950/reviews/?browsefilter=mostrecent,2026-09-15T05:10:52.261Z,2026-09-13T21:08:04.000Z,ru,Бесплатный кал на 200 гигов в котором только боты или читеры Живых игроков здесь больше нет,Steam玩家-ae1c92857146,不推荐,235220939,其他,负向,中,进入人工复核队列，补充上下文后再归因,,,,,,低,2,
DFF-000130,Steam,https://steamcommunity.com/app/2507950/reviews/?browsefilter=mostrecent,2026-09-15T05:10:52.261Z,2026-09-13T21:01:05.000Z,zh-CN,屎味的巧克力。,Steam玩家-57536fe8727b,不推荐,235220515,其他,负向,中,进入人工复核队列，补充上下文后再归因,,,,,,低,2,
DFF-000131,Steam,https://steamcommunity.com/app/2507950/reviews/?browsefilter=mostrecent,2026-09-15T05:10:52.261Z,2026-09-13T21:00:21.000Z,en,"Pretty good game, Imo.",Steam玩家-0d918c07bd7e,推荐,235220453,正向反馈,正向,低,沉淀正向口碑素材，并同步研发团队,,,,,正向命中：good,中,1,正向命中：good
DFF-000132,Steam,https://steamcommunity.com/app/2507950/reviews/?browsefilter=mostrecent,2026-09-15T05:10:52.261Z,2026-09-13T20:42:39.000Z,en,I HAVE HAD TO REDOWNLOAD THIS GAME 20 TIMES! Files keep getting corrupted!,Steam玩家-f7c79ed3a64e,不推荐,235219296,性能与优化,负向,严重,立即跟进：按设备与网络环境复现高频问题，优先修复阻塞型故障,,,,,主题命中：download、redownload、corrupted；严重度命中：corrupted,高,4,主题命中：download、redownload、corrupted；严重度命中：corrupted
DFF-000133,苹果应用商店,https://itunes.apple.com/cn/review?id=1642894547&type=Purple%20Software,2026-09-15T05:10:52.261Z,2026-09-13T20:17:54-07:00,zh-CN,核电厂石棺后面设置了一个跑酷 只要进去了 就必须通关不然出不来 至少给个放弃选项吧 这条路不能走 换条路不就行了 非得要把别人弄的迷失 还有那么多透视举报你也不管,苹果玩家-aa41cbf52be0,1,14547479549,外挂与安全,负向,高,高优先级：优先排查反作弊链路，公开高频作弊类型处置进度,外挂与安全,负向,高,是,主题命中：透视,中,3,主题命中：透视
DFF-000134,苹果应用商店,https://itunes.apple.com/cn/review?id=1642894547&type=Purple%20Software,2026-09-15T05:10:52.261Z,2026-09-13T20:15:31-07:00,zh-CN,暴率一大坨,苹果玩家-4801b072da6c,1,14547474088,搜打撤与经济,负向,中,复核爆率、物价与撤离收益曲线，评估经济回收节奏,,,,,主题命中：暴率,中,2,主题命中：暴率
DFF-000135,Steam,https://steamcommunity.com/app/2507950/reviews/?browsefilter=mostrecent,2026-09-15T05:10:52.261Z,2026-09-13T19:58:17.000Z,en,amazing,Steam玩家-0a60cf1f23c6,推荐,235216304,正向反馈,正向,低,沉淀正向口碑素材，并同步研发团队,,,,,正向命中：amazing,中,1,正向命中：amazing
DFF-000136,Steam,https://steamcommunity.com/app/2507950/reviews/?browsefilter=mostrecent,2026-09-15T05:10:52.261Z,2026-09-13T19:55:12.000Z,en,Unsubscribed from unbalanced CCP hacker central. Hope someone copies this from the chinese instead of the other way around for once.,Steam玩家-acde67691b21,不推荐,235216097,外挂与安全,负向,高,高优先级：优先排查反作弊链路，公开高频作弊类型处置进度,,,,,主题命中：hack、hacker,高,3,主题命中：hack、hacker
DFF-000137,Steam,https://steamcommunity.com/app/2507950/reviews/?browsefilter=mostrecent,2026-09-15T05:10:52.261Z,2026-09-13T19:18:32.000Z,ru,"Плюсы : Что и в мобильной версии, что и в пк оптимизация хорошая. Даже на таком чудовище играбельно. На этом плюсы закончились. Минусы : много донатных персов, много читеров, много багов с текстурами / ui моделями. Короче оценочка будет 5/10, скорее всего все кто играют в эту игру, играют только из-за динамических анимаций ( впрочем как я )",Steam玩家-4ca3a5280435,不推荐,235213508,界面与操作体验,负向,中,整理交互问题清单，优化设置、准星与操作反馈,,,,,主题命中：ui,中,2,主题命中：ui
DFF-000138,苹果应用商店,https://itunes.apple.com/cn/review?id=1642894547&type=Purple%20Software,2026-09-15T05:10:52.261Z,2026-09-13T19:14:47-07:00,zh-CN,你这爆率跟你的脑子一样,苹果玩家-7329ec451e15,1,14547332354,搜打撤与经济,负向,中,复核爆率、物价与撤离收益曲线，评估经济回收节奏,,,,,主题命中：爆率,中,2,主题命中：爆率
DFF-000139,Steam,https://steamcommunity.com/app/2507950/reviews/?browsefilter=mostrecent,2026-09-15T05:10:52.261Z,2026-09-13T19:12:45.000Z,es-419,"es buen juego, entretenido pero tiene un gran problema, el cual es que cada que sale un mapa nuevo el emparejamiento te obliga a jugar ese mapa en lugar de otros",Steam玩家-2e557ecb14b1,推荐,235213093,地图与模式,正向,低,沉淀正向口碑素材，并同步研发团队,,,,,主题命中：map,中,1,主题命中：map
DFF-000140,苹果应用商店,https://itunes.apple.com/cn/review?id=1642894547&type=Purple%20Software,2026-09-15T05:10:52.261Z,2026-09-13T19:12:04-07:00,zh-CN,开小挂还不封 特色的绝密要不是挂要不就是护航满天飞,苹果玩家-31cfba033865,1,14547325789,外挂与安全,负向,高,高优先级：优先排查反作弊链路，公开高频作弊类型处置进度,,,,,主题命中：护航,中,3,主题命中：护航
DFF-000141,苹果应用商店,https://itunes.apple.com/cn/review?id=1642894547&type=Purple%20Software,2026-09-15T05:10:52.261Z,2026-09-13T19:08:38-07:00,zh-CN,官方大大给点暴率,苹果玩家-169c68283665,5,14547317558,搜打撤与经济,正向,低,沉淀正向口碑素材，并同步研发团队,,,,,主题命中：暴率,中,1,主题命中：暴率
DFF-000142,苹果应用商店,https://itunes.apple.com/cn/review?id=1642894547&type=Purple%20Software,2026-09-15T05:10:52.261Z,2026-09-13T19:01:02-07:00,zh-CN,很好玩很有意思 。粑粑出⭐️,苹果玩家-b1dd6e673b1d,5,14547298903,正向反馈,正向,低,沉淀正向口碑素材，并同步研发团队,,,,,正向命中：好玩、有意思,中,1,正向命中：好玩、有意思
DFF-000143,Steam,https://steamcommunity.com/app/2507950/reviews/?browsefilter=mostrecent,2026-09-15T05:10:52.261Z,2026-09-13T18:56:28.000Z,en,good game,Steam玩家-0e7da8680e37,推荐,235211925,正向反馈,正向,低,沉淀正向口碑素材，并同步研发团队,,,,,正向命中：good,中,1,正向命中：good
DFF-000144,Steam,https://steamcommunity.com/app/2507950/reviews/?browsefilter=mostrecent,2026-09-15T05:10:52.261Z,2026-09-13T18:53:57.000Z,en,"Not my cup of tea, I prefer Abi.",Steam玩家-c03585cb3b79,不推荐,235211737,其他,负向,中,进入人工复核队列，补充上下文后再归因,,,,,,低,2,
DFF-000145,Steam,https://steamcommunity.com/app/2507950/reviews/?browsefilter=mostrecent,2026-09-15T05:10:52.261Z,2026-09-13T18:51:58.000Z,tr,güzel ama zor,Steam玩家-e5a879ea0a99,推荐,235211608,正向反馈,正向,低,沉淀正向口碑素材，并同步研发团队,,,,,正向命中：güzel,中,1,正向命中：güzel
DFF-000146,Steam,https://steamcommunity.com/app/2507950/reviews/?browsefilter=mostrecent,2026-09-15T05:10:52.261Z,2026-09-13T18:41:03.000Z,en,"Hands down the worst extraction shooter I have ever played. Warfare is fine as its just a battlefield rip off. The absolute worst balance between time to kill and healing or even repairing in an extraction game i have ever seen. The ammo and armor restrictions are a joke between each ""difficulty."" Who ever designed this mode is an actual ♥♥♥♥♥♥. Last point is the abilities are extremely annoying as quite a few are op, looking at you Nox.",Steam玩家-cafc73f41bac,不推荐,235210763,搜打撤与经济,负向,中,复核爆率、物价与撤离收益曲线，评估经济回收节奏,,,,,主题命中：extraction；负向命中：worst,中,2,主题命中：extraction；负向命中：worst
DFF-000147,Steam,https://steamcommunity.com/app/2507950/reviews/?browsefilter=mostrecent,2026-09-15T05:10:52.261Z,2026-09-13T18:39:39.000Z,fr,L4ATTRATION,Steam玩家-dbe72a0205e1,推荐,235210671,正向反馈,正向,低,沉淀正向口碑素材，并同步研发团队,,,,,,中,1,
DFF-000148,Steam,https://steamcommunity.com/app/2507950/reviews/?browsefilter=mostrecent,2026-09-15T05:10:52.261Z,2026-09-13T18:19:15.000Z,en,Waiting 20-30 minutes on matchmaking is not my definition of fun,Steam玩家-86d6cc2629b6,不推荐,235209132,匹配与队友,负向,中,分析匹配池与单排体验，降低实力差距和摆烂影响,,,,,主题命中：matchmaking；正向命中：fun,中,2,主题命中：matchmaking；正向命中：fun
DFF-000149,Steam,https://steamcommunity.com/app/2507950/reviews/?browsefilter=mostrecent,2026-09-15T05:10:52.261Z,2026-09-13T18:17:45.000Z,zh-CN,挂B漫天飞，不如去玩彩虹6,Steam玩家-78131f6d45b8,不推荐,235209015,外挂与安全,负向,高,高优先级：优先排查反作弊链路，公开高频作弊类型处置进度,,,,,主题命中：挂b,中,3,主题命中：挂b
DFF-000150,Steam,https://steamcommunity.com/app/2507950/reviews/?browsefilter=mostrecent,2026-09-15T05:10:52.261Z,2026-09-13T18:09:03.000Z,bulgarian,"it's really fun. It's like call of duty, rainbow 6 siege and escape from tarkov in one. I like it!!!!!!!!!!!",Steam玩家-2b1f36394ac4,推荐,235208356,正向反馈,正向,低,沉淀正向口碑素材，并同步研发团队,,,,,正向命中：fun,中,1,正向命中：fun
DFF-000151,Steam,https://steamcommunity.com/app/2507950/reviews/?browsefilter=mostrecent,2026-09-15T05:10:52.261Z,2026-09-13T18:03:56.000Z,ru,♥♥♥♥♥ ♥♥♥♥♥.,Steam玩家-f62b3e786972,不推荐,235207934,其他,负向,中,进入人工复核队列，补充上下文后再归因,,,,,,低,2,
DFF-000152,苹果应用商店,https://itunes.apple.com/cn/review?id=1642894547&type=Purple%20Software,2026-09-15T05:10:52.261Z,2026-09-13T17:43:31-07:00,zh-CN,用心赚钱，用脚做游戏,苹果玩家-68a1ba429f25,5,14547108264,正向反馈,正向,低,沉淀正向口碑素材，并同步研发团队,,,,,,中,1,
DFF-000153,Steam,https://steamcommunity.com/app/2507950/reviews/?browsefilter=mostrecent,2026-09-15T05:10:52.261Z,2026-09-13T17:34:02.000Z,ru,cegth,Steam玩家-37cabc38dc9a,推荐,235205570,正向反馈,正向,低,沉淀正向口碑素材，并同步研发团队,,,,,,中,1,
DFF-000154,Steam,https://steamcommunity.com/app/2507950/reviews/?browsefilter=mostrecent,2026-09-15T05:10:52.261Z,2026-09-13T17:33:43.000Z,zh-CN,连续玩了两天，，莫名其妙的给我冻结3天，什么游戏环境及行为数据异常，找腾讯那边申诉半天找不到入口，扯几把蛋。,Steam玩家-8d1219e5f126,不推荐,235205548,客服与封禁,负向,高,高优先级：复核封禁与申诉工单，建立误封复查和响应时限,,,,,主题命中：申诉,中,3,主题命中：申诉
DFF-000155,苹果应用商店,https://itunes.apple.com/cn/review?id=1642894547&type=Purple%20Software,2026-09-15T05:10:52.261Z,2026-09-13T17:21:41-07:00,zh-CN,同学送我一个通行证直接给我防沉迷，防沉迷搞都搞不起来验证了也没用，一直给你卡再登录页面玩都玩不起来，骗钱游戏三角洲蒸蒸日上,苹果玩家-da633b54de01,1,14547054849,付费与通行证,负向,严重,立即跟进：解释付费价值并监控定价、返场与抽取争议,,,,,主题命中：通行证；负向命中：骗钱；严重度命中：骗钱,中,4,主题命中：通行证；负向命中：骗钱；严重度命中：骗钱
DFF-000156,Steam,https://steamcommunity.com/app/2507950/reviews/?browsefilter=mostrecent,2026-09-15T05:10:52.261Z,2026-09-13T17:18:42.000Z,ru,♥♥♥♥♥,Steam玩家-1a8822ec74f3,推荐,235204420,正向反馈,正向,低,沉淀正向口碑素材，并同步研发团队,其他,中性,低,否,,中,1,
DFF-000157,Steam,https://steamcommunity.com/app/2507950/reviews/?browsefilter=mostrecent,2026-09-15T05:10:52.261Z,2026-09-13T17:14:03.000Z,en,"Trash assets, zero NPCs.",Steam玩家-081cb4919deb,推荐,235204097,其他,负向,低,进入人工复核队列，补充上下文后再归因,,,,,负向命中：trash,低,1,负向命中：trash
DFF-000158,Steam,https://steamcommunity.com/app/2507950/reviews/?browsefilter=mostrecent,2026-09-15T05:10:52.261Z,2026-09-13T17:11:48.000Z,zh-CN,GOUSHI,Steam玩家-5d358f428a77,不推荐,235203932,其他,负向,中,进入人工复核队列，补充上下文后再归因,,,,,,低,2,
DFF-000159,Steam,https://steamcommunity.com/app/2507950/reviews/?browsefilter=mostrecent,2026-09-15T05:10:52.261Z,2026-09-13T17:05:18.000Z,ru,говно не оптимизированое,Steam玩家-8bd99cdd0dae,不推荐,235203401,其他,负向,中,进入人工复核队列，补充上下文后再归因,,,,,,低,2,
DFF-000160,Steam,https://steamcommunity.com/app/2507950/reviews/?browsefilter=mostrecent,2026-09-15T05:10:52.261Z,2026-09-13T16:52:06.000Z,es,"JUEGO INCREIBLE, lo que mas me gusto fue la parte de loggearse lo demas es basura",Steam玩家-a92d44be6521,不推荐,235202393,其他,负向,中,进入人工复核队列，补充上下文后再归因,,,,,,低,2,
DFF-000161,Steam,https://steamcommunity.com/app/2507950/reviews/?browsefilter=mostrecent,2026-09-15T05:10:52.261Z,2026-09-13T16:46:11.000Z,ru,"игра говна закидывает новичков, против типов у которых по 100+ часов и играть не воозможно",Steam玩家-a684d82c4b97,不推荐,235201930,其他,负向,中,进入人工复核队列，补充上下文后再归因,,,,,,低,2,
DFF-000162,Steam,https://steamcommunity.com/app/2507950/reviews/?browsefilter=mostrecent,2026-09-15T05:10:52.261Z,2026-09-13T16:33:49.000Z,fr,"le jeux en soi est très bon que se soit en Game Play ect…. parcontre c'est un très gros jeux qui demande énormément de temps pour l'installer (pour un pc gaming très bon ~1h30) et en plus ils se permettent de faire une mise a jour de 100go juste pour l'ajout d'un personnage, c'est n'importe quoi ne l'installer pas",Steam玩家-5ed4facc6c5b,不推荐,235201029,界面与操作体验,负向,中,整理交互问题清单，优化设置、准星与操作反馈,,,,,主题命中：ui,中,2,主题命中：ui
DFF-000163,Steam,https://steamcommunity.com/app/2507950/reviews/?browsefilter=mostrecent,2026-09-15T05:10:52.261Z,2026-09-13T16:33:10.000Z,pt-BR,"Excelente jogo, me viciei no modo conquista, que são dois time um defende e outro ataca, no inicio você fica meio perdido sem saber de onde o time inimigo pode aparecer, mas depois que você conhece o mapa e conhece um pouquinho mais das mecanicas do jogo. VOCÊ VICIA! O jogo é leve, muito bem otimizado. Apesar de existir chat de voz por aproximação a comunidade não usa muito. É um jogo pra vc desligar o cerebro apos um dia chato de trabalho, bota um podcast de fundo ou uma conversa paralela com os amigos e sair atirando. Recomendo, nota 1000.",Steam玩家-cc9f7c582a9b,推荐,235200980,匹配与队友,正向,低,沉淀正向口碑素材，并同步研发团队,,,,,主题命中：bot；正向命中：fun,中,1,主题命中：bot；正向命中：fun
DFF-000164,Steam,https://steamcommunity.com/app/2507950/reviews/?browsefilter=mostrecent,2026-09-15T05:10:52.261Z,2026-09-13T15:59:08.000Z,ru,игра топчик сетевая да еще 4 режима обновы тоже топ! Так что советую попробовать,Steam玩家-36b1849bb568,推荐,235198285,正向反馈,正向,低,沉淀正向口碑素材，并同步研发团队,,,,,,中,1,
DFF-000165,TapTap,https://www.taptap.cn/app/330259/review,2026-09-15T05:10:52.261Z,2026-09-13T15:50:44.000Z,zh-CN,手游bug多就算了，还给我自动下载我不玩的地图，腾系应用真是骨子里喜欢偷偷占用内存,TapTap玩家-dba9a0b5f04d,1,50405898,性能与优化,负向,中,按设备与网络环境复现高频问题，优先修复阻塞型故障,,,,,主题命中：内存、bug；正向命中：喜欢,高,2,主题命中：内存、bug；正向命中：喜欢
DFF-000166,苹果应用商店,https://itunes.apple.com/cn/review?id=1642894547&type=Purple%20Software,2026-09-15T05:10:52.261Z,2026-09-13T15:47:59-07:00,zh-CN,石中之石,苹果玩家-62a72292b182,1,14546826684,其他,负向,中,进入人工复核队列，补充上下文后再归因,,,,,,低,2,
DFF-000167,Steam,https://steamcommunity.com/app/2507950/reviews/?browsefilter=mostrecent,2026-09-15T05:10:52.261Z,2026-09-13T15:34:51.000Z,zh-CN,这不就是依托吗,Steam玩家-39002deef20f,不推荐,235196347,其他,负向,中,进入人工复核队列，补充上下文后再归因,,,,,,低,2,
DFF-000168,苹果应用商店,https://itunes.apple.com/cn/review?id=1642894547&type=Purple%20Software,2026-09-15T05:10:52.261Z,2026-09-13T15:31:50-07:00,zh-CN,没玩过这么垃圾的射击游戏 什么都不改 就知道圈钱 滚去种地行不行,苹果玩家-76b0c4834ac8,1,14546786913,其他,负向,中,进入人工复核队列，补充上下文后再归因,,,,,负向命中：垃圾、圈钱,低,2,负向命中：垃圾、圈钱
DFF-000169,Steam,https://steamcommunity.com/app/2507950/reviews/?browsefilter=mostrecent,2026-09-15T05:10:52.261Z,2026-09-13T15:28:02.000Z,zh-Hant,250游戏,Steam玩家-cc7036853547,不推荐,235195798,其他,负向,中,进入人工复核队列，补充上下文后再归因,,,,,,低,2,
DFF-000170,Steam,https://steamcommunity.com/app/2507950/reviews/?browsefilter=mostrecent,2026-09-15T05:10:52.261Z,2026-09-13T15:17:14.000Z,zh-CN,玩起来有种抽卡游戏的感觉,Steam玩家-bd507ee39552,推荐,235194961,付费与通行证,正向,低,沉淀正向口碑素材，并同步研发团队,,,,,主题命中：抽卡,中,1,主题命中：抽卡
DFF-000171,苹果应用商店,https://itunes.apple.com/cn/review?id=1642894547&type=Purple%20Software,2026-09-15T05:10:52.261Z,2026-09-13T14:54:27-07:00,zh-CN,明明我玩别的游戏的时候不卡，一玩三角洲就卡。有时网络很好，它又给我卡在原地。,苹果玩家-a115414c4ad5,1,14546693692,性能与优化,负向,中,按设备与网络环境复现高频问题，优先修复阻塞型故障,,,,,主题命中：网络；正向命中：不卡,中,2,主题命中：网络；正向命中：不卡
DFF-000172,苹果应用商店,https://itunes.apple.com/cn/review?id=1642894547&type=Purple%20Software,2026-09-15T05:10:52.261Z,2026-09-13T14:48:25-07:00,zh-CN,两个号无缘无故的就给我封了,苹果玩家-aaef1a930b23,1,14546678274,其他,负向,中,进入人工复核队列，补充上下文后再归因,,,,,,低,2,
DFF-000173,Steam,https://steamcommunity.com/app/2507950/reviews/?browsefilter=mostrecent,2026-09-15T05:10:52.261Z,2026-09-13T14:45:26.000Z,en,"I really like this game it captures the looting experience that you would feel having to search and wait for items to be searched when inside containers, and all the operator abilities make each characters gameplay unique along with the loadout building",Steam玩家-de7152cf4b5a,推荐,235192465,搜打撤与经济,正向,低,沉淀正向口碑素材，并同步研发团队,,,,,主题命中：loot,中,1,主题命中：loot
DFF-000174,Steam,https://steamcommunity.com/app/2507950/reviews/?browsefilter=mostrecent,2026-09-15T05:10:52.261Z,2026-09-13T14:42:07.000Z,es,ASHEEEEEEEEEEEEEEEEE,Steam玩家-50eb47479b39,推荐,235192212,正向反馈,正向,低,沉淀正向口碑素材，并同步研发团队,,,,,,中,1,
DFF-000175,Steam,https://steamcommunity.com/app/2507950/reviews/?browsefilter=mostrecent,2026-09-15T05:10:52.261Z,2026-09-13T14:39:22.000Z,es,tetas,Steam玩家-6cbcdb466d68,推荐,235191999,正向反馈,正向,低,沉淀正向口碑素材，并同步研发团队,,,,,,中,1,
DFF-000176,Steam,https://steamcommunity.com/app/2507950/reviews/?browsefilter=mostrecent,2026-09-15T05:10:52.261Z,2026-09-13T14:31:20.000Z,zh-CN,纯纯的战斗爽,Steam玩家-ee884df61f4c,推荐,235191349,正向反馈,正向,低,沉淀正向口碑素材，并同步研发团队,,,,,正向命中：爽,中,1,正向命中：爽
DFF-000177,Steam,https://steamcommunity.com/app/2507950/reviews/?browsefilter=mostrecent,2026-09-15T05:10:52.261Z,2026-09-13T14:11:43.000Z,de,Geiles Spiel,Steam玩家-67c27ab6291b,推荐,235189777,正向反馈,正向,低,沉淀正向口碑素材，并同步研发团队,,,,,,中,1,
DFF-000178,Steam,https://steamcommunity.com/app/2507950/reviews/?browsefilter=mostrecent,2026-09-15T05:10:52.261Z,2026-09-13T14:10:52.000Z,zh-CN,进图就闪退 玩个毛啊,Steam玩家-6a43fe505e8d,不推荐,235189698,性能与优化,负向,严重,立即跟进：按设备与网络环境复现高频问题，优先修复阻塞型故障,,,,,主题命中：闪退；严重度命中：闪退,中,4,主题命中：闪退；严重度命中：闪退
DFF-000179,Steam,https://steamcommunity.com/app/2507950/reviews/?browsefilter=mostrecent,2026-09-15T05:10:52.261Z,2026-09-13T14:04:42.000Z,en,many bots,Steam玩家-770fea7588b8,不推荐,235189262,匹配与队友,负向,中,分析匹配池与单排体验，降低实力差距和摆烂影响,,,,,主题命中：bot、bots,高,2,主题命中：bot、bots
DFF-000180,Steam,https://steamcommunity.com/app/2507950/reviews/?browsefilter=mostrecent,2026-09-15T05:10:52.261Z,2026-09-13T13:50:04.000Z,zh-CN,垃圾优化。4060 高画质卡的一笔,Steam玩家-5bda7431f44d,不推荐,235188140,性能与优化,负向,中,按设备与网络环境复现高频问题，优先修复阻塞型故障,,,,,主题命中：优化；负向命中：垃圾,中,2,主题命中：优化；负向命中：垃圾
DFF-000181,苹果应用商店,https://itunes.apple.com/cn/review?id=1642894547&type=Purple%20Software,2026-09-15T05:10:52.261Z,2026-09-13T13:39:30-07:00,zh-CN,这游戏现在做的真是一坨要爆率没爆率 匹配机制也是一坨全装进图匹配跑刀的 静步修脚的各种各样的只能说原本是一个好游戏现在不堪入目,苹果玩家-fb7b5020026a,1,14546494166,匹配与队友,负向,中,分析匹配池与单排体验，降低实力差距和摆烂影响,,,,,主题命中：匹配；负向命中：一坨,中,2,主题命中：匹配；负向命中：一坨
DFF-000182,Steam,https://steamcommunity.com/app/2507950/reviews/?browsefilter=mostrecent,2026-09-15T05:10:52.261Z,2026-09-13T13:34:50.000Z,zh-CN,游戏总是闪退,Steam玩家-b43fcd8849a9,不推荐,235187047,性能与优化,负向,严重,立即跟进：按设备与网络环境复现高频问题，优先修复阻塞型故障,,,,,主题命中：闪退；严重度命中：闪退,中,4,主题命中：闪退；严重度命中：闪退
DFF-000183,Steam,https://steamcommunity.com/app/2507950/reviews/?browsefilter=mostrecent,2026-09-15T05:10:52.261Z,2026-09-13T13:32:39.000Z,en,wanted to download a weapon skin saw 21gb download and almost fainted uninstalled and got 200gb od space for free,Steam玩家-f5693390e963,不推荐,235186879,性能与优化,负向,中,按设备与网络环境复现高频问题，优先修复阻塞型故障,,,,,主题命中：download、gb,高,2,主题命中：download、gb
DFF-000184,苹果应用商店,https://itunes.apple.com/cn/review?id=1642894547&type=Purple%20Software,2026-09-15T05:10:52.261Z,2026-09-13T13:31:31-07:00,zh-CN,没有一点游戏普通图都有人蹲点,苹果玩家-eb3b8d836403,1,14546471628,地图与模式,负向,中,汇总热点区域与模式数据，安排地图和玩法迭代,,,,,主题命中：蹲点,中,2,主题命中：蹲点
DFF-000185,Steam,https://steamcommunity.com/app/2507950/reviews/?browsefilter=mostrecent,2026-09-15T05:10:52.261Z,2026-09-13T13:13:39.000Z,pt-BR,graficos,Steam玩家-5f0225da9ed3,推荐,235185511,正向反馈,正向,低,沉淀正向口碑素材，并同步研发团队,,,,,,中,1,
DFF-000186,苹果应用商店,https://itunes.apple.com/cn/review?id=1642894547&type=Purple%20Software,2026-09-15T05:10:52.261Z,2026-09-13T13:06:02-07:00,zh-CN,打个巴克什，上个塔顶喷火兵伤害太高还有个鳄鱼搞心态，倒了队友还不救在哪里等吃盒子,苹果玩家-f3a1555afc86,1,14546397882,匹配与队友,负向,中,分析匹配池与单排体验，降低实力差距和摆烂影响,,,,,主题命中：队友,中,2,主题命中：队友
DFF-000187,Steam,https://steamcommunity.com/app/2507950/reviews/?browsefilter=mostrecent,2026-09-15T05:10:52.261Z,2026-09-13T12:39:45.000Z,en,THE EXTRACTION MODE CAN BE CHALLENGING BUT ALSO VERY REWARDING,Steam玩家-cd8b8a74c86b,推荐,235183224,搜打撤与经济,正向,低,沉淀正向口碑素材，并同步研发团队,,,,,主题命中：extraction,中,1,主题命中：extraction
DFF-000188,Steam,https://steamcommunity.com/app/2507950/reviews/?browsefilter=mostrecent,2026-09-15T05:10:52.261Z,2026-09-13T12:27:11.000Z,zh-CN,浪费了生命里最没有意义的一千小时，从来没有任何一款游戏能让我这么恶心这么希望它早点死的，希望背刺扫射能早点毁掉这个只有受虐狂能坚持玩下去的司马游戏,Steam玩家-0798801fe682,不推荐,235182409,其他,负向,中,进入人工复核队列，补充上下文后再归因,,,,,负向命中：恶心,低,2,负向命中：恶心
DFF-000189,Steam,https://steamcommunity.com/app/2507950/reviews/?browsefilter=mostrecent,2026-09-15T05:10:52.261Z,2026-09-13T12:26:53.000Z,zh-CN,不错 试玩中,Steam玩家-c799b91aa354,推荐,235182393,正向反馈,正向,低,沉淀正向口碑素材，并同步研发团队,,,,,正向命中：不错,中,1,正向命中：不错
DFF-000190,Steam,https://steamcommunity.com/app/2507950/reviews/?browsefilter=mostrecent,2026-09-15T05:10:52.261Z,2026-09-13T12:03:20.000Z,zh-CN,"司马ACE,5090玩这个也是55帧",Steam玩家-2c540e4a0ff0,不推荐,235180868,其他,负向,中,进入人工复核队列，补充上下文后再归因,,,,,,低,2,
DFF-000191,Steam,https://steamcommunity.com/app/2507950/reviews/?browsefilter=mostrecent,2026-09-15T05:10:52.261Z,2026-09-13T11:45:19.000Z,pl,"As soon as you try normal mode, cheaters every corner",Steam玩家-84729b7faaf3,不推荐,235179762,外挂与安全,负向,高,高优先级：优先排查反作弊链路，公开高频作弊类型处置进度,,,,,主题命中：cheat、cheater,高,3,主题命中：cheat、cheater
DFF-000192,Steam,https://steamcommunity.com/app/2507950/reviews/?browsefilter=mostrecent,2026-09-15T05:10:52.261Z,2026-09-13T11:27:45.000Z,ko,스킨도 구매하고 패스도 전부 샀는데 10번 돌리면 9번이 모가디슈면 누가 하고 싶겠음? 걍 안하고 말지,Steam玩家-6f551501e42f,不推荐,235178691,其他,负向,中,进入人工复核队列，补充上下文后再归因,,,,,,低,2,
DFF-000193,苹果应用商店,https://itunes.apple.com/cn/review?id=1642894547&type=Purple%20Software,2026-09-15T05:10:52.261Z,2026-09-13T11:24:20-07:00,zh-CN,会不会做游戏,苹果玩家-3765f1f8c5d5,1,14546083643,其他,负向,中,进入人工复核队列，补充上下文后再归因,,,,,,低,2,
DFF-000194,Steam,https://steamcommunity.com/app/2507950/reviews/?browsefilter=mostrecent,2026-09-15T05:10:52.261Z,2026-09-13T11:11:08.000Z,en,Good.,Steam玩家-2756f7d5d499,推荐,235177740,正向反馈,正向,低,沉淀正向口碑素材，并同步研发团队,正向反馈,正向,低,是,正向命中：good,中,1,正向命中：good
DFF-000195,Steam,https://steamcommunity.com/app/2507950/reviews/?browsefilter=mostrecent,2026-09-15T05:10:52.261Z,2026-09-13T11:09:01.000Z,zh-CN,攻防模式下人机与玩家分配严重不均匀，往往出现一面倒的情况 如果被分到人机多的对局里面游戏体验很糟糕 希望官方改善下，另外提升优化 否则掉帧严重 载具平衡能再好一点 人机的智商能在高一点 不要一直用进攻方的重生次数,Steam玩家-306359f91b78,不推荐,235177628,地图与模式,负向,中,汇总热点区域与模式数据，安排地图和玩法迭代,,,,,主题命中：模式、攻防、载具,高,2,主题命中：模式、攻防、载具
DFF-000196,苹果应用商店,https://itunes.apple.com/cn/review?id=1642894547&type=Purple%20Software,2026-09-15T05:10:52.261Z,2026-09-13T10:41:36-07:00,zh-CN,对局阴的要死，爆率低的批爆，好评好吧，都来玩吧,苹果玩家-b9ee66d9a260,1,14545941953,搜打撤与经济,负向,中,复核爆率、物价与撤离收益曲线，评估经济回收节奏,,,,,主题命中：爆率；负向命中：爆率低,中,2,主题命中：爆率；负向命中：爆率低
DFF-000197,苹果应用商店,https://itunes.apple.com/cn/review?id=1642894547&type=Purple%20Software,2026-09-15T05:10:52.261Z,2026-09-13T10:37:50-07:00,zh-CN,为什么红越来越少，大保险里垃圾越来越多,苹果玩家-521b8c1f35bd,1,14545929265,搜打撤与经济,负向,中,复核爆率、物价与撤离收益曲线，评估经济回收节奏,,,,,主题命中：保险；负向命中：垃圾,中,2,主题命中：保险；负向命中：垃圾
DFF-000198,TapTap,https://www.taptap.cn/app/330259/review,2026-09-15T05:10:52.261Z,2026-09-13T10:35:59.000Z,zh-CN,音效定位能听，脚步换弹拉人方向有数，戴耳机体验直接上一个档,TapTap玩家-e5b37dcb9567,5,50403448,界面与操作体验,正向,低,沉淀正向口碑素材，并同步研发团队,,,,,主题命中：音效,中,1,主题命中：音效
DFF-000199,苹果应用商店,https://itunes.apple.com/cn/review?id=1642894547&type=Purple%20Software,2026-09-15T05:10:52.261Z,2026-09-13T10:35:40-07:00,zh-CN,是因为没有非洲之心,苹果玩家-383489face92,4,14545921913,搜打撤与经济,正向,低,沉淀正向口碑素材，并同步研发团队,,,,,主题命中：非洲之心,中,1,主题命中：非洲之心
DFF-000200,Steam,https://steamcommunity.com/app/2507950/reviews/?browsefilter=mostrecent,2026-09-15T05:10:52.261Z,2026-09-13T10:11:34.000Z,uk,♥♥♥♥♥♥ кал 2042 намного лучше этой пластиковой ♥♥♥♥♥,Steam玩家-9840aa52ec40,不推荐,235174336,其他,负向,中,进入人工复核队列，补充上下文后再归因,,,,,,低,2,
DFF-000201,Steam,https://steamcommunity.com/app/2507950/reviews/?browsefilter=mostrecent,2026-09-15T05:10:52.261Z,2026-09-13T10:03:53.000Z,tr,bilmiyorum abi nasi bi oyun oldugunu bana bisi sormayin artik,Steam玩家-08d4cb18369c,推荐,235173908,正向反馈,正向,低,沉淀正向口碑素材，并同步研发团队,,,,,,中,1,
DFF-000202,Steam,https://steamcommunity.com/app/2507950/reviews/?browsefilter=mostrecent,2026-09-15T05:10:52.261Z,2026-09-13T09:59:36.000Z,en,fun and relaxing game most free enjoying earning free stuff,Steam玩家-812b431264b9,推荐,235173674,正向反馈,正向,低,沉淀正向口碑素材，并同步研发团队,,,,,正向命中：fun、enjoy,中,1,正向命中：fun、enjoy
DFF-000203,Steam,https://steamcommunity.com/app/2507950/reviews/?browsefilter=mostrecent,2026-09-15T05:10:52.261Z,2026-09-13T09:45:26.000Z,en,Fun and challenging,Steam玩家-7e5d60e71a7b,推荐,235172912,正向反馈,正向,低,沉淀正向口碑素材，并同步研发团队,,,,,正向命中：fun,中,1,正向命中：fun
DFF-000204,Steam,https://steamcommunity.com/app/2507950/reviews/?browsefilter=mostrecent,2026-09-15T05:10:52.261Z,2026-09-13T09:35:06.000Z,zh-CN,作弊太多,Steam玩家-e2dd1fb52b92,不推荐,235172344,外挂与安全,负向,中,优先排查反作弊链路，公开高频作弊类型处置进度,,,,,主题命中：作弊；负向命中：作弊,中,2,主题命中：作弊；负向命中：作弊
DFF-000205,Steam,https://steamcommunity.com/app/2507950/reviews/?browsefilter=mostrecent,2026-09-15T05:10:52.261Z,2026-09-13T09:33:35.000Z,ru,"Играл в бету было нормально. Скачал после релиза (да уже прошло время) и меня принудительно пихает в экстракшен который невозможно скипнуть и заставляет го запускать словно я зашел в МОБИЛЬНУЮ игру. Невозможно просто запустить тот режим который я хочу и ради которого скачал игру, я ОБЯЗАН пройти все круги ненужного для меня ада. И визуально игра стала выглядеть ХУЖЕ чем была.",Steam玩家-11564dca2087,不推荐,235172252,其他,负向,中,进入人工复核队列，补充上下文后再归因,,,,,,低,2,
DFF-000206,Steam,https://steamcommunity.com/app/2507950/reviews/?browsefilter=mostrecent,2026-09-15T05:10:52.261Z,2026-09-13T09:28:39.000Z,indonesian,seru cuy,Steam玩家-ed57b665785d,推荐,235172005,正向反馈,正向,低,沉淀正向口碑素材，并同步研发团队,,,,,,中,1,
DFF-000207,苹果应用商店,https://itunes.apple.com/cn/review?id=1642894547&type=Purple%20Software,2026-09-15T05:10:52.261Z,2026-09-13T09:13:32-07:00,zh-CN,设计太多了，各种配件人物眼花缭乱，不够简单，人都看不到就死了，建议没有多年写实风格射击游戏的经验就不要碰，去了就自闭啦，哈哈😂,苹果玩家-d8ea10d7038c,1,14545633742,其他,负向,中,进入人工复核队列，补充上下文后再归因,,,,,,低,2,
DFF-000208,Steam,https://steamcommunity.com/app/2507950/reviews/?browsefilter=mostrecent,2026-09-15T05:10:52.261Z,2026-09-13T09:04:24.000Z,th,สนุกมาก แต่ใช่พื้นที่เก็บข้อมูลเยอะไปหน่อย,Steam玩家-a18502ac71cd,推荐,235170668,正向反馈,正向,低,沉淀正向口碑素材，并同步研发团队,,,,,,中,1,
DFF-000209,苹果应用商店,https://itunes.apple.com/cn/review?id=1642894547&type=Purple%20Software,2026-09-15T05:10:52.261Z,2026-09-13T09:02:25-07:00,zh-CN,我打的太菜了爆率一点都不高🥲感觉都是骗人的我都打不死人,苹果玩家-791e31da40ca,5,14545594423,搜打撤与经济,正向,低,沉淀正向口碑素材，并同步研发团队,,,,,主题命中：爆率,中,1,主题命中：爆率
DFF-000210,苹果应用商店,https://itunes.apple.com/cn/review?id=1642894547&type=Purple%20Software,2026-09-15T05:10:52.261Z,2026-09-13T08:52:22-07:00,zh-CN,希望给点好运，求求官方了。这是很好的游戏，各位,苹果玩家-6409a258833c,5,14545558736,正向反馈,正向,低,沉淀正向口碑素材，并同步研发团队,,,,,,中,1,
DFF-000211,苹果应用商店,https://itunes.apple.com/cn/review?id=1642894547&type=Purple%20Software,2026-09-15T05:10:52.261Z,2026-09-13T08:43:57-07:00,zh-CN,全是透，举报也不管用,苹果玩家-d279111e4f1d,1,14545528503,外挂与安全,负向,高,高优先级：优先排查反作弊链路，公开高频作弊类型处置进度,,,,,主题命中：全是透,中,3,主题命中：全是透
DFF-000212,苹果应用商店,https://itunes.apple.com/cn/review?id=1642894547&type=Purple%20Software,2026-09-15T05:10:52.261Z,2026-09-13T08:34:58-07:00,zh-CN,体验感贼差 死了进黑屋 不死也黑屋 在大厅罚站进黑屋 干啥都进黑屋,苹果玩家-ffd5722aa797,1,14545496234,客服与封禁,负向,高,高优先级：复核封禁与申诉工单，建立误封复查和响应时限,,,,,主题命中：黑屋；负向命中：差、黑屋,中,3,主题命中：黑屋；负向命中：差、黑屋
DFF-000213,苹果应用商店,https://itunes.apple.com/cn/review?id=1642894547&type=Purple%20Software,2026-09-15T05:10:52.261Z,2026-09-13T08:34:04-07:00,zh-CN,策划也是无敌了，爆率是真的低,苹果玩家-d829a707cf95,1,14545492912,搜打撤与经济,负向,中,复核爆率、物价与撤离收益曲线，评估经济回收节奏,,,,,主题命中：爆率,中,2,主题命中：爆率
DFF-000214,Steam,https://steamcommunity.com/app/2507950/reviews/?browsefilter=mostrecent,2026-09-15T05:10:52.261Z,2026-09-13T08:29:57.000Z,zh-CN,真实有趣,Steam玩家-60ef07518100,推荐,235168842,正向反馈,正向,低,沉淀正向口碑素材，并同步研发团队,,,,,正向命中：真实,中,1,正向命中：真实
DFF-000215,Steam,https://steamcommunity.com/app/2507950/reviews/?browsefilter=mostrecent,2026-09-15T05:10:52.261Z,2026-09-13T08:29:41.000Z,zh-CN,太神了，只有神才能玩,Steam玩家-610e5673f483,不推荐,235168829,其他,负向,中,进入人工复核队列，补充上下文后再归因,,,,,,低,2,
DFF-000216,Steam,https://steamcommunity.com/app/2507950/reviews/?browsefilter=mostrecent,2026-09-15T05:10:52.261Z,2026-09-13T08:21:57.000Z,tr,çok fazla güncelleme geliyor ve güncelleme boyutları inanılmaz gb kapsıyor oyundan soğutuyor oynanışı iyi ama bu sorun çözülmez se çok oynayıcı kaybeder,Steam玩家-73c0507b7c61,不推荐,235168430,性能与优化,负向,中,按设备与网络环境复现高频问题，优先修复阻塞型故障,,,,,主题命中：gb,中,2,主题命中：gb
DFF-000217,苹果应用商店,https://itunes.apple.com/cn/review?id=1642894547&type=Purple%20Software,2026-09-15T05:10:52.261Z,2026-09-13T08:17:36-07:00,zh-CN,打架很真实,苹果玩家-7f52472770e3,5,14545432920,正向反馈,正向,低,沉淀正向口碑素材，并同步研发团队,,,,,正向命中：真实,中,1,正向命中：真实
DFF-000218,苹果应用商店,https://itunes.apple.com/cn/review?id=1642894547&type=Purple%20Software,2026-09-15T05:10:52.261Z,2026-09-13T08:13:36-07:00,zh-CN,游戏机制就是一坨,苹果玩家-b3783bd16b51,1,14545418189,其他,负向,中,进入人工复核队列，补充上下文后再归因,,,,,负向命中：一坨,低,2,负向命中：一坨
DFF-000219,Steam,https://steamcommunity.com/app/2507950/reviews/?browsefilter=mostrecent,2026-09-15T05:10:52.261Z,2026-09-13T08:08:36.000Z,zh-CN,一进去全是开挂的，尤其是中文id基本全是挂,Steam玩家-10cbe277c9db,不推荐,235167710,外挂与安全,负向,严重,立即跟进：优先排查反作弊链路，公开高频作弊类型处置进度,,,,,主题命中：开挂；严重度命中：全是挂,中,4,主题命中：开挂；严重度命中：全是挂
DFF-000220,苹果应用商店,https://itunes.apple.com/cn/review?id=1642894547&type=Purple%20Software,2026-09-15T05:10:52.261Z,2026-09-13T07:56:05-07:00,zh-CN,根本撤不出来,苹果玩家-41de95a1afa8,1,14545353794,搜打撤与经济,负向,中,复核爆率、物价与撤离收益曲线，评估经济回收节奏,,,,,主题命中：撤不出来,中,2,主题命中：撤不出来
DFF-000221,Steam,https://steamcommunity.com/app/2507950/reviews/?browsefilter=mostrecent,2026-09-15T05:10:52.261Z,2026-09-13T07:51:41.000Z,en,"good, good, better than ark survival raiders",Steam玩家-99a051b1a026,推荐,235166817,正向反馈,正向,低,沉淀正向口碑素材，并同步研发团队,,,,,正向命中：good,中,1,正向命中：good
DFF-000222,苹果应用商店,https://itunes.apple.com/cn/review?id=1642894547&type=Purple%20Software,2026-09-15T05:10:52.261Z,2026-09-13T07:51:39-07:00,zh-CN,好玩好玩好玩开心好玩开心好玩开心好玩有意思好玩有意思好玩没意思,苹果玩家-1fb865dd4f8f,5,14545337729,正向反馈,正向,低,沉淀正向口碑素材，并同步研发团队,,,,,正向命中：好玩、有意思,中,1,正向命中：好玩、有意思
DFF-000223,苹果应用商店,https://itunes.apple.com/cn/review?id=1642894547&type=Purple%20Software,2026-09-15T05:10:52.261Z,2026-09-13T07:46:34-07:00,zh-CN,“我们并没有暗改”世界上最假的话,苹果玩家-23c6eab4ba07,1,14545319439,其他,负向,中,进入人工复核队列，补充上下文后再归因,,,,,负向命中：暗改,低,2,负向命中：暗改
DFF-000224,苹果应用商店,https://itunes.apple.com/cn/review?id=1642894547&type=Purple%20Software,2026-09-15T05:10:52.261Z,2026-09-13T07:41:34-07:00,zh-CN,太好玩了一把两颗心，还出了一条炫彩雷龙,苹果玩家-cf9fb829045e,5,14545301195,搜打撤与经济,正向,低,沉淀正向口碑素材，并同步研发团队,搜打撤与经济,正向,低,是,主题命中：两颗心、雷龙；正向命中：好玩,高,1,主题命中：两颗心、雷龙；正向命中：好玩
DFF-000225,苹果应用商店,https://itunes.apple.com/cn/review?id=1642894547&type=Purple%20Software,2026-09-15T05:10:52.261Z,2026-09-13T07:32:15-07:00,zh-CN,不明白，搞不懂，每次撤离都只差一点点，每次都被阴，官方给匹配的是什么玩意匹配机制，真搞不明白，一点游戏体验也没有了,苹果玩家-10be17eeb37e,1,14545267566,匹配与队友,负向,中,分析匹配池与单排体验，降低实力差距和摆烂影响,,,,,主题命中：匹配；负向命中：差,中,2,主题命中：匹配；负向命中：差
DFF-000226,苹果应用商店,https://itunes.apple.com/cn/review?id=1642894547&type=Purple%20Software,2026-09-15T05:10:52.261Z,2026-09-13T07:29:34-07:00,zh-CN,做三角洲游戏那帮专家能不能把游戏做好了啊，就最近这段时间在局内只要打架就回档瞬移网络延迟架枪回档网络延迟！而且我的手机卡流量卡都不行那张卡都回档！！还有游戏操作键位卡了一下我的键位全部消失了而且静步键都没了重新进游戏关机重启都不管用。我希望你们把这游戏漏洞给修复一下！谢谢,苹果玩家-0f03b36939d4,1,14545257812,界面与操作体验,负向,中,整理交互问题清单，优化设置、准星与操作反馈,,,,,主题命中：操作、键位、修复；负向命中：卡了,高,2,主题命中：操作、键位、修复；负向命中：卡了
DFF-000227,苹果应用商店,https://itunes.apple.com/cn/review?id=1642894547&type=Purple%20Software,2026-09-15T05:10:52.261Z,2026-09-13T07:27:58-07:00,zh-CN,纯狗屎游戏,苹果玩家-ffd7709f1f38,1,14545252126,其他,负向,中,进入人工复核队列，补充上下文后再归因,,,,,,低,2,
DFF-000228,Steam,https://steamcommunity.com/app/2507950/reviews/?browsefilter=mostrecent,2026-09-15T05:10:52.261Z,2026-09-13T07:26:52.000Z,fr,lourd,Steam玩家-eee67c0a9108,推荐,235165630,正向反馈,正向,低,沉淀正向口碑素材，并同步研发团队,,,,,,中,1,
DFF-000229,苹果应用商店,https://itunes.apple.com/cn/review?id=1642894547&type=Purple%20Software,2026-09-15T05:10:52.261Z,2026-09-13T07:22:49-07:00,zh-CN,你弄东西弄得好，人静也是不虚弱任务弄得非常傻*,苹果玩家-e92d54bd4e29,1,14545233422,任务与成长,负向,中,优化任务节奏、新手引导和奖励获得感,,,,,主题命中：任务,中,2,主题命中：任务
DFF-000230,苹果应用商店,https://itunes.apple.com/cn/review?id=1642894547&type=Purple%20Software,2026-09-15T05:10:52.261Z,2026-09-13T07:22:43-07:00,zh-CN,三角洲策划终于开智了，当年买不起的阿祖又回来了，而且这次买完还有富余！ 总之（我从来都不会输） 打开3/4比例，航天见。我将成为航天基地最豪的龙🤫🤫🤫🤫🤫🤫🤫🤫🤫🤫🤫🤫🤫🤫🤫🤫🤫🤫🤫🤫🤫🤫🤫🤫🤭🤫🤭😎😎😎😎😎😎😎😎😎😎😎😎👍,苹果玩家-8647862d31a6,5,14545233073,地图与模式,正向,低,沉淀正向口碑素材，并同步研发团队,,,,,主题命中：航天,中,1,主题命中：航天
DFF-000231,苹果应用商店,https://itunes.apple.com/cn/review?id=1642894547&type=Purple%20Software,2026-09-15T05:10:52.261Z,2026-09-13T07:14:50-07:00,zh-CN,藏宝图活动恶心人 拉完了,苹果玩家-dbc8c6ac6170,1,14545204263,任务与成长,负向,中,优化任务节奏、新手引导和奖励获得感,,,,,主题命中：活动；负向命中：恶心、恶心人,中,2,主题命中：活动；负向命中：恶心、恶心人
DFF-000232,Steam,https://steamcommunity.com/app/2507950/reviews/?browsefilter=mostrecent,2026-09-15T05:10:52.261Z,2026-09-13T07:13:45.000Z,fr,"très bon jeu et passe-temps je recommande fortement,",Steam玩家-af4e3501ee0a,推荐,235165025,正向反馈,正向,低,沉淀正向口碑素材，并同步研发团队,,,,,,中,1,
DFF-000233,苹果应用商店,https://itunes.apple.com/cn/review?id=1642894547&type=Purple%20Software,2026-09-15T05:10:52.261Z,2026-09-13T07:11:38-07:00,zh-CN,我玩这个游戏是真的给我匹配到第11名的对手，这怎么玩？根本对不过这匹配系统简直太变态了。,苹果玩家-6b5dc0c38199,1,14545192501,匹配与队友,负向,中,分析匹配池与单排体验，降低实力差距和摆烂影响,,,,,主题命中：匹配,中,2,主题命中：匹配
DFF-000234,苹果应用商店,https://itunes.apple.com/cn/review?id=1642894547&type=Purple%20Software,2026-09-15T05:10:52.261Z,2026-09-13T07:06:38-07:00,zh-CN,原本就正常打游戏，打不过就要被别人鞭尸，很难受，原本就出不了红，结果还要被别人鞭尸，嘲讽游戏体验感和兴趣大幅度下降,苹果玩家-15b2e8f5c8fb,5,14545174424,其他,负向,低,进入人工复核队列，补充上下文后再归因,,,,,负向命中：难受,低,1,负向命中：难受
DFF-000235,苹果应用商店,https://itunes.apple.com/cn/review?id=1642894547&type=Purple%20Software,2026-09-15T05:10:52.261Z,2026-09-13T07:01:43-07:00,zh-CN,我都下载完了还在显示正在下载网络是正常,苹果玩家-e6ca55b9d108,4,14545156659,性能与优化,正向,低,沉淀正向口碑素材，并同步研发团队,,,,,主题命中：网络,中,1,主题命中：网络
DFF-000236,苹果应用商店,https://itunes.apple.com/cn/review?id=1642894547&type=Purple%20Software,2026-09-15T05:10:52.261Z,2026-09-13T06:58:03-07:00,zh-CN,三角洲太好玩了把我的暴率增高点呗,苹果玩家-3931564aecd3,5,14545143378,搜打撤与经济,正向,低,沉淀正向口碑素材，并同步研发团队,,,,,主题命中：暴率；正向命中：好玩,中,1,主题命中：暴率；正向命中：好玩
DFF-000237,苹果应用商店,https://itunes.apple.com/cn/review?id=1642894547&type=Purple%20Software,2026-09-15T05:10:52.261Z,2026-09-13T06:47:21-07:00,zh-CN,我，曾经是一个和平地铁玩家，每天就是在一图，赚了一个亿，（太久没玩了，可能名字叫不对）有一天和平要更新，但是我手机内存不够了，就“暂时”给他删了，转了三角洲，已经打了一年了，在三角洲摸到了两颗非洲之心，身边的兄弟都在让我回归，可当我游戏升级到绝密航天时，我就已经回不去了，这里的游戏打击感比和平好得多，鞭尸的也少（我的遇到）没有遇到很多没有素质的小辣条，现在怎么说都回不去了（顺便一提，新手别染上绝密航天！！！）,苹果玩家-61b436719c70,5,14545105323,性能与优化,正向,低,沉淀正向口碑素材，并同步研发团队,,,,,主题命中：内存,中,1,主题命中：内存
DFF-000238,Steam,https://steamcommunity.com/app/2507950/reviews/?browsefilter=mostrecent,2026-09-15T05:10:52.261Z,2026-09-13T06:44:59.000Z,ru,игра бомба чем то похожа на arena breakout всем советую,Steam玩家-a412c32c1d0d,推荐,235163645,正向反馈,正向,低,沉淀正向口碑素材，并同步研发团队,,,,,,中,1,
DFF-000239,苹果应用商店,https://itunes.apple.com/cn/review?id=1642894547&type=Purple%20Software,2026-09-15T05:10:52.261Z,2026-09-13T06:41:34-07:00,zh-CN,人机给我两枪头我就没了，补偿局又给我强度太高拉完了天天连败别玩，别玩，千万别玩！,苹果玩家-0abac46a75d2,1,14545084997,匹配与队友,负向,中,分析匹配池与单排体验，降低实力差距和摆烂影响,,,,,主题命中：人机；负向命中：千万别、别玩,中,2,主题命中：人机；负向命中：千万别、别玩
DFF-000240,Steam,https://steamcommunity.com/app/2507950/reviews/?browsefilter=mostrecent,2026-09-15T05:10:52.261Z,2026-09-13T06:21:48.000Z,tr,donuyor,Steam玩家-28f1d922c418,不推荐,235162533,其他,负向,中,进入人工复核队列，补充上下文后再归因,,,,,,低,2,
DFF-000241,苹果应用商店,https://itunes.apple.com/cn/review?id=1642894547&type=Purple%20Software,2026-09-15T05:10:52.261Z,2026-09-13T06:19:17-07:00,zh-CN,原来的出圈的鼠鼠文化和纯粹的游戏玩法到现在航天全是工程位的游戏环境 永远都是一队没打完又来一队 对面一直给道具 这游戏直接把枪全删了只给道具得了,苹果玩家-645c5ee9dbb3,5,14545007485,地图与模式,正向,低,沉淀正向口碑素材，并同步研发团队,,,,,主题命中：玩法、航天,高,1,主题命中：玩法、航天
DFF-000242,苹果应用商店,https://itunes.apple.com/cn/review?id=1642894547&type=Purple%20Software,2026-09-15T05:10:52.261Z,2026-09-13T06:12:36-07:00,zh-CN,司凤三角洲加点暴率啊,苹果玩家-9b1fb056ff77,2,14544985070,搜打撤与经济,负向,低,复核爆率、物价与撤离收益曲线，评估经济回收节奏,,,,,主题命中：暴率,中,1,主题命中：暴率
DFF-000243,苹果应用商店,https://itunes.apple.com/cn/review?id=1642894547&type=Purple%20Software,2026-09-15T05:10:52.261Z,2026-09-13T06:11:05-07:00,zh-CN,我去游戏真好玩，全都是大红我真爱玩这游戏，真好玩感觉游戏很好玩,苹果玩家-3847dd9b540d,5,14544979984,搜打撤与经济,正向,低,沉淀正向口碑素材，并同步研发团队,,,,,主题命中：大红；正向命中：好玩,中,1,主题命中：大红；正向命中：好玩
DFF-000244,苹果应用商店,https://itunes.apple.com/cn/review?id=1642894547&type=Purple%20Software,2026-09-15T05:10:52.261Z,2026-09-13T06:06:18-07:00,zh-CN,喜欢海盗 多来点哈 钓鱼打绿裤子 反杀一把一百万舒畅啊 来一次我噶你一次海盗你记住,苹果玩家-b9e2a2ec3746,5,14544963819,搜打撤与经济,正向,低,沉淀正向口碑素材，并同步研发团队,,,,,主题命中：钓鱼；正向命中：喜欢,中,1,主题命中：钓鱼；正向命中：喜欢
DFF-000245,苹果应用商店,https://itunes.apple.com/cn/review?id=1642894547&type=Purple%20Software,2026-09-15T05:10:52.261Z,2026-09-13T06:03:35-07:00,zh-CN,本来打算回归继续玩 给新英雄一条狗追着咬 蓝室二楼 绳索下来 不知道怎么追上的 满血咬到死 直接破防 前前后后也充了大几千块 要爆率没爆率 零氪的比糖王还糖王,苹果玩家-c77a86ce101f,2,14544954917,搜打撤与经济,负向,中,复核爆率、物价与撤离收益曲线，评估经济回收节奏,,,,,主题命中：爆率,中,2,主题命中：爆率
DFF-000246,苹果应用商店,https://itunes.apple.com/cn/review?id=1642894547&type=Purple%20Software,2026-09-15T05:10:52.261Z,2026-09-13T05:58:43-07:00,zh-CN,没什么好说的，中立,苹果玩家-f8002766e0c3,5,14544938703,正向反馈,正向,低,沉淀正向口碑素材，并同步研发团队,,,,,,中,1,
DFF-000247,苹果应用商店,https://itunes.apple.com/cn/review?id=1642894547&type=Purple%20Software,2026-09-15T05:10:52.261Z,2026-09-13T05:58:27-07:00,zh-CN,一天打几千万破产了然后摸的容器全都是小蓝小紫一个大红都没见过上个赛季就没有吃过一次大红什么破游戏,苹果玩家-e527da3ae4d0,1,14544937801,搜打撤与经济,负向,中,复核爆率、物价与撤离收益曲线，评估经济回收节奏,,,,,主题命中：大红,中,2,主题命中：大红
DFF-000248,苹果应用商店,https://itunes.apple.com/cn/review?id=1642894547&type=Purple%20Software,2026-09-15T05:10:52.261Z,2026-09-13T05:54:22-07:00,zh-CN,那些黑粉玩不了就不要玩，我觉得官方做得很好，也是肉眼可见的改进，而且福利也很多,苹果玩家-407936ace7ac,5,14544924491,任务与成长,混合,严重,立即跟进：优化任务节奏、新手引导和奖励获得感,,,,,主题命中：福利；正向命中：改进；负向命中：玩不了；严重度命中：玩不了,中,4,主题命中：福利；正向命中：改进；负向命中：玩不了；严重度命中：玩不了
DFF-000249,苹果应用商店,https://itunes.apple.com/cn/review?id=1642894547&type=Purple%20Software,2026-09-15T05:10:52.261Z,2026-09-13T05:51:27-07:00,zh-CN,😄😄😄😄😄😁😁😁😁😁😁😃😃😃😃😀😀😍😍😍🥰🥰🥰🥰😘😘😘😘,苹果玩家-9fac8e7d9a70,5,14544915083,正向反馈,正向,低,沉淀正向口碑素材，并同步研发团队,,,,,,中,1,
DFF-000250,Steam,https://steamcommunity.com/app/2507950/reviews/?browsefilter=mostrecent,2026-09-15T05:10:52.261Z,2026-09-13T05:48:59.000Z,zh-CN,傻逼游戏,Steam玩家-e63131131650,不推荐,235160978,其他,负向,中,进入人工复核队列，补充上下文后再归因,,,,,,低,2,
DFF-000251,苹果应用商店,https://itunes.apple.com/cn/review?id=1642894547&type=Purple%20Software,2026-09-15T05:10:52.261Z,2026-09-13T05:47:36-07:00,zh-CN,钓鱼总是钓不到什么好鱼,苹果玩家-056c154af5d1,1,14544902609,搜打撤与经济,负向,中,复核爆率、物价与撤离收益曲线，评估经济回收节奏,,,,,主题命中：钓鱼,中,2,主题命中：钓鱼
DFF-000252,苹果应用商店,https://itunes.apple.com/cn/review?id=1642894547&type=Purple%20Software,2026-09-15T05:10:52.261Z,2026-09-13T05:42:17-07:00,zh-CN,一分都不想给。晚上就匹配一枪爆头的吸附的 包括但不限于唐人野排队友。队友实力和敌人不成正比你告我怎么打？？,苹果玩家-492848a47dfb,1,14544885327,匹配与队友,负向,中,分析匹配池与单排体验，降低实力差距和摆烂影响,,,,,主题命中：匹配、队友,高,2,主题命中：匹配、队友
DFF-000253,TapTap,https://www.taptap.cn/app/330259/review,2026-09-15T05:10:52.261Z,2026-09-13T05:41:04.000Z,zh-CN,通行证免费线直接给旅人，不氪也能凑齐整套支援体系，新赛季开局就白嫖到核心干员,TapTap玩家-607d54106002,5,50400723,武器与干员平衡,正向,低,沉淀正向口碑素材，并同步研发团队,,,,,主题命中：干员,中,1,主题命中：干员
DFF-000254,苹果应用商店,https://itunes.apple.com/cn/review?id=1642894547&type=Purple%20Software,2026-09-15T05:10:52.261Z,2026-09-13T05:35:54-07:00,zh-CN,爆率太感人,苹果玩家-b9efe08b822f,5,14544864657,搜打撤与经济,正向,低,沉淀正向口碑素材，并同步研发团队,,,,,主题命中：爆率,中,1,主题命中：爆率
DFF-000255,Steam,https://steamcommunity.com/app/2507950/reviews/?browsefilter=mostrecent,2026-09-15T05:10:52.261Z,2026-09-13T05:33:41.000Z,en,"Load into game die lobby, new game die one kill die",Steam玩家-116de1b962d2,推荐,235160279,正向反馈,正向,低,沉淀正向口碑素材，并同步研发团队,,,,,,中,1,
DFF-000256,苹果应用商店,https://itunes.apple.com/cn/review?id=1642894547&type=Purple%20Software,2026-09-15T05:10:52.261Z,2026-09-13T05:32:36-07:00,zh-CN,策划你最好给我个解释，给我匹配一堆六套，一把没撤出来,苹果玩家-f376a2220d7f,1,14544854176,匹配与队友,负向,中,分析匹配池与单排体验，降低实力差距和摆烂影响,,,,,主题命中：匹配,中,2,主题命中：匹配
DFF-000257,苹果应用商店,https://itunes.apple.com/cn/review?id=1642894547&type=Purple%20Software,2026-09-15T05:10:52.261Z,2026-09-13T05:32:13-07:00,zh-CN,爆率真的低,苹果玩家-bb3bba42cecc,5,14544852935,搜打撤与经济,正向,低,沉淀正向口碑素材，并同步研发团队,,,,,主题命中：爆率,中,1,主题命中：爆率
DFF-000258,TapTap,https://www.taptap.cn/app/330259/review,2026-09-15T05:10:52.261Z,2026-09-13T05:25:26.000Z,zh-CN,喜欢刚枪的直接冲摩格，近距离交火点一堆，突击配支援打的很顺，城市战味儿比老图浓多了,TapTap玩家-c7ac74c37555,5,50400582,正向反馈,正向,低,沉淀正向口碑素材，并同步研发团队,,,,,正向命中：喜欢,中,1,正向命中：喜欢
DFF-000259,Steam,https://steamcommunity.com/app/2507950/reviews/?browsefilter=mostrecent,2026-09-15T05:10:52.261Z,2026-09-13T05:23:58.000Z,zh-CN,下载了半天居然不能玩，还要下个什么防作弊的软件，不下作弊的软件就不能玩，什么意思，无语，白浪费我花了一天多的时间下载，真无语...................................... 果断卸载！！！！,Steam玩家-ee0038c33925,不推荐,235159833,外挂与安全,负向,高,高优先级：优先排查反作弊链路，公开高频作弊类型处置进度,,,,,主题命中：作弊；负向命中：无语、作弊、不能玩,中,3,主题命中：作弊；负向命中：无语、作弊、不能玩
DFF-000260,Steam,https://steamcommunity.com/app/2507950/reviews/?browsefilter=mostrecent,2026-09-15T05:10:52.261Z,2026-09-13T05:22:02.000Z,zh-CN,黑屋局太多了,Steam玩家-d6832109f7ce,不推荐,235159750,客服与封禁,负向,中,复核封禁与申诉工单，建立误封复查和响应时限,,,,,主题命中：黑屋；负向命中：黑屋,中,2,主题命中：黑屋；负向命中：黑屋
DFF-000261,苹果应用商店,https://itunes.apple.com/cn/review?id=1642894547&type=Purple%20Software,2026-09-15T05:10:52.261Z,2026-09-13T05:20:43-07:00,zh-CN,爆率越来越差了真没招了只能吃装备赚,苹果玩家-86ee8673f91c,1,14544816927,搜打撤与经济,负向,中,复核爆率、物价与撤离收益曲线，评估经济回收节奏,,,,,主题命中：爆率；负向命中：差,中,2,主题命中：爆率；负向命中：差
DFF-000262,苹果应用商店,https://itunes.apple.com/cn/review?id=1642894547&type=Purple%20Software,2026-09-15T05:10:52.261Z,2026-09-13T05:13:09-07:00,zh-CN,三角洲好死,苹果玩家-899f5f0e4f29,1,14544793886,其他,负向,中,进入人工复核队列，补充上下文后再归因,,,,,,低,2,
DFF-000263,苹果应用商店,https://itunes.apple.com/cn/review?id=1642894547&type=Purple%20Software,2026-09-15T05:10:52.261Z,2026-09-13T05:12:32-07:00,zh-CN,人机能两枪给我打死了🤣🤣🤣不会做游戏，你做啥游戏？😂😂😂👉🤑,苹果玩家-a0abc965d856,1,14544791984,匹配与队友,负向,中,分析匹配池与单排体验，降低实力差距和摆烂影响,,,,,主题命中：人机,中,2,主题命中：人机
DFF-000264,苹果应用商店,https://itunes.apple.com/cn/review?id=1642894547&type=Purple%20Software,2026-09-15T05:10:52.261Z,2026-09-13T05:01:57-07:00,zh-CN,下载资源限速,苹果玩家-78ff32228d1a,1,14544759932,性能与优化,负向,中,按设备与网络环境复现高频问题，优先修复阻塞型故障,性能与优化,负向,中,是,主题命中：限速、下载资源；负向命中：限速,高,2,主题命中：限速、下载资源；负向命中：限速
DFF-000265,苹果应用商店,https://itunes.apple.com/cn/review?id=1642894547&type=Purple%20Software,2026-09-15T05:10:52.261Z,2026-09-13T05:00:23-07:00,zh-CN,匹配系统一直不当人全给你匹配黑屋局,苹果玩家-f41bcd05f7b5,1,14544755094,匹配与队友,负向,中,分析匹配池与单排体验，降低实力差距和摆烂影响,,,,,主题命中：匹配、黑屋局；负向命中：黑屋,高,2,主题命中：匹配、黑屋局；负向命中：黑屋
DFF-000266,苹果应用商店,https://itunes.apple.com/cn/review?id=1642894547&type=Purple%20Software,2026-09-15T05:10:52.261Z,2026-09-13T04:57:43-07:00,zh-CN,我就想不通了，然后走着走着就回溯一段距离就卡一下卡一下的，只是新版本更新了真的很差吗？比如说红狼开大跑得很快，然后就有时会往后退一点距离，我不知道是我手机的设置有问题还是游戏自己有问题,苹果玩家-734c805e58cf,4,14544747046,武器与干员平衡,正向,低,沉淀正向口碑素材，并同步研发团队,,,,,主题命中：红狼；负向命中：差,中,1,主题命中：红狼；负向命中：差
DFF-000267,苹果应用商店,https://itunes.apple.com/cn/review?id=1642894547&type=Purple%20Software,2026-09-15T05:10:52.261Z,2026-09-13T04:52:18-07:00,zh-CN,纯纯电子垃圾坑害孩子,苹果玩家-7307ae027411,1,14544731161,其他,负向,中,进入人工复核队列，补充上下文后再归因,,,,,负向命中：垃圾、坑,低,2,负向命中：垃圾、坑
DFF-000268,Steam,https://steamcommunity.com/app/2507950/reviews/?browsefilter=mostrecent,2026-09-15T05:10:52.261Z,2026-09-13T04:49:33.000Z,zh-CN,中国人能飞,Steam玩家-240054ad922d,不推荐,235158117,其他,负向,中,进入人工复核队列，补充上下文后再归因,,,,,,低,2,
DFF-000269,苹果应用商店,https://itunes.apple.com/cn/review?id=1642894547&type=Purple%20Software,2026-09-15T05:10:52.261Z,2026-09-13T04:30:14-07:00,zh-CN,要是暴率再高点就可以,苹果玩家-f6ecf1bd73a8,5,14544667838,搜打撤与经济,正向,低,沉淀正向口碑素材，并同步研发团队,,,,,主题命中：暴率,中,1,主题命中：暴率
DFF-000270,苹果应用商店,https://itunes.apple.com/cn/review?id=1642894547&type=Purple%20Software,2026-09-15T05:10:52.261Z,2026-09-13T04:28:39-07:00,zh-CN,要是能给满分就好了，要是他那个评论是10.0就好了三百分真好玩，希望官方看见,苹果玩家-c67e9ac3285e,5,14544663352,正向反馈,正向,低,沉淀正向口碑素材，并同步研发团队,,,,,正向命中：好玩,中,1,正向命中：好玩
DFF-000271,苹果应用商店,https://itunes.apple.com/cn/review?id=1642894547&type=Purple%20Software,2026-09-15T05:10:52.261Z,2026-09-13T04:22:52-07:00,zh-CN,神人三角洲,苹果玩家-e05f3de44d2f,1,14544647345,其他,负向,中,进入人工复核队列，补充上下文后再归因,,,,,,低,2,
DFF-000272,苹果应用商店,https://itunes.apple.com/cn/review?id=1642894547&type=Purple%20Software,2026-09-15T05:10:52.261Z,2026-09-13T04:20:46-07:00,zh-CN,液氮才来一个赛季多一点点就已经被削了六轮，我好不容易学会了怎么好好的使用这个干员，结果看着他一点一点的被削弱，真的不想说了，之前五个震撼蛋可以打死的人，现在不知道多少个了去还有一些人说液氮太高强度了，我想知道官方你能就不听那些人吗？那些人就打不过呢我没有任何想削弱其他的干员的想法，每一个干员都有自己的特点，强度高低也肯定是不同的，只是可不可以把这个干员一开始出来的时候就把这个的属性全部一起调整好，我看着他一点一点被消掉，我的手感一点一点掉下去了,苹果玩家-0f2ebcb919af,1,14544641449,武器与干员平衡,负向,中,结合胜率与出场率评估武器和干员强度,,,,,主题命中：干员、削弱、削、液氮,高,2,主题命中：干员、削弱、削、液氮
DFF-000273,苹果应用商店,https://itunes.apple.com/cn/review?id=1642894547&type=Purple%20Software,2026-09-15T05:10:52.261Z,2026-09-13T04:13:47-07:00,zh-CN,大坝老爹,苹果玩家-04473e0e50f7,5,14544622076,地图与模式,正向,低,沉淀正向口碑素材，并同步研发团队,,,,,主题命中：大坝,中,1,主题命中：大坝
DFF-000274,Steam,https://steamcommunity.com/app/2507950/reviews/?browsefilter=mostrecent,2026-09-15T05:10:52.261Z,2026-09-13T04:12:06.000Z,zh-CN,可玩性很高，但是不算好游戏,Steam玩家-684c0d8e2cee,不推荐,235156280,其他,负向,中,进入人工复核队列，补充上下文后再归因,,,,,,低,2,
DFF-000275,苹果应用商店,https://itunes.apple.com/cn/review?id=1642894547&type=Purple%20Software,2026-09-15T05:10:52.261Z,2026-09-13T04:11:47-07:00,zh-CN,刚开始接触感觉挺好玩。到后面没法玩天天亏钱,苹果玩家-fb1a24c452de,1,14544616658,其他,负向,严重,立即跟进：进入人工复核队列，补充上下文后再归因,,,,,正向命中：好玩；严重度命中：没法玩,低,4,正向命中：好玩；严重度命中：没法玩
DFF-000276,Steam,https://steamcommunity.com/app/2507950/reviews/?browsefilter=mostrecent,2026-09-15T05:10:52.261Z,2026-09-13T04:11:12.000Z,ja,評価微妙でも何戦か遊んでみるのがいいと思いますよ インストール後右上から追加のマップをDL、ランクマッチをONしないとマッチし辛いかも ランクってついてるけどへたくそでも気にせず遊べばOK グラフィックのわりに処理が軽い（ストレージはかなり使う） 武器のカスタマイズが豊富、変化も判りやすいのでパラメーター弄るの好きな人は刺さる ウォーフェアモード(BFライク)の勝敗は結構攻め守り共に逆転するのでバランスのいいマップになってるかな 課金システムも強さに影響しないタイプ（スキンや解放の時短等） 各キャラクターも個性があって使ってて楽しい クエスト的な目標もあってマンネリ化しないように気遣ってるかも 守り側はユニット無限、攻め側の残りユニット0まで防衛すれば勝利 攻め側は戦況に応じて救護を待つか残りユニットを消費してリスポーンするか選択←これ大事 オペレーションモード（脱出シューター）もあまり遊んでないけど緊張感や達成感あると思います,Steam玩家-08b3541989f1,推荐,235156232,武器与干员平衡,正向,低,沉淀正向口碑素材，并同步研发团队,,,,,主题命中：武器,中,1,主题命中：武器
DFF-000277,苹果应用商店,https://itunes.apple.com/cn/review?id=1642894547&type=Purple%20Software,2026-09-15T05:10:52.261Z,2026-09-13T04:10:59-07:00,zh-CN,越玩越失望，真心劝退普通玩家。该削弱的强势内容迟迟不调整，强度失衡完全摆烂不管。游戏物价一路飙升，子弹、护甲、改枪配件价格贵得离谱，随便配一套装备成本极高，打输一把直接亏空仓库，越打越穷，经济系统彻底崩坏，阴间干员不削弱 各种丧失户口本的打法 对局环境更是阴间，根本不是正常对枪博弈。到处都是蹲点阴人、套路偷袭的非人类打法，不拼枪法拼蹲守，辛辛苦苦搜半天，还没见到人就被阴掉，几十分钟努力直接白费。正常猛攻玩家体验极差，玩得身心俱疲。希望策划正视平衡、物价和对局环境问题，不要一味消耗老玩家耐心。不会做游戏就别做了,苹果玩家-3cd279ad5c6c,1,14544614415,武器与干员平衡,负向,高,高优先级：结合胜率与出场率评估武器和干员强度,,,,,主题命中：干员、平衡、削弱、削、子弹、强势；负向命中：差、烂、失望、离谱、劝退、崩,高,3,主题命中：干员、平衡、削弱、削、子弹、强势；负向命中：差、烂、失望、离谱、劝退、崩
DFF-000278,苹果应用商店,https://itunes.apple.com/cn/review?id=1642894547&type=Purple%20Software,2026-09-15T05:10:52.261Z,2026-09-13T04:10:13-07:00,zh-CN,没吃过屎的来玩,苹果玩家-84cf9f1218d2,1,14544612266,其他,负向,中,进入人工复核队列，补充上下文后再归因,,,,,,低,2,
DFF-000279,苹果应用商店,https://itunes.apple.com/cn/review?id=1642894547&type=Purple%20Software,2026-09-15T05:10:52.261Z,2026-09-13T04:03:46-07:00,zh-CN,人机加个强制处决 加血量上限 加位移 加技能烦人不说 你不打他他还追着打,苹果玩家-b6d59dafa7f7,1,14544594744,匹配与队友,负向,中,分析匹配池与单排体验，降低实力差距和摆烂影响,,,,,主题命中：人机,中,2,主题命中：人机
DFF-000280,苹果应用商店,https://itunes.apple.com/cn/review?id=1642894547&type=Purple%20Software,2026-09-15T05:10:52.261Z,2026-09-13T03:46:19-07:00,zh-CN,非常好玩,苹果玩家-58490a873e4b,5,14544548257,正向反馈,正向,低,沉淀正向口碑素材，并同步研发团队,,,,,正向命中：好玩,中,1,正向命中：好玩
DFF-000281,苹果应用商店,https://itunes.apple.com/cn/review?id=1642894547&type=Purple%20Software,2026-09-15T05:10:52.261Z,2026-09-13T03:44:08-07:00,zh-CN,很好玩很推荐,苹果玩家-4061ef6ad37f,5,14544542479,正向反馈,正向,低,沉淀正向口碑素材，并同步研发团队,,,,,正向命中：好玩、推荐,中,1,正向命中：好玩、推荐
DFF-000282,苹果应用商店,https://itunes.apple.com/cn/review?id=1642894547&type=Purple%20Software,2026-09-15T05:10:52.261Z,2026-09-13T03:44:05-07:00,zh-CN,ai加强了，闪退王,苹果玩家-71e9fdb8aca1,1,14544542341,性能与优化,负向,严重,立即跟进：按设备与网络环境复现高频问题，优先修复阻塞型故障,,,,,主题命中：闪退；严重度命中：闪退,中,4,主题命中：闪退；严重度命中：闪退
DFF-000283,苹果应用商店,https://itunes.apple.com/cn/review?id=1642894547&type=Purple%20Software,2026-09-15T05:10:52.261Z,2026-09-13T03:39:09-07:00,zh-CN,为什么更新要把所有东西再下一遍啊？能改一改吗？,苹果玩家-1d9185ac4156,5,14544529304,正向反馈,正向,低,沉淀正向口碑素材，并同步研发团队,,,,,,中,1,
DFF-000284,苹果应用商店,https://itunes.apple.com/cn/review?id=1642894547&type=Purple%20Software,2026-09-15T05:10:52.261Z,2026-09-13T03:33:42-07:00,zh-CN,作为藏品收集玩家，错过了逆战联动巨兽机甲。希望后续赛季开放限时返场，给晚入坑玩家一次正常获取的机会，不用冒险对局互换，感谢！,苹果玩家-37a241ae1fea,5,14544515018,付费与通行证,正向,低,沉淀正向口碑素材，并同步研发团队,,,,,主题命中：返场、联动；负向命中：坑,高,1,主题命中：返场、联动；负向命中：坑
DFF-000285,苹果应用商店,https://itunes.apple.com/cn/review?id=1642894547&type=Purple%20Software,2026-09-15T05:10:52.261Z,2026-09-13T03:33:32-07:00,zh-CN,你确定现在的匹配机制合理吗 完全玩不了 策划以及工资的人你们去玩玩你们觉得舒服嘛 游戏不是用了愉悦的嘛你现在反而觉得越打越无趣你们好好改改吧,苹果玩家-069f17715f92,1,14544514568,匹配与队友,混合,严重,立即跟进：分析匹配池与单排体验，降低实力差距和摆烂影响,,,,,主题命中：匹配；正向命中：舒服；负向命中：玩不了；严重度命中：玩不了,中,4,主题命中：匹配；正向命中：舒服；负向命中：玩不了；严重度命中：玩不了
DFF-000286,Steam,https://steamcommunity.com/app/2507950/reviews/?browsefilter=mostrecent,2026-09-15T05:10:52.261Z,2026-09-13T03:29:46.000Z,pt-BR,"Cara, é uma cópia de BF com aparelhos tecnologicos que se assemelham a poderzinho, pra quem quer jogar bf e não tem dinheiro pra comprar é uma boa pedida, e toda temporada ele se renova",Steam玩家-b6ce90bd1217,推荐,235154352,正向反馈,正向,低,沉淀正向口碑素材，并同步研发团队,,,,,,中,1,
DFF-000287,苹果应用商店,https://itunes.apple.com/cn/review?id=1642894547&type=Purple%20Software,2026-09-15T05:10:52.261Z,2026-09-13T03:17:45-07:00,zh-CN,暴率太低了求加 暴率,苹果玩家-93ef8c7f4057,5,14544473722,搜打撤与经济,负向,低,复核爆率、物价与撤离收益曲线，评估经济回收节奏,,,,,主题命中：暴率；负向命中：太低了,中,1,主题命中：暴率；负向命中：太低了
DFF-000288,苹果应用商店,https://itunes.apple.com/cn/review?id=1642894547&type=Purple%20Software,2026-09-15T05:10:52.261Z,2026-09-13T03:12:22-07:00,zh-CN,现在这个游戏玩不了一点,苹果玩家-acbbc27dbfe0,1,14544459932,其他,负向,严重,立即跟进：进入人工复核队列，补充上下文后再归因,,,,,负向命中：玩不了；严重度命中：玩不了,低,4,负向命中：玩不了；严重度命中：玩不了
DFF-000289,苹果应用商店,https://itunes.apple.com/cn/review?id=1642894547&type=Purple%20Software,2026-09-15T05:10:52.261Z,2026-09-13T03:07:15-07:00,zh-CN,一切都是虚无的，人类其实也并不算生命体看你的利益怎么样,苹果玩家-339b4204967d,2,14544446697,其他,负向,低,进入人工复核队列，补充上下文后再归因,,,,,,低,1,
DFF-000290,苹果应用商店,https://itunes.apple.com/cn/review?id=1642894547&type=Purple%20Software,2026-09-15T05:10:52.261Z,2026-09-13T03:03:33-07:00,zh-CN,暴率那么低，不提升暴率,苹果玩家-6b35cc320308,1,14544437075,搜打撤与经济,负向,中,复核爆率、物价与撤离收益曲线，评估经济回收节奏,,,,,主题命中：暴率,中,2,主题命中：暴率
DFF-000291,苹果应用商店,https://itunes.apple.com/cn/review?id=1642894547&type=Purple%20Software,2026-09-15T05:10:52.261Z,2026-09-13T03:03:33-07:00,zh-CN,介绍的不好有时候很难找到，需要的地方很容易记错，需要发很久福利也比较一般,苹果玩家-5651bcb648aa,3,14544437077,任务与成长,中性,低,优化任务节奏、新手引导和奖励获得感,,,,,主题命中：福利,中,1,主题命中：福利
DFF-000292,Steam,https://steamcommunity.com/app/2507950/reviews/?browsefilter=mostrecent,2026-09-15T05:10:52.261Z,2026-09-13T03:00:38.000Z,zh-CN,大概十几把团队死斗 唯一赢的一把杀10个 其余输的全是30个左右 我知道我菜 但官方你没必要这么羞辱我吧,Steam玩家-7873dde5701b,不推荐,235152882,其他,负向,中,进入人工复核队列，补充上下文后再归因,,,,,,低,2,
DFF-000293,苹果应用商店,https://itunes.apple.com/cn/review?id=1642894547&type=Purple%20Software,2026-09-15T05:10:52.261Z,2026-09-13T02:58:36-07:00,zh-CN,不会做游戏别做,苹果玩家-7e0d2c7347c5,1,14544424336,其他,负向,中,进入人工复核队列，补充上下文后再归因,,,,,,低,2,
DFF-000294,苹果应用商店,https://itunes.apple.com/cn/review?id=1642894547&type=Purple%20Software,2026-09-15T05:10:52.261Z,2026-09-13T02:57:42-07:00,zh-CN,老整一堆恶心人玩意的任务,苹果玩家-3ce11de0e813,1,14544422003,任务与成长,负向,中,优化任务节奏、新手引导和奖励获得感,,,,,主题命中：任务；负向命中：恶心、恶心人,中,2,主题命中：任务；负向命中：恶心、恶心人
DFF-000295,苹果应用商店,https://itunes.apple.com/cn/review?id=1642894547&type=Purple%20Software,2026-09-15T05:10:52.261Z,2026-09-13T02:56:28-07:00,zh-CN,特别难玩，千万别下,苹果玩家-a16b826d9092,1,14544418889,其他,负向,中,进入人工复核队列，补充上下文后再归因,,,,,负向命中：千万别、别下,低,2,负向命中：千万别、别下
DFF-000296,苹果应用商店,https://itunes.apple.com/cn/review?id=1642894547&type=Purple%20Software,2026-09-15T05:10:52.261Z,2026-09-13T02:51:24-07:00,zh-CN,玩这个游戏,苹果玩家-29b559c1ce0e,5,14544405923,正向反馈,正向,低,沉淀正向口碑素材，并同步研发团队,,,,,,中,1,
DFF-000297,苹果应用商店,https://itunes.apple.com/cn/review?id=1642894547&type=Purple%20Software,2026-09-15T05:10:52.261Z,2026-09-13T02:49:12-07:00,zh-CN,拉完了 爆率是不高 黑屋一定是要进的,苹果玩家-43e1bbe536a6,1,14544400370,客服与封禁,负向,高,高优先级：复核封禁与申诉工单，建立误封复查和响应时限,,,,,主题命中：黑屋；负向命中：黑屋,中,3,主题命中：黑屋；负向命中：黑屋
DFF-000298,苹果应用商店,https://itunes.apple.com/cn/review?id=1642894547&type=Purple%20Software,2026-09-15T05:10:52.261Z,2026-09-13T02:47:11-07:00,zh-CN,真的超好玩呀我去,苹果玩家-b06c1781ec21,5,14544395232,正向反馈,正向,低,沉淀正向口碑素材，并同步研发团队,,,,,正向命中：好玩,中,1,正向命中：好玩
DFF-000299,苹果应用商店,https://itunes.apple.com/cn/review?id=1642894547&type=Purple%20Software,2026-09-15T05:10:52.261Z,2026-09-13T02:44:26-07:00,zh-CN,好玩好玩好玩好玩好玩好玩好玩好玩好玩好玩好玩好玩好玩,苹果玩家-d11fce2c5c9a,5,14544388199,正向反馈,正向,低,沉淀正向口碑素材，并同步研发团队,正向反馈,正向,低,是,正向命中：好玩,中,1,正向命中：好玩
DFF-000300,苹果应用商店,https://itunes.apple.com/cn/review?id=1642894547&type=Purple%20Software,2026-09-15T05:10:52.261Z,2026-09-13T02:42:30-07:00,zh-CN,这游戏太好玩了，我已经充了600万了，现在婚也离了，老婆带着孩子和别人跑了，车子也抵了，找个理由让公司给我开除了，丈母娘小舅子也被我卖了，房子也卖了就留了个厕所，现在正蹲在厕所继续玩，真好玩。,苹果玩家-6b805789c9a3,5,14544383392,搜打撤与经济,正向,低,沉淀正向口碑素材，并同步研发团队,,,,,主题命中：卖；正向命中：好玩,中,1,主题命中：卖；正向命中：好玩
DFF-000301,苹果应用商店,https://itunes.apple.com/cn/review?id=1642894547&type=Purple%20Software,2026-09-15T05:10:52.261Z,2026-09-13T02:39:46-07:00,zh-CN,加载太慢了，暴率太低了，威龙红皮肤抽不中，还很容易被打死。,苹果玩家-d7d0c0bfc0aa,1,14544376636,性能与优化,负向,中,按设备与网络环境复现高频问题，优先修复阻塞型故障,,,,,主题命中：加载；负向命中：太低了,中,2,主题命中：加载；负向命中：太低了
DFF-000302,苹果应用商店,https://itunes.apple.com/cn/review?id=1642894547&type=Purple%20Software,2026-09-15T05:10:52.261Z,2026-09-13T02:39:04-07:00,zh-CN,我觉的三角洲在FPS算可以的,苹果玩家-50b1490d6112,5,14544374829,正向反馈,正向,低,沉淀正向口碑素材，并同步研发团队,,,,,,中,1,
DFF-000303,Steam,https://steamcommunity.com/app/2507950/reviews/?browsefilter=mostrecent,2026-09-15T05:10:52.261Z,2026-09-13T02:36:09.000Z,fr,insane comme extractshooter,Steam玩家-91206e603a0c,推荐,235151717,正向反馈,正向,低,沉淀正向口碑素材，并同步研发团队,,,,,,中,1,
DFF-000304,Steam,https://steamcommunity.com/app/2507950/reviews/?browsefilter=mostrecent,2026-09-15T05:10:52.261Z,2026-09-13T02:33:24.000Z,zh-CN,我讲真的，更新了s11赛季之后是不给我们这种电脑玩的了是吧 16g都能爆也是牛逼了,Steam玩家-761cdef779ad,不推荐,235151579,性能与优化,负向,中,按设备与网络环境复现高频问题，优先修复阻塞型故障,性能与优化,负向,中,是,主题命中：能爆；负向命中：能爆,中,2,主题命中：能爆；负向命中：能爆
DFF-000305,苹果应用商店,https://itunes.apple.com/cn/review?id=1642894547&type=Purple%20Software,2026-09-15T05:10:52.261Z,2026-09-13T02:26:03-07:00,zh-CN,匹配机制逆天,苹果玩家-8735bc658237,1,14544342171,匹配与队友,负向,中,分析匹配池与单排体验，降低实力差距和摆烂影响,,,,,主题命中：匹配,中,2,主题命中：匹配
DFF-000306,苹果应用商店,https://itunes.apple.com/cn/review?id=1642894547&type=Purple%20Software,2026-09-15T05:10:52.261Z,2026-09-13T02:25:02-07:00,zh-CN,我很喜欢这个游戏,苹果玩家-626f0c536231,5,14544339612,正向反馈,正向,低,沉淀正向口碑素材，并同步研发团队,,,,,正向命中：喜欢,中,1,正向命中：喜欢
DFF-000307,Steam,https://steamcommunity.com/app/2507950/reviews/?browsefilter=mostrecent,2026-09-15T05:10:52.261Z,2026-09-13T02:23:38.000Z,zh-CN,这是我玩过最司马的游戏了，各种闪退进不去游戏。,Steam玩家-6eb8eb3cbd19,不推荐,235151105,性能与优化,负向,严重,立即跟进：按设备与网络环境复现高频问题，优先修复阻塞型故障,,,,,主题命中：闪退、进不去；严重度命中：进不去、闪退,高,4,主题命中：闪退、进不去；严重度命中：进不去、闪退
DFF-000308,苹果应用商店,https://itunes.apple.com/cn/review?id=1642894547&type=Purple%20Software,2026-09-15T05:10:52.261Z,2026-09-13T02:23:23-07:00,zh-CN,出高级物资太难了，强度又高，好不容易清图战损还比吃的高。强度在底一点，出高级物资高一点（s1老玩家看法）,苹果玩家-1476c939c05d,1,14544335497,搜打撤与经济,负向,中,复核爆率、物价与撤离收益曲线，评估经济回收节奏,,,,,主题命中：物资,中,2,主题命中：物资
DFF-000309,苹果应用商店,https://itunes.apple.com/cn/review?id=1642894547&type=Purple%20Software,2026-09-15T05:10:52.261Z,2026-09-13T02:20:46-07:00,zh-CN,垃圾游戏,苹果玩家-09b7cc405281,1,14544328982,其他,负向,中,进入人工复核队列，补充上下文后再归因,,,,,负向命中：垃圾,低,2,负向命中：垃圾
DFF-000310,苹果应用商店,https://itunes.apple.com/cn/review?id=1642894547&type=Purple%20Software,2026-09-15T05:10:52.261Z,2026-09-13T02:20:41-07:00,zh-CN,一点都不好玩,苹果玩家-9d4793c608b4,1,14544328743,其他,负向,中,进入人工复核队列，补充上下文后再归因,,,,,正向命中：好玩,低,2,正向命中：好玩
DFF-000311,Steam,https://steamcommunity.com/app/2507950/reviews/?browsefilter=mostrecent,2026-09-15T05:10:52.261Z,2026-09-13T02:15:24.000Z,zh-CN,这款游戏的体验感还是不错的，画质与流畅度都可以，福利也有很多，例如送三角券等等，新手上手可能会有一些困难，但总体来说熟悉了之后手感还是可以的。但还是有一些细节有瑕疵，像是卡墙一类的BUG，以及外挂。还是希望三角洲官方能进一步的优化吧，能带给玩家们更好的游戏体验，期待。,Steam玩家-9347219fdb03,推荐,235150630,性能与优化,混合,低,按设备与网络环境复现高频问题，优先修复阻塞型故障,,,,,主题命中：优化、bug；正向命中：不错、期待；负向命中：外挂,高,1,主题命中：优化、bug；正向命中：不错、期待；负向命中：外挂
DFF-000312,苹果应用商店,https://itunes.apple.com/cn/review?id=1642894547&type=Purple%20Software,2026-09-15T05:10:52.261Z,2026-09-13T02:15:15-07:00,zh-CN,我们盾真是太强啦,苹果玩家-7fbe72431c55,1,14544315066,武器与干员平衡,负向,中,结合胜率与出场率评估武器和干员强度,,,,,主题命中：盾,中,2,主题命中：盾
DFF-000313,苹果应用商店,https://itunes.apple.com/cn/review?id=1642894547&type=Purple%20Software,2026-09-15T05:10:52.261Z,2026-09-13T02:09:23-07:00,zh-CN,先不说网络问题，就这个游戏平衡就是依托大粪，什么叫打了一梭子子弹对面给我蓝蛋一枪秒？,苹果玩家-5e14f63e92cc,1,14544300152,武器与干员平衡,负向,中,结合胜率与出场率评估武器和干员强度,,,,,主题命中：平衡、子弹,高,2,主题命中：平衡、子弹
DFF-000314,苹果应用商店,https://itunes.apple.com/cn/review?id=1642894547&type=Purple%20Software,2026-09-15T05:10:52.261Z,2026-09-13T02:02:22-07:00,zh-CN,赶紧完蛋吧,苹果玩家-b3f945fd5d21,1,14544282630,其他,负向,中,进入人工复核队列，补充上下文后再归因,,,,,负向命中：完蛋,低,2,负向命中：完蛋
DFF-000315,苹果应用商店,https://itunes.apple.com/cn/review?id=1642894547&type=Purple%20Software,2026-09-15T05:10:52.261Z,2026-09-13T02:01:26-07:00,zh-CN,干什么都要进黑屋,苹果玩家-f03bf0999ff5,1,14544280233,客服与封禁,负向,高,高优先级：复核封禁与申诉工单，建立误封复查和响应时限,,,,,主题命中：黑屋；负向命中：黑屋,中,3,主题命中：黑屋；负向命中：黑屋
DFF-000316,Steam,https://steamcommunity.com/app/2507950/reviews/?browsefilter=mostrecent,2026-09-15T05:10:52.261Z,2026-09-13T02:00:08.000Z,en,Fatal error: [File:Unknown] [Line: 9420] Out of video memory trying to allocate a rendering resource Crash in runnable thread PoolThread_6 9,Steam玩家-6aff2a7aab47,推荐,235149859,性能与优化,正向,低,沉淀正向口碑素材，并同步研发团队,,,,,主题命中：crash、memory,高,1,主题命中：crash、memory
DFF-000317,苹果应用商店,https://itunes.apple.com/cn/review?id=1642894547&type=Purple%20Software,2026-09-15T05:10:52.261Z,2026-09-13T02:00:01-07:00,zh-CN,整天暗改又说削弱的人机，实则盾兵一肘给你干出来一百多滴血,苹果玩家-5e45ebbe5da0,1,14544276680,武器与干员平衡,负向,中,结合胜率与出场率评估武器和干员强度,,,,,主题命中：削弱、削、盾；负向命中：暗改,高,2,主题命中：削弱、削、盾；负向命中：暗改
DFF-000318,Steam,https://steamcommunity.com/app/2507950/reviews/?browsefilter=mostrecent,2026-09-15T05:10:52.261Z,2026-09-13T01:59:06.000Z,ko,ai 전먼전 사용률 이 지알 32명 중 28명 이야 제발 좀 우린 사람 대 사람으로 하고 싶다,Steam玩家-9d229321eb07,不推荐,235149808,其他,负向,中,进入人工复核队列，补充上下文后再归因,,,,,,低,2,
DFF-000319,Steam,https://steamcommunity.com/app/2507950/reviews/?browsefilter=mostrecent,2026-09-15T05:10:52.261Z,2026-09-13T01:52:13.000Z,zh-CN,一直不撤进黑屋一直撤离进黑屋吃的太少进黑屋吃得太多进黑屋杀的太多进黑屋杀的太少进黑屋跑刀进爆率黑屋猛攻进高压黑屋堵桥赌闸进同行黑屋,Steam玩家-5d05ab5aadc4,推荐,235149459,搜打撤与经济,负向,中,复核爆率、物价与撤离收益曲线，评估经济回收节奏,,,,,主题命中：爆率、撤离；负向命中：黑屋,高,2,主题命中：爆率、撤离；负向命中：黑屋
DFF-000320,苹果应用商店,https://itunes.apple.com/cn/review?id=1642894547&type=Purple%20Software,2026-09-15T05:10:52.261Z,2026-09-13T01:49:52-07:00,zh-CN,我确实是一个不错的游戏非常喜欢玩，但是没有太多时间了，玩得也挺菜的不过吧，这个东西真的会给我带来快乐的,苹果玩家-c70bf8440661,5,14544250855,正向反馈,正向,低,沉淀正向口碑素材，并同步研发团队,,,,,正向命中：喜欢、不错,中,1,正向命中：喜欢、不错
DFF-000321,Steam,https://steamcommunity.com/app/2507950/reviews/?browsefilter=mostrecent,2026-09-15T05:10:52.261Z,2026-09-13T01:47:25.000Z,zh-CN,it is SOOOOOOOOOOOOOOOOOOOOOOOOOOOOOOOOOOOOOO FUN,Steam玩家-494dbd2305cb,推荐,235149215,正向反馈,正向,低,沉淀正向口碑素材，并同步研发团队,,,,,正向命中：fun,中,1,正向命中：fun
DFF-000322,苹果应用商店,https://itunes.apple.com/cn/review?id=1642894547&type=Purple%20Software,2026-09-15T05:10:52.261Z,2026-09-13T01:45:06-07:00,zh-CN,很好玩，暴率超高，一个容器三个红很好撤离九格很好做，超级好玩,苹果玩家-14fd0d824c08,5,14544238878,搜打撤与经济,正向,低,沉淀正向口碑素材，并同步研发团队,,,,,主题命中：暴率、撤离；正向命中：好玩,高,1,主题命中：暴率、撤离；正向命中：好玩
DFF-000323,Steam,https://steamcommunity.com/app/2507950/reviews/?browsefilter=mostrecent,2026-09-15T05:10:52.261Z,2026-09-13T01:44:50.000Z,zh-CN,这玩意内存咋这么多，我下的时候花了一周,Steam玩家-902250aeb370,不推荐,235149105,性能与优化,负向,中,按设备与网络环境复现高频问题，优先修复阻塞型故障,,,,,主题命中：内存,中,2,主题命中：内存
DFF-000324,Steam,https://steamcommunity.com/app/2507950/reviews/?browsefilter=mostrecent,2026-09-15T05:10:52.261Z,2026-09-13T01:41:42.000Z,zh-CN,打发时间还是可以的，但是长久玩下去还是吃力,Steam玩家-0f99d1921c63,推荐,235148938,正向反馈,正向,低,沉淀正向口碑素材，并同步研发团队,,,,,,中,1,
DFF-000325,苹果应用商店,https://itunes.apple.com/cn/review?id=1642894547&type=Purple%20Software,2026-09-15T05:10:52.261Z,2026-09-13T01:40:59-07:00,zh-CN,更新太慢了，本来都没时间玩，好不容易玩次更新需要等两三小时，气死了比隔壁和平精英都慢,苹果玩家-1618353a05d8,1,14544228427,性能与优化,负向,中,按设备与网络环境复现高频问题，优先修复阻塞型故障,,,,,主题命中：更新太慢,中,2,主题命中：更新太慢
DFF-000326,苹果应用商店,https://itunes.apple.com/cn/review?id=1642894547&type=Purple%20Software,2026-09-15T05:10:52.261Z,2026-09-13T01:39:23-07:00,zh-CN,你让我很失望,苹果玩家-8dd3862a8c36,5,14544224356,其他,负向,低,进入人工复核队列，补充上下文后再归因,,,,,负向命中：失望,低,1,负向命中：失望
DFF-000327,苹果应用商店,https://itunes.apple.com/cn/review?id=1642894547&type=Purple%20Software,2026-09-15T05:10:52.261Z,2026-09-13T01:37:38-07:00,zh-CN,打了这么久，终于出非心了！！！,苹果玩家-c3f58330f400,5,14544220066,正向反馈,正向,低,沉淀正向口碑素材，并同步研发团队,,,,,,中,1,
DFF-000328,苹果应用商店,https://itunes.apple.com/cn/review?id=1642894547&type=Purple%20Software,2026-09-15T05:10:52.261Z,2026-09-13T01:32:52-07:00,zh-CN,暴率调高一点,苹果玩家-88150f3d585f,5,14544208126,搜打撤与经济,正向,低,沉淀正向口碑素材，并同步研发团队,,,,,主题命中：暴率,中,1,主题命中：暴率
DFF-000329,Steam,https://steamcommunity.com/app/2507950/reviews/?browsefilter=mostrecent,2026-09-15T05:10:52.261Z,2026-09-13T01:31:00.000Z,en,bad bad bad,Steam玩家-52732f755d73,不推荐,235148388,其他,负向,中,进入人工复核队列，补充上下文后再归因,,,,,负向命中：bad,低,2,负向命中：bad
DFF-000330,苹果应用商店,https://itunes.apple.com/cn/review?id=1642894547&type=Purple%20Software,2026-09-15T05:10:52.261Z,2026-09-13T01:28:52-07:00,zh-CN,很有真实很有趣，就是爆率低,苹果玩家-44621d9a17b4,5,14544198230,搜打撤与经济,混合,中,复核爆率、物价与撤离收益曲线，评估经济回收节奏,,,,,主题命中：爆率；正向命中：真实；负向命中：爆率低,中,2,主题命中：爆率；正向命中：真实；负向命中：爆率低
DFF-000331,Steam,https://steamcommunity.com/app/2507950/reviews/?browsefilter=mostrecent,2026-09-15T05:10:52.261Z,2026-09-13T01:25:42.000Z,zh-CN,依旧大便,Steam玩家-7f8b87bd8092,不推荐,235148143,其他,负向,中,进入人工复核队列，补充上下文后再归因,,,,,,低,2,
DFF-000332,Steam,https://steamcommunity.com/app/2507950/reviews/?browsefilter=mostrecent,2026-09-15T05:10:52.261Z,2026-09-13T01:19:46.000Z,pt-BR,"Sinceramente, eu fiquei interessado no game. Masss... Eu nem consegui passar da tela de login kkkk. Tava lá, registrar. Eu não tinha conta, então fui registrar. Não passou disso. Falava que a o formato de email não era compatível. Vai se foder mano. Na moral. E pra falar a verdade, ainda bem que não deu certo. Pelo que vi nos comentários, o jogo tá uma bosta. Só pela raiva que passei, de graça ficou caro.",Steam玩家-f8935ec65b57,不推荐,235147842,匹配与队友,负向,中,分析匹配池与单排体验，降低实力差距和摆烂影响,,,,,主题命中：elo,中,2,主题命中：elo
DFF-000333,苹果应用商店,https://itunes.apple.com/cn/review?id=1642894547&type=Purple%20Software,2026-09-15T05:10:52.261Z,2026-09-13T01:14:10-07:00,zh-CN,这个游戏非常真实👌给你们推荐好吧比和平那些好玩多了,苹果玩家-188eca01e275,5,14544162156,正向反馈,正向,低,沉淀正向口碑素材，并同步研发团队,,,,,正向命中：好玩、推荐、真实,中,1,正向命中：好玩、推荐、真实
DFF-000334,苹果应用商店,https://itunes.apple.com/cn/review?id=1642894547&type=Purple%20Software,2026-09-15T05:10:52.261Z,2026-09-13T01:09:30-07:00,zh-CN,新赛季看起来很好玩的样子，有钓鱼，有单挑，还有新的枪,苹果玩家-1520505ab464,3,14544150598,搜打撤与经济,正向,低,沉淀正向口碑素材，并同步研发团队,,,,,主题命中：钓鱼；正向命中：好玩,中,1,主题命中：钓鱼；正向命中：好玩
DFF-000335,苹果应用商店,https://itunes.apple.com/cn/review?id=1642894547&type=Purple%20Software,2026-09-15T05:10:52.261Z,2026-09-13T01:08:52-07:00,zh-CN,新人在这游戏里面都活不了，打了十把，把把失败，这已经不是菜不菜的问题了,苹果玩家-6922b0abce32,5,14544149112,正向反馈,正向,低,沉淀正向口碑素材，并同步研发团队,,,,,,中,1,
DFF-000336,苹果应用商店,https://itunes.apple.com/cn/review?id=1642894547&type=Purple%20Software,2026-09-15T05:10:52.261Z,2026-09-13T00:54:37-07:00,zh-CN,深蓝现在都成个狗了,苹果玩家-b0da2379d8c1,4,14544114318,武器与干员平衡,正向,低,沉淀正向口碑素材，并同步研发团队,,,,,主题命中：深蓝,中,1,主题命中：深蓝
DFF-000337,苹果应用商店,https://itunes.apple.com/cn/review?id=1642894547&type=Purple%20Software,2026-09-15T05:10:52.261Z,2026-09-13T00:54:06-07:00,zh-CN,策划老慕时了,苹果玩家-c31e31fe8b38,1,14544113089,其他,负向,中,进入人工复核队列，补充上下文后再归因,,,,,,低,2,
DFF-000338,Steam,https://steamcommunity.com/app/2507950/reviews/?browsefilter=mostrecent,2026-09-15T05:10:52.261Z,2026-09-13T00:41:43.000Z,en,"This game might be the closest to a free to play battlefield game. Has two primary game modes. I only played Warfare I want to like this game but the cons outweighs the pros. Takes a big chunk of your storage. 45gb for the warfare map pack. 14 in total and when I played this game again for 4hrs. During those time I only got to play the ""SAME"" map every single time. Why even have the option to include other maps if I cant play or choose them. Matchmaking is garbage. You're paired with bots, with the opposing team having cheatings or veterans. Either you're stomping the enemy or you're getting your ass handed back to you. Navigating the menu is confusing with so many to click.",Steam玩家-04fb246a9661,不推荐,235145843,匹配与队友,负向,中,分析匹配池与单排体验，降低实力差距和摆烂影响,,,,,主题命中：matchmaking、bot、bots、team；负向命中：garbage,高,2,主题命中：matchmaking、bot、bots、team；负向命中：garbage
DFF-000339,苹果应用商店,https://itunes.apple.com/cn/review?id=1642894547&type=Purple%20Software,2026-09-15T05:10:52.261Z,2026-09-13T00:37:33-07:00,zh-CN,我从s1开始玩的以前都好好的但前几个赛季就出现了闪退掉帧问题 每次都在我架枪打架时候给我闪退一直解决不了,苹果玩家-ddbcde7df083,3,14544073241,性能与优化,中性,严重,立即跟进：按设备与网络环境复现高频问题，优先修复阻塞型故障,,,,,主题命中：掉帧、闪退；严重度命中：闪退,高,4,主题命中：掉帧、闪退；严重度命中：闪退
DFF-000340,Steam,https://steamcommunity.com/app/2507950/reviews/?browsefilter=mostrecent,2026-09-15T05:10:52.261Z,2026-09-13T00:37:08.000Z,pt-BR,jogo top,Steam玩家-dab430f4a704,推荐,235145592,正向反馈,正向,低,沉淀正向口碑素材，并同步研发团队,,,,,正向命中：top,中,1,正向命中：top
DFF-000341,苹果应用商店,https://itunes.apple.com/cn/review?id=1642894547&type=Purple%20Software,2026-09-15T05:10:52.261Z,2026-09-13T00:32:04-07:00,zh-CN,三角洲特别好玩，我都不得了，就像那种新人的话，他就会给我们那些东西啊，给我们出大红的太好了,苹果玩家-4926f133f3c8,5,14544060097,搜打撤与经济,正向,低,沉淀正向口碑素材，并同步研发团队,,,,,主题命中：大红；正向命中：好玩,中,1,主题命中：大红；正向命中：好玩
DFF-000342,苹果应用商店,https://itunes.apple.com/cn/review?id=1642894547&type=Purple%20Software,2026-09-15T05:10:52.261Z,2026-09-13T00:29:35-07:00,zh-CN,这个游戏简直太好玩了，一气之下直接把作业全部写完了😇😇😇,苹果玩家-e710c440317b,2,14544054124,其他,负向,低,进入人工复核队列，补充上下文后再归因,,,,,正向命中：好玩,低,1,正向命中：好玩
DFF-000343,苹果应用商店,https://itunes.apple.com/cn/review?id=1642894547&type=Purple%20Software,2026-09-15T05:10:52.261Z,2026-09-13T00:23:46-07:00,zh-CN,非常好玩,苹果玩家-78cd6f671dcf,5,14544039853,正向反馈,正向,低,沉淀正向口碑素材，并同步研发团队,,,,,正向命中：好玩,中,1,正向命中：好玩
DFF-000344,Steam,https://steamcommunity.com/app/2507950/reviews/?browsefilter=mostrecent,2026-09-15T05:10:52.261Z,2026-09-13T00:17:24.000Z,en,yarım adam oyunu,Steam玩家-c32ac8081140,推荐,235144575,正向反馈,正向,低,沉淀正向口碑素材，并同步研发团队,,,,,,中,1,
DFF-000345,Steam,https://steamcommunity.com/app/2507950/reviews/?browsefilter=mostrecent,2026-09-15T05:10:52.261Z,2026-09-13T00:13:17.000Z,zh-CN,儿童WET我,Steam玩家-2fcf145df4a4,推荐,235144364,正向反馈,正向,低,沉淀正向口碑素材，并同步研发团队,,,,,,中,1,
DFF-000346,苹果应用商店,https://itunes.apple.com/cn/review?id=1642894547&type=Purple%20Software,2026-09-15T05:10:52.261Z,2026-09-13T00:10:47-07:00,zh-CN,三角洲完蛋了,苹果玩家-1520ab42fdc0,1,14544008498,其他,负向,中,进入人工复核队列，补充上下文后再归因,其他,负向,中,是,负向命中：完蛋,低,2,负向命中：完蛋
DFF-000347,苹果应用商店,https://itunes.apple.com/cn/review?id=1642894547&type=Purple%20Software,2026-09-15T05:10:52.261Z,2026-09-13T00:06:09-07:00,zh-CN,垃圾游戏 一堆神人 爆率还低,苹果玩家-9135da681368,1,14543997519,搜打撤与经济,负向,中,复核爆率、物价与撤离收益曲线，评估经济回收节奏,,,,,主题命中：爆率；负向命中：垃圾,中,2,主题命中：爆率；负向命中：垃圾
DFF-000348,苹果应用商店,https://itunes.apple.com/cn/review?id=1642894547&type=Purple%20Software,2026-09-15T05:10:52.261Z,2026-09-13T00:04:18-07:00,zh-CN,希望能早点返厂飞虎,苹果玩家-2569d1eb8718,5,14543993094,正向反馈,正向,低,沉淀正向口碑素材，并同步研发团队,,,,,,中,1,
DFF-000349,苹果应用商店,https://itunes.apple.com/cn/review?id=1642894547&type=Purple%20Software,2026-09-15T05:10:52.261Z,2026-09-13T00:00:30-07:00,zh-CN,钓鱼不给我出巨尊,苹果玩家-3ce363d4b028,1,14543984014,搜打撤与经济,负向,中,复核爆率、物价与撤离收益曲线，评估经济回收节奏,,,,,主题命中：钓鱼、巨尊,高,2,主题命中：钓鱼、巨尊
DFF-000350,苹果应用商店,https://itunes.apple.com/cn/review?id=1642894547&type=Purple%20Software,2026-09-15T05:10:52.261Z,2026-09-13T00:00:17-07:00,zh-CN,太好玩了三抽就出隐藏,苹果玩家-1182d9b617a8,5,14543983563,正向反馈,正向,低,沉淀正向口碑素材，并同步研发团队,,,,,正向命中：好玩,中,1,正向命中：好玩
DFF-000351,苹果应用商店,https://itunes.apple.com/cn/review?id=1642894547&type=Purple%20Software,2026-09-15T05:10:52.261Z,2026-09-12T23:59:19-07:00,zh-CN,我们削弱了人机,苹果玩家-3145430c06c8,1,14543981196,武器与干员平衡,负向,中,结合胜率与出场率评估武器和干员强度,,,,,主题命中：削弱、削,中,2,主题命中：削弱、削
DFF-000352,Steam,https://steamcommunity.com/app/2507950/reviews/?browsefilter=mostrecent,2026-09-15T05:10:52.261Z,2026-09-12T23:57:40.000Z,zh-CN,一点爆率都没有,Steam玩家-6afaa0fbc107,不推荐,235143611,搜打撤与经济,负向,中,复核爆率、物价与撤离收益曲线，评估经济回收节奏,,,,,主题命中：爆率,中,2,主题命中：爆率
DFF-000353,苹果应用商店,https://itunes.apple.com/cn/review?id=1642894547&type=Purple%20Software,2026-09-15T05:10:52.261Z,2026-09-12T23:57:00-07:00,zh-CN,游戏体验越来越不好，匹配机制特别烂，完全面战场没几个队友好好打,苹果玩家-5b112daf5b65,1,14543975623,匹配与队友,负向,中,分析匹配池与单排体验，降低实力差距和摆烂影响,,,,,主题命中：匹配、队友；负向命中：烂,高,2,主题命中：匹配、队友；负向命中：烂
DFF-000354,苹果应用商店,https://itunes.apple.com/cn/review?id=1642894547&type=Purple%20Software,2026-09-15T05:10:52.261Z,2026-09-12T23:51:38-07:00,zh-CN,黑桃爆破呢？,苹果玩家-f94b9e176ff1,5,14543963092,正向反馈,正向,低,沉淀正向口碑素材，并同步研发团队,,,,,,中,1,
DFF-000355,苹果应用商店,https://itunes.apple.com/cn/review?id=1642894547&type=Purple%20Software,2026-09-15T05:10:52.261Z,2026-09-12T23:50:42-07:00,zh-CN,游戏很好玩,苹果玩家-f65c50543442,5,14543960958,正向反馈,正向,低,沉淀正向口碑素材，并同步研发团队,,,,,正向命中：好玩,中,1,正向命中：好玩
DFF-000356,苹果应用商店,https://itunes.apple.com/cn/review?id=1642894547&type=Purple%20Software,2026-09-15T05:10:52.261Z,2026-09-12T23:46:21-07:00,zh-CN,人机强度有点高，建议削弱人机。其他都还行,苹果玩家-82dc3fe22a01,4,14543950621,武器与干员平衡,正向,低,沉淀正向口碑素材，并同步研发团队,,,,,主题命中：削弱、削,中,1,主题命中：削弱、削
DFF-000357,苹果应用商店,https://itunes.apple.com/cn/review?id=1642894547&type=Purple%20Software,2026-09-15T05:10:52.261Z,2026-09-12T23:42:18-07:00,zh-CN,暴率太低，光进黑屋挣钱也得劲不挣钱也得进黑屋,苹果玩家-3663721a780d,1,14543940948,搜打撤与经济,负向,中,复核爆率、物价与撤离收益曲线，评估经济回收节奏,,,,,主题命中：暴率、挣；负向命中：黑屋,中,2,主题命中：暴率、挣；负向命中：黑屋
DFF-000358,苹果应用商店,https://itunes.apple.com/cn/review?id=1642894547&type=Purple%20Software,2026-09-15T05:10:52.261Z,2026-09-12T23:40:22-07:00,zh-CN,讲解时暴率,苹果玩家-6476c5b6dbe9,2,14543936296,搜打撤与经济,负向,低,复核爆率、物价与撤离收益曲线，评估经济回收节奏,,,,,主题命中：暴率,中,1,主题命中：暴率
DFF-000359,苹果应用商店,https://itunes.apple.com/cn/review?id=1642894547&type=Purple%20Software,2026-09-15T05:10:52.261Z,2026-09-12T23:39:44-07:00,zh-CN,游戏机制太差了全是外挂,苹果玩家-f8210c26eafa,1,14543934845,外挂与安全,负向,高,高优先级：优先排查反作弊链路，公开高频作弊类型处置进度,,,,,主题命中：外挂；负向命中：差、外挂,中,3,主题命中：外挂；负向命中：差、外挂
DFF-000360,苹果应用商店,https://itunes.apple.com/cn/review?id=1642894547&type=Purple%20Software,2026-09-15T05:10:52.261Z,2026-09-12T23:38:48-07:00,zh-CN,暴率太低 幼鲨还没了,苹果玩家-f09305a9af5e,1,14543932649,搜打撤与经济,负向,中,复核爆率、物价与撤离收益曲线，评估经济回收节奏,,,,,主题命中：暴率,中,2,主题命中：暴率
DFF-000361,苹果应用商店,https://itunes.apple.com/cn/review?id=1642894547&type=Purple%20Software,2026-09-15T05:10:52.261Z,2026-09-12T23:27:56-07:00,zh-CN,太垃圾，模式不好玩,苹果玩家-1f92f39fabcd,1,14543907224,地图与模式,混合,低,汇总热点区域与模式数据，安排地图和玩法迭代,,,,,主题命中：模式；正向命中：好玩；负向命中：垃圾,中,1,主题命中：模式；正向命中：好玩；负向命中：垃圾
DFF-000362,苹果应用商店,https://itunes.apple.com/cn/review?id=1642894547&type=Purple%20Software,2026-09-15T05:10:52.261Z,2026-09-12T23:27:53-07:00,zh-CN,死m游戏你风在天上是吧,苹果玩家-dbc0d8edf0a1,1,14543907110,其他,负向,中,进入人工复核队列，补充上下文后再归因,,,,,,低,2,
DFF-000363,苹果应用商店,https://itunes.apple.com/cn/review?id=1642894547&type=Purple%20Software,2026-09-15T05:10:52.261Z,2026-09-12T23:25:14-07:00,zh-CN,游戏环境非常恶劣,苹果玩家-d0e04d9b8226,1,14543900901,其他,负向,中,进入人工复核队列，补充上下文后再归因,,,,,,低,2,
DFF-000364,苹果应用商店,https://itunes.apple.com/cn/review?id=1642894547&type=Purple%20Software,2026-09-15T05:10:52.261Z,2026-09-12T23:22:19-07:00,zh-CN,暴率太低了,苹果玩家-38284dc5c825,5,14543894138,搜打撤与经济,负向,低,复核爆率、物价与撤离收益曲线，评估经济回收节奏,,,,,主题命中：暴率；负向命中：太低了,中,1,主题命中：暴率；负向命中：太低了
DFF-000365,苹果应用商店,https://itunes.apple.com/cn/review?id=1642894547&type=Purple%20Software,2026-09-15T05:10:52.261Z,2026-09-12T23:21:53-07:00,zh-CN,每次打完架的时候队友都过来抢包，如果说了一句话还要被亲切问候fm ，出了大红不小心死了队友还不救，就等着吃大红，手游环境现在越来越差了，建议官方匹配的队友不要那么没素质，不抢包，不压力队友的那种人,苹果玩家-d9006d9422e2,3,14543893118,匹配与队友,负向,中,分析匹配池与单排体验，降低实力差距和摆烂影响,,,,,主题命中：匹配、队友、抢包；负向命中：差,高,2,主题命中：匹配、队友、抢包；负向命中：差
DFF-000366,苹果应用商店,https://itunes.apple.com/cn/review?id=1642894547&type=Purple%20Software,2026-09-15T05:10:52.261Z,2026-09-12T23:20:16-07:00,zh-CN,很有意思，而且还不是很血腥的那种游戏还有新手保护期，我的评价是非常建议玩,苹果玩家-9b1c5a6d40cd,5,14543889479,任务与成长,正向,低,沉淀正向口碑素材，并同步研发团队,,,,,主题命中：新手；正向命中：有意思,中,1,主题命中：新手；正向命中：有意思
DFF-000367,苹果应用商店,https://itunes.apple.com/cn/review?id=1642894547&type=Purple%20Software,2026-09-15T05:10:52.261Z,2026-09-12T23:18:49-07:00,zh-CN,爽翻了，一定要玩！,苹果玩家-e5a1140ffa09,5,14543886194,正向反馈,正向,低,沉淀正向口碑素材，并同步研发团队,,,,,正向命中：爽,中,1,正向命中：爽
DFF-000368,苹果应用商店,https://itunes.apple.com/cn/review?id=1642894547&type=Purple%20Software,2026-09-15T05:10:52.261Z,2026-09-12T23:11:38-07:00,zh-CN,游戏越做越烂越优化越烂土豆服务器跟暗区一个样,苹果玩家-1706def7f43e,1,14543869596,性能与优化,负向,中,按设备与网络环境复现高频问题，优先修复阻塞型故障,,,,,主题命中：优化；负向命中：烂,中,2,主题命中：优化；负向命中：烂
DFF-000369,Steam,https://steamcommunity.com/app/2507950/reviews/?browsefilter=mostrecent,2026-09-15T05:10:52.261Z,2026-09-12T23:09:34.000Z,fr,tres bon jeu de FPS,Steam玩家-4646883b4ca0,推荐,235141113,正向反馈,正向,低,沉淀正向口碑素材，并同步研发团队,,,,,,中,1,
DFF-000370,苹果应用商店,https://itunes.apple.com/cn/review?id=1642894547&type=Purple%20Software,2026-09-15T05:10:52.261Z,2026-09-12T23:08:12-07:00,zh-CN,太好玩了,苹果玩家-9f14d8709b8c,5,14543861640,正向反馈,正向,低,沉淀正向口碑素材，并同步研发团队,,,,,正向命中：好玩,中,1,正向命中：好玩
DFF-000371,Steam,https://steamcommunity.com/app/2507950/reviews/?browsefilter=mostrecent,2026-09-15T05:10:52.261Z,2026-09-12T23:02:01.000Z,zh-CN,ID说明一切，国服几把一群低能捞bot捞爽了真以为自己是高玩了，建议去战地私服体验下强度，当务之急是kd>1,Steam玩家-dbd7c345894c,不推荐,235140701,匹配与队友,负向,中,分析匹配池与单排体验，降低实力差距和摆烂影响,,,,,主题命中：bot；正向命中：爽,中,2,主题命中：bot；正向命中：爽
DFF-000372,苹果应用商店,https://itunes.apple.com/cn/review?id=1642894547&type=Purple%20Software,2026-09-15T05:10:52.261Z,2026-09-12T23:00:49-07:00,zh-CN,我也是我是苹果手机打一半直接闪退，而且新干员大招的狗很烦，而且还反向暴露位置，策划你跟我说你玩过你造的游戏吗？核电站三Boss那么超雄，哈德森护卫队跟典狱长一样，跳拉，翻滚，你跟我说这是一个AI打出来的操作？,苹果玩家-a13a99a9205e,5,14543844619,性能与优化,正向,严重,立即跟进：按设备与网络环境复现高频问题，优先修复阻塞型故障,,,,,主题命中：闪退；严重度命中：闪退,中,4,主题命中：闪退；严重度命中：闪退
DFF-000373,苹果应用商店,https://itunes.apple.com/cn/review?id=1642894547&type=Purple%20Software,2026-09-15T05:10:52.261Z,2026-09-12T22:58:28-07:00,zh-CN,打这玩意都不需要用枪了一个个工程位阴间的要死暴率还低成啥了？你要么撤出去一把回回本要么直接死，好不容易快撤离的又是各个土豆地雷，我也是服了😂,苹果玩家-6cf5523fbf59,1,14543839275,搜打撤与经济,负向,中,复核爆率、物价与撤离收益曲线，评估经济回收节奏,,,,,主题命中：暴率、撤离,高,2,主题命中：暴率、撤离
DFF-000374,苹果应用商店,https://itunes.apple.com/cn/review?id=1642894547&type=Purple%20Software,2026-09-15T05:10:52.261Z,2026-09-12T22:57:32-07:00,zh-CN,每次打普坝都能吃五十几万 有时候还能出赛伊德黑卡,苹果玩家-71e20be177d3,5,14543837119,搜打撤与经济,正向,低,沉淀正向口碑素材，并同步研发团队,,,,,主题命中：黑卡、赛伊德,高,1,主题命中：黑卡、赛伊德
DFF-000375,Steam,https://steamcommunity.com/app/2507950/reviews/?browsefilter=mostrecent,2026-09-15T05:10:52.261Z,2026-09-12T22:54:36.000Z,de,funny until Some ♥♥♥♥ kills you and say loser,Steam玩家-e534cef34711,推荐,235140299,正向反馈,正向,低,沉淀正向口碑素材，并同步研发团队,,,,,正向命中：fun,中,1,正向命中：fun
DFF-000376,苹果应用商店,https://itunes.apple.com/cn/review?id=1642894547&type=Purple%20Software,2026-09-15T05:10:52.261Z,2026-09-12T22:52:51-07:00,zh-CN,不是你这个策划什么时候可以把黑屋调了？,苹果玩家-8b2066da12af,1,14543826262,客服与封禁,负向,高,高优先级：复核封禁与申诉工单，建立误封复查和响应时限,,,,,主题命中：黑屋；负向命中：黑屋,中,3,主题命中：黑屋；负向命中：黑屋
DFF-000377,Steam,https://steamcommunity.com/app/2507950/reviews/?browsefilter=mostrecent,2026-09-15T05:10:52.261Z,2026-09-12T22:51:03.000Z,tr,mükemel silah tepmeleri felan iyiyde şu rütbe şeyi çok saçma 60 kill alıyorum teğmen 4 oluyorum sonraki maçı kazanıyoruz 40 kill alıyorum onbaşı 3 oluyorum,Steam玩家-c7bc96a6ea3c,推荐,235140081,正向反馈,正向,低,沉淀正向口碑素材，并同步研发团队,,,,,,中,1,
DFF-000378,Steam,https://steamcommunity.com/app/2507950/reviews/?browsefilter=mostrecent,2026-09-15T05:10:52.261Z,2026-09-12T22:50:40.000Z,fr,"Incredibly bad game, nothing is clear, there's not a single player, when there is it's cheaters and you die in a sec by 5 bullets in the head throught the map, I tried to understand the basics thinking I misunderstood something, I just took 5 hours realizing the problem is the game itself. Feels cheap to play, no sensation when it comes to shooting, you spend your game runing, dying against cheaters OR extracting with only borring bots killed. I don't see a single good point of playing it.",Steam玩家-af9814bc22fe,不推荐,235140055,外挂与安全,混合,高,高优先级：优先排查反作弊链路，公开高频作弊类型处置进度,,,,,主题命中：cheat、cheater；正向命中：good；负向命中：bad,高,3,主题命中：cheat、cheater；正向命中：good；负向命中：bad
DFF-000379,Steam,https://steamcommunity.com/app/2507950/reviews/?browsefilter=mostrecent,2026-09-15T05:10:52.261Z,2026-09-12T22:42:30.000Z,hungarian,"Egyike a legjobb extratcion játékoknak ajánlom mindenkinek, hogy legalább próbálja ki",Steam玩家-0158946fc794,推荐,235139549,正向反馈,正向,低,沉淀正向口碑素材，并同步研发团队,,,,,,中,1,
DFF-000380,苹果应用商店,https://itunes.apple.com/cn/review?id=1642894547&type=Purple%20Software,2026-09-15T05:10:52.261Z,2026-09-12T22:38:34-07:00,zh-CN,我老姐最近一直在玩这个游戏脾气越来越不好了，每次我来了说一句话他就要说我说我找他玩游戏，所以我希望可以让我冷静，不要玩那么久，我还是小孩今年八岁,苹果玩家-bb72abc060b1,1,14543793695,其他,负向,中,进入人工复核队列，补充上下文后再归因,,,,,,低,2,
DFF-000381,苹果应用商店,https://itunes.apple.com/cn/review?id=1642894547&type=Purple%20Software,2026-09-15T05:10:52.261Z,2026-09-12T22:32:12-07:00,zh-CN,虽然现在打击外挂很好，但是呢还是有,苹果玩家-a76879fc4e59,4,14543779354,外挂与安全,负向,高,高优先级：优先排查反作弊链路，公开高频作弊类型处置进度,,,,,主题命中：外挂；负向命中：外挂,中,3,主题命中：外挂；负向命中：外挂
DFF-000382,苹果应用商店,https://itunes.apple.com/cn/review?id=1642894547&type=Purple%20Software,2026-09-15T05:10:52.261Z,2026-09-12T22:32:01-07:00,zh-CN,我今天上午玩一把机密航天 我刚打了个人 队友就跑过来抢 还开麦嘲讽 好几把了 一分都给多了,苹果玩家-7bd0f4770bec,1,14543778932,匹配与队友,负向,中,分析匹配池与单排体验，降低实力差距和摆烂影响,,,,,主题命中：队友,中,2,主题命中：队友
DFF-000383,苹果应用商店,https://itunes.apple.com/cn/review?id=1642894547&type=Purple%20Software,2026-09-15T05:10:52.261Z,2026-09-12T22:30:35-07:00,zh-CN,调高点暴率就好了,苹果玩家-28455ec4232b,5,14543775669,搜打撤与经济,正向,低,沉淀正向口碑素材，并同步研发团队,搜打撤与经济,中性,低,否,主题命中：暴率,中,1,主题命中：暴率
DFF-000384,苹果应用商店,https://itunes.apple.com/cn/review?id=1642894547&type=Purple%20Software,2026-09-15T05:10:52.261Z,2026-09-12T22:30:25-07:00,zh-CN,但就是能不能搞一个没有人机的地图,苹果玩家-73f13b16382f,5,14543775255,匹配与队友,正向,低,沉淀正向口碑素材，并同步研发团队,,,,,主题命中：人机,中,1,主题命中：人机
DFF-000385,Steam,https://steamcommunity.com/app/2507950/reviews/?browsefilter=mostrecent,2026-09-15T05:10:52.261Z,2026-09-12T22:27:30.000Z,en,GOOD,Steam玩家-1a187bc63e8d,推荐,235138662,正向反馈,正向,低,沉淀正向口碑素材，并同步研发团队,,,,,正向命中：good,中,1,正向命中：good
DFF-000386,苹果应用商店,https://itunes.apple.com/cn/review?id=1642894547&type=Purple%20Software,2026-09-15T05:10:52.261Z,2026-09-12T22:25:26-07:00,zh-CN,我真的不想看到我喜欢的三角洲变成人人喊打的垃圾游戏，剧情做的夯爆了（我是因为看到了剧情才入坑的）玩了才发现是真的拉，《我们没有暗改，改了就是改了，没有什么是不能说的》然后人机一枪打头85滴🙄，想换个策划 一眼望不到三角洲的未来,苹果玩家-9d6df76eebd4,1,14543763935,匹配与队友,混合,高,高优先级：分析匹配池与单排体验，降低实力差距和摆烂影响,,,,,主题命中：人机；正向命中：喜欢；负向命中：垃圾、坑、暗改,中,3,主题命中：人机；正向命中：喜欢；负向命中：垃圾、坑、暗改
DFF-000387,Steam,https://steamcommunity.com/app/2507950/reviews/?browsefilter=mostrecent,2026-09-15T05:10:52.261Z,2026-09-12T22:25:20.000Z,en,"the execute animations should be reworked on the shark such that it isnt overly cruel, it would be more accurate to rotate the shark such its face is facing down to stun it, that would be more open to sensitive players and also it adds realism otherwise, just a horrible game but that shark thing crossed the line also i think a bunch of the good reviews are bots",Steam玩家-09be1942aed1,不推荐,235138509,匹配与队友,负向,中,分析匹配池与单排体验，降低实力差距和摆烂影响,,,,,主题命中：bot、bots、players；正向命中：good,高,2,主题命中：bot、bots、players；正向命中：good
DFF-000388,苹果应用商店,https://itunes.apple.com/cn/review?id=1642894547&type=Purple%20Software,2026-09-15T05:10:52.261Z,2026-09-12T22:25:10-07:00,zh-CN,每次躲到掩体后都能被打死那些小学生用的垃圾手机，为什么要给他们低帧补偿？乐子游戏普通玩家玩不下去高手玩的没意思。,苹果玩家-67de71ce31c7,3,14543763362,性能与优化,负向,低,按设备与网络环境复现高频问题，优先修复阻塞型故障,,,,,主题命中：补偿；负向命中：垃圾,中,1,主题命中：补偿；负向命中：垃圾
DFF-000389,苹果应用商店,https://itunes.apple.com/cn/review?id=1642894547&type=Purple%20Software,2026-09-15T05:10:52.261Z,2026-09-12T22:19:35-07:00,zh-CN,我朋友想救我卡了2分钟，等我没了才能动,苹果玩家-b1c367d66e84,1,14543750620,其他,负向,中,进入人工复核队列，补充上下文后再归因,,,,,负向命中：卡了,低,2,负向命中：卡了
DFF-000390,苹果应用商店,https://itunes.apple.com/cn/review?id=1642894547&type=Purple%20Software,2026-09-15T05:10:52.261Z,2026-09-12T22:15:43-07:00,zh-CN,一堆小鬼私凤游戏吧要优化没优化，就一堆烂梗这游戏带坏上万小学生,苹果玩家-ff9526b5f4a5,1,14543741715,性能与优化,负向,中,按设备与网络环境复现高频问题，优先修复阻塞型故障,,,,,主题命中：优化；负向命中：烂,中,2,主题命中：优化；负向命中：烂
DFF-000391,苹果应用商店,https://itunes.apple.com/cn/review?id=1642894547&type=Purple%20Software,2026-09-15T05:10:52.261Z,2026-09-12T22:10:49-07:00,zh-CN,害人的东西,苹果玩家-637a6284a3c3,1,14543730255,其他,负向,中,进入人工复核队列，补充上下文后再归因,,,,,,低,2,
DFF-000392,苹果应用商店,https://itunes.apple.com/cn/review?id=1642894547&type=Purple%20Software,2026-09-15T05:10:52.261Z,2026-09-12T22:06:56-07:00,zh-CN,非常非常好玩,苹果玩家-a2bf823ab0b6,5,14543721430,正向反馈,正向,低,沉淀正向口碑素材，并同步研发团队,,,,,正向命中：好玩,中,1,正向命中：好玩
DFF-000393,苹果应用商店,https://itunes.apple.com/cn/review?id=1642894547&type=Purple%20Software,2026-09-15T05:10:52.261Z,2026-09-12T21:54:11-07:00,zh-CN,克 航天太好玩了 😂😂😂,苹果玩家-d3e94d0086a6,5,14543692263,地图与模式,正向,低,沉淀正向口碑素材，并同步研发团队,,,,,主题命中：航天；正向命中：好玩,中,1,主题命中：航天；正向命中：好玩
DFF-000394,苹果应用商店,https://itunes.apple.com/cn/review?id=1642894547&type=Purple%20Software,2026-09-15T05:10:52.261Z,2026-09-12T21:49:42-07:00,zh-CN,暴率太低了,苹果玩家-dd5ef9bbefdf,1,14543681974,搜打撤与经济,负向,中,复核爆率、物价与撤离收益曲线，评估经济回收节奏,,,,,主题命中：暴率；负向命中：太低了,中,2,主题命中：暴率；负向命中：太低了
DFF-000395,苹果应用商店,https://itunes.apple.com/cn/review?id=1642894547&type=Purple%20Software,2026-09-15T05:10:52.261Z,2026-09-12T21:47:57-07:00,zh-CN,超级好玩，真的超级好玩,苹果玩家-b231cbca95d4,5,14543677921,正向反馈,正向,低,沉淀正向口碑素材，并同步研发团队,,,,,正向命中：好玩,中,1,正向命中：好玩
DFF-000396,苹果应用商店,https://itunes.apple.com/cn/review?id=1642894547&type=Purple%20Software,2026-09-15T05:10:52.261Z,2026-09-12T21:29:06-07:00,zh-CN,太好了出了个隐藏款挂件,苹果玩家-c481c315f41d,5,14543634505,正向反馈,正向,低,沉淀正向口碑素材，并同步研发团队,,,,,,中,1,
DFF-000397,Steam,https://steamcommunity.com/app/2507950/reviews/?browsefilter=mostrecent,2026-09-15T05:10:52.261Z,2026-09-12T21:27:08.000Z,fr,"Globalement mauvais, que ce soit l'équilibrage, le temps de débloquer quoi que ce soit, le netcode, le son ...",Steam玩家-8d3b357a10c0,不推荐,235134755,界面与操作体验,负向,中,整理交互问题清单，优化设置、准星与操作反馈,,,,,主题命中：ui,中,2,主题命中：ui
DFF-000398,苹果应用商店,https://itunes.apple.com/cn/review?id=1642894547&type=Purple%20Software,2026-09-15T05:10:52.261Z,2026-09-12T21:21:53-07:00,zh-CN,特别好玩,苹果玩家-4962cb4fb825,5,14543617675,正向反馈,正向,低,沉淀正向口碑素材，并同步研发团队,,,,,正向命中：好玩,中,1,正向命中：好玩
DFF-000399,Steam,https://steamcommunity.com/app/2507950/reviews/?browsefilter=mostrecent,2026-09-15T05:10:52.261Z,2026-09-12T21:05:00.000Z,zh-CN,进不去，一开局就闪退，后面直接点开始就闪退,Steam玩家-32ec396cf5fe,不推荐,235133313,性能与优化,负向,严重,立即跟进：按设备与网络环境复现高频问题，优先修复阻塞型故障,,,,,主题命中：闪退、进不去；严重度命中：进不去、闪退,高,4,主题命中：闪退、进不去；严重度命中：进不去、闪退
DFF-000400,Steam,https://steamcommunity.com/app/2507950/reviews/?browsefilter=mostrecent,2026-09-15T05:10:52.261Z,2026-09-12T21:04:15.000Z,en,Absolute chaos of 64-player warfare. 10/10 best free-to-play shooter in a long time.,Steam玩家-d883343cb76a,推荐,235133260,正向反馈,正向,低,沉淀正向口碑素材，并同步研发团队,,,,,正向命中：best,中,1,正向命中：best
DFF-000401,Steam,https://steamcommunity.com/app/2507950/reviews/?browsefilter=mostrecent,2026-09-15T05:10:52.261Z,2026-09-12T21:03:16.000Z,ru,"Хотел поиграть с друзьями, но из-за постоянных перезагрузок компьютера пришлось удалить, но в целом игра понравилась(",Steam玩家-f36330c257e8,不推荐,235133189,其他,负向,中,进入人工复核队列，补充上下文后再归因,,,,,,低,2,
DFF-000402,苹果应用商店,https://itunes.apple.com/cn/review?id=1642894547&type=Purple%20Software,2026-09-15T05:10:52.261Z,2026-09-12T21:02:13-07:00,zh-CN,对局打的一把比一把难受,苹果玩家-b225d9dcd3b8,1,14543571017,其他,负向,中,进入人工复核队列，补充上下文后再归因,,,,,负向命中：难受,低,2,负向命中：难受
DFF-000403,Steam,https://steamcommunity.com/app/2507950/reviews/?browsefilter=mostrecent,2026-09-15T05:10:52.261Z,2026-09-12T20:58:00.000Z,tr,kötü,Steam玩家-74beda5fe4e0,不推荐,235132827,其他,负向,中,进入人工复核队列，补充上下文后再归因,其他,负向,低,否,,低,2,
DFF-000404,苹果应用商店,https://itunes.apple.com/cn/review?id=1642894547&type=Purple%20Software,2026-09-15T05:10:52.261Z,2026-09-12T20:51:10-07:00,zh-CN,削弱AI，回调深蓝，增强无名，增加暴率，优化匹配机制，琳琅天上你当人吧:),苹果玩家-e837ec637753,1,14543544412,武器与干员平衡,负向,中,结合胜率与出场率评估武器和干员强度,,,,,主题命中：削弱、削、深蓝、无名,高,2,主题命中：削弱、削、深蓝、无名
DFF-000405,苹果应用商店,https://itunes.apple.com/cn/review?id=1642894547&type=Purple%20Software,2026-09-15T05:10:52.261Z,2026-09-12T20:51:00-07:00,zh-CN,液氮都被削成什么了？,苹果玩家-003c8060671b,1,14543544006,武器与干员平衡,负向,中,结合胜率与出场率评估武器和干员强度,,,,,主题命中：削、液氮,中,2,主题命中：削、液氮
DFF-000406,苹果应用商店,https://itunes.apple.com/cn/review?id=1642894547&type=Purple%20Software,2026-09-15T05:10:52.261Z,2026-09-12T20:27:59-07:00,zh-CN,我也打一年了，一颗非洲之心都没见到我同学不糖不猛，一周连出三颗，策划你逗我呢,苹果玩家-f69a47e10358,1,14543487027,搜打撤与经济,负向,中,复核爆率、物价与撤离收益曲线，评估经济回收节奏,,,,,主题命中：非洲之心,中,2,主题命中：非洲之心
DFF-000407,Steam,https://steamcommunity.com/app/2507950/reviews/?browsefilter=mostrecent,2026-09-15T05:10:52.261Z,2026-09-12T20:25:28.000Z,en,runs terribly on steam deck. clear lacking n optimization. want to enjoy a game ike EFT but needs time and improvement.,Steam玩家-c3c31fb5882b,不推荐,235130566,性能与优化,负向,中,按设备与网络环境复现高频问题，优先修复阻塞型故障,,,,,主题命中：optimization；正向命中：enjoy,中,2,主题命中：optimization；正向命中：enjoy
DFF-000408,苹果应用商店,https://itunes.apple.com/cn/review?id=1642894547&type=Purple%20Software,2026-09-15T05:10:52.261Z,2026-09-12T20:25:07-07:00,zh-CN,我加载这么久才个位数没超过3，每次都要重新加载我刚下载的好吗，95GB还玩不了三角洲吗😭我都加载好久了半小时多了一直都是没超过3的重置加载,苹果玩家-3370dec52999,2,14543479787,性能与优化,负向,严重,立即跟进：按设备与网络环境复现高频问题，优先修复阻塞型故障,,,,,主题命中：加载、gb；负向命中：玩不了；严重度命中：玩不了,高,4,主题命中：加载、gb；负向命中：玩不了；严重度命中：玩不了
DFF-000409,苹果应用商店,https://itunes.apple.com/cn/review?id=1642894547&type=Purple%20Software,2026-09-15T05:10:52.261Z,2026-09-12T20:21:56-07:00,zh-CN,還不錯，玩了好久,苹果玩家-0dec037143cb,5,14543471790,正向反馈,正向,低,沉淀正向口碑素材，并同步研发团队,,,,,,中,1,
DFF-000410,苹果应用商店,https://itunes.apple.com/cn/review?id=1642894547&type=Purple%20Software,2026-09-15T05:10:52.261Z,2026-09-12T20:19:03-07:00,zh-CN,吃的少了进黑屋，吃的多了进黑屋，死得少了进黑屋，死得多了进黑屋,苹果玩家-cff6dcec9a30,1,14543464405,客服与封禁,负向,高,高优先级：复核封禁与申诉工单，建立误封复查和响应时限,,,,,主题命中：黑屋；负向命中：黑屋,中,3,主题命中：黑屋；负向命中：黑屋
DFF-000411,苹果应用商店,https://itunes.apple.com/cn/review?id=1642894547&type=Purple%20Software,2026-09-15T05:10:52.261Z,2026-09-12T20:12:57-07:00,zh-CN,好玩，爱玩,苹果玩家-3c35c5022256,5,14543448808,正向反馈,正向,低,沉淀正向口碑素材，并同步研发团队,,,,,正向命中：好玩,中,1,正向命中：好玩
DFF-000412,苹果应用商店,https://itunes.apple.com/cn/review?id=1642894547&type=Purple%20Software,2026-09-15T05:10:52.261Z,2026-09-12T20:12:54-07:00,zh-CN,有一次我玩黑夜大坝走过那个大变电站宿舍直接被那个赛德给抽死了，还有一次就是我原本那个玩风衣，然后我丢了个烟都炸了，那个bo o s还能打死我,苹果玩家-d0a5b4b68c4e,1,14543448667,地图与模式,负向,中,汇总热点区域与模式数据，安排地图和玩法迭代,,,,,主题命中：大坝、变电站,高,2,主题命中：大坝、变电站
DFF-000413,苹果应用商店,https://itunes.apple.com/cn/review?id=1642894547&type=Purple%20Software,2026-09-15T05:10:52.261Z,2026-09-12T20:12:06-07:00,zh-CN,"打游戏过程中人机伤害过高三枪就把人干死了,希望官方修改人机强度",苹果玩家-f02278449a4c,3,14543446533,匹配与队友,中性,低,分析匹配池与单排体验，降低实力差距和摆烂影响,,,,,主题命中：人机,中,1,主题命中：人机
DFF-000414,苹果应用商店,https://itunes.apple.com/cn/review?id=1642894547&type=Purple%20Software,2026-09-15T05:10:52.261Z,2026-09-12T20:08:22-07:00,zh-CN,很好，不要被喷子骗了,苹果玩家-c6c1326d7478,5,14543436876,正向反馈,正向,低,沉淀正向口碑素材，并同步研发团队,,,,,,中,1,
DFF-000415,苹果应用商店,https://itunes.apple.com/cn/review?id=1642894547&type=Purple%20Software,2026-09-15T05:10:52.261Z,2026-09-12T20:04:43-07:00,zh-CN,暴率给我调高点,苹果玩家-d63a19c12079,5,14543427512,搜打撤与经济,正向,低,沉淀正向口碑素材，并同步研发团队,,,,,主题命中：暴率,中,1,主题命中：暴率
DFF-000416,苹果应用商店,https://itunes.apple.com/cn/review?id=1642894547&type=Purple%20Software,2026-09-15T05:10:52.261Z,2026-09-12T20:04:24-07:00,zh-CN,现在三角洲里面开挂的人太多了,苹果玩家-beba55cbb50e,1,14543426722,外挂与安全,负向,高,高优先级：优先排查反作弊链路，公开高频作弊类型处置进度,,,,,主题命中：开挂,中,3,主题命中：开挂
DFF-000417,苹果应用商店,https://itunes.apple.com/cn/review?id=1642894547&type=Purple%20Software,2026-09-15T05:10:52.261Z,2026-09-12T20:03:54-07:00,zh-CN,蒋介石游戏,苹果玩家-d64da08ff4b6,1,14543425331,其他,负向,中,进入人工复核队列，补充上下文后再归因,,,,,,低,2,
DFF-000418,苹果应用商店,https://itunes.apple.com/cn/review?id=1642894547&type=Purple%20Software,2026-09-15T05:10:52.261Z,2026-09-12T20:01:59-07:00,zh-CN,垃圾游戏,苹果玩家-c6d30ddffc53,1,14543420322,其他,负向,中,进入人工复核队列，补充上下文后再归因,,,,,负向命中：垃圾,低,2,负向命中：垃圾
DFF-000419,苹果应用商店,https://itunes.apple.com/cn/review?id=1642894547&type=Purple%20Software,2026-09-15T05:10:52.261Z,2026-09-12T20:00:36-07:00,zh-CN,体验极差,苹果玩家-5247efbd2307,1,14543416757,其他,负向,中,进入人工复核队列，补充上下文后再归因,,,,,负向命中：差,低,2,负向命中：差
DFF-000420,苹果应用商店,https://itunes.apple.com/cn/review?id=1642894547&type=Purple%20Software,2026-09-15T05:10:52.261Z,2026-09-12T19:59:21-07:00,zh-CN,我K D不算很高我打了五把全都是有皮肤的人干死的，我大红掉了补偿局也是没有综合评价就是三角洲一坨大的,苹果玩家-a57ce0842b52,1,14543413632,搜打撤与经济,负向,中,复核爆率、物价与撤离收益曲线，评估经济回收节奏,,,,,主题命中：大红；负向命中：一坨,中,2,主题命中：大红；负向命中：一坨
DFF-000421,Steam,https://steamcommunity.com/app/2507950/reviews/?browsefilter=mostrecent,2026-09-15T05:10:52.261Z,2026-09-12T19:51:30.000Z,en,"played this after work for a few weeks and it just never clicked, something about the loop feels off",Steam玩家-750ca75052db,不推荐,235128104,其他,负向,中,进入人工复核队列，补充上下文后再归因,,,,,,低,2,
DFF-000422,苹果应用商店,https://itunes.apple.com/cn/review?id=1642894547&type=Purple%20Software,2026-09-15T05:10:52.261Z,2026-09-12T19:50:47-07:00,zh-CN,很希望策划能把这个匹配机制优化一下，比如能不能不要总是把一个三套鼠鼠和一大群六套猛攻哥匹配在一起或者说能不能不匹配一堆神人队友。还有那个出货概率，有些人高的要死但是很多普通玩家十几把才只能出一个小红。还有那个手游环境能不能优化一下？我有一次好不容易出了个曼德尔超算，然后有人打暗号然后我就回了结果的人反手就用枪给我打了，然后我还没九格。现在手游真的没有人类了，就是手游玩红薯基本都会匹配一些神人队友，后座力控制都快满了，他还压不住枪，我没了之后跳转视角我看力竭了，而且有时候你用AWM或者巴雷特￼近距离一枪甚至打不死人而且打的是身体不是四肢。最后我只想说一句话：我需要暴率！！！对了有些任务是给人做的吗？张风有一个任务叫用M16A4打掉不记得多少人。策划，你自己想想这枪是人用的的吗，你要不给这东西加个全自动的枪机他就根本不是人用的。不是我这写的跟屎一样。这句是后说的：不是我玩了一把普通长弓怎么一堆鼠鼠？,苹果玩家-9d4f94f8b652,5,14543391672,匹配与队友,负向,高,高优先级：分析匹配池与单排体验，降低实力差距和摆烂影响,匹配与队友,负向,高,是,主题命中：匹配、队友；负向命中：没有人类、神人队友,高,3,主题命中：匹配、队友；负向命中：没有人类、神人队友
DFF-000423,Steam,https://steamcommunity.com/app/2507950/reviews/?browsefilter=mostrecent,2026-09-15T05:10:52.261Z,2026-09-12T19:46:26.000Z,en,fun run and gun with loot. would get again.,Steam玩家-acf6b36f3383,推荐,235127736,搜打撤与经济,正向,低,沉淀正向口碑素材，并同步研发团队,,,,,主题命中：loot；正向命中：fun,中,1,主题命中：loot；正向命中：fun
DFF-000424,Steam,https://steamcommunity.com/app/2507950/reviews/?browsefilter=mostrecent,2026-09-15T05:10:52.261Z,2026-09-12T19:31:13.000Z,pt-BR,é o melhor jogo do mundo! recomendo.,Steam玩家-7bb0bd9747c5,推荐,235126649,正向反馈,正向,低,沉淀正向口碑素材，并同步研发团队,,,,,,中,1,
DFF-000425,苹果应用商店,https://itunes.apple.com/cn/review?id=1642894547&type=Purple%20Software,2026-09-15T05:10:52.261Z,2026-09-12T19:22:12-07:00,zh-CN,暴率提高点😅,苹果玩家-77053c7cf919,5,14543316440,搜打撤与经济,正向,低,沉淀正向口碑素材，并同步研发团队,,,,,主题命中：暴率,中,1,主题命中：暴率
DFF-000426,苹果应用商店,https://itunes.apple.com/cn/review?id=1642894547&type=Purple%20Software,2026-09-15T05:10:52.261Z,2026-09-12T19:20:13-07:00,zh-CN,建议多玩三角洲,苹果玩家-861ecf74feb2,5,14543311158,正向反馈,正向,低,沉淀正向口碑素材，并同步研发团队,,,,,,中,1,
DFF-000427,苹果应用商店,https://itunes.apple.com/cn/review?id=1642894547&type=Purple%20Software,2026-09-15T05:10:52.261Z,2026-09-12T19:19:16-07:00,zh-CN,根本就出不了红,苹果玩家-68071ed61083,1,14543308582,其他,负向,中,进入人工复核队列，补充上下文后再归因,,,,,,低,2,
DFF-000428,苹果应用商店,https://itunes.apple.com/cn/review?id=1642894547&type=Purple%20Software,2026-09-15T05:10:52.261Z,2026-09-12T19:17:46-07:00,zh-CN,简直就是老手写顽童,苹果玩家-b6a14f4d35c8,5,14543304595,正向反馈,正向,低,沉淀正向口碑素材，并同步研发团队,,,,,,中,1,
DFF-000429,苹果应用商店,https://itunes.apple.com/cn/review?id=1642894547&type=Purple%20Software,2026-09-15T05:10:52.261Z,2026-09-12T19:14:25-07:00,zh-CN,输了10几把一点补偿都没有,苹果玩家-cc24643642b3,1,14543295697,性能与优化,负向,中,按设备与网络环境复现高频问题，优先修复阻塞型故障,,,,,主题命中：补偿,中,2,主题命中：补偿
DFF-000430,苹果应用商店,https://itunes.apple.com/cn/review?id=1642894547&type=Purple%20Software,2026-09-15T05:10:52.261Z,2026-09-12T19:13:30-07:00,zh-CN,队友抢星（我补偿局，带他玩），说了句习＊＊来制裁他，结果被封号了60天,苹果玩家-dbd923ba3ecf,1,14543293299,客服与封禁,负向,高,高优先级：复核封禁与申诉工单，建立误封复查和响应时限,,,,,主题命中：封号；负向命中：封号,中,3,主题命中：封号；负向命中：封号
DFF-000431,苹果应用商店,https://itunes.apple.com/cn/review?id=1642894547&type=Purple%20Software,2026-09-15T05:10:52.261Z,2026-09-12T18:58:09-07:00,zh-CN,这款游戏陪伴了我两年，从最开始熟悉地图的迷茫再到出货的惊喜再到清图的快乐，再到对如今阴间对局的震惊，愤怒与疲惫，我真的见证了许许多多的东西，或许如今这游戏早已没有当初的快乐，可是仍就承载着我们的回忆,苹果玩家-96df4afccce2,4,14543252546,地图与模式,正向,低,沉淀正向口碑素材，并同步研发团队,,,,,主题命中：地图,中,1,主题命中：地图
DFF-000432,苹果应用商店,https://itunes.apple.com/cn/review?id=1642894547&type=Purple%20Software,2026-09-15T05:10:52.261Z,2026-09-12T18:54:09-07:00,zh-CN,不仅有许多玩法，而且还不见得有什么外挂而且还几乎没有什么bug每天都会有不同的玩法大战场，烽火地带都有许多的地图而且每一个季节也会上线许多新的地图根本就不会无聊而且干员还非常的多各种技能都非常的好玩而且游戏的暴力也非常的高,苹果玩家-249c25f62f05,5,14543241879,地图与模式,混合,高,高优先级：汇总热点区域与模式数据，安排地图和玩法迭代,,,,,主题命中：地图、大战场、烽火地带、玩法；正向命中：好玩；负向命中：无聊、外挂,高,3,主题命中：地图、大战场、烽火地带、玩法；正向命中：好玩；负向命中：无聊、外挂
DFF-000433,苹果应用商店,https://itunes.apple.com/cn/review?id=1642894547&type=Purple%20Software,2026-09-15T05:10:52.261Z,2026-09-12T18:52:00-07:00,zh-CN,"啥时候能送11,000三角卷",苹果玩家-23a883d80eff,5,14543236213,正向反馈,正向,低,沉淀正向口碑素材，并同步研发团队,,,,,,中,1,
DFF-000434,苹果应用商店,https://itunes.apple.com/cn/review?id=1642894547&type=Purple%20Software,2026-09-15T05:10:52.261Z,2026-09-12T18:41:26-07:00,zh-CN,几个月没玩的时候报了一个红结果后面以后再也没抱过小金和红了都快破产了,苹果玩家-9f7d1ff16ee4,1,14543208409,搜打撤与经济,负向,中,复核爆率、物价与撤离收益曲线，评估经济回收节奏,,,,,主题命中：小金,中,2,主题命中：小金
DFF-000435,苹果应用商店,https://itunes.apple.com/cn/review?id=1642894547&type=Purple%20Software,2026-09-15T05:10:52.261Z,2026-09-12T18:38:57-07:00,zh-CN,太好玩了,苹果玩家-381685b89a59,5,14543201737,正向反馈,正向,低,沉淀正向口碑素材，并同步研发团队,,,,,正向命中：好玩,中,1,正向命中：好玩
DFF-000436,苹果应用商店,https://itunes.apple.com/cn/review?id=1642894547&type=Purple%20Software,2026-09-15T05:10:52.261Z,2026-09-12T18:37:49-07:00,zh-CN,用脚做的游戏，用心做的细节,苹果玩家-5f703e50b292,5,14543198723,正向反馈,正向,低,沉淀正向口碑素材，并同步研发团队,,,,,,中,1,
DFF-000437,苹果应用商店,https://itunes.apple.com/cn/review?id=1642894547&type=Purple%20Software,2026-09-15T05:10:52.261Z,2026-09-12T18:37:05-07:00,zh-CN,真实真实真实他他他他他太好玩了,苹果玩家-844833e8ac20,1,14543196718,正向反馈,正向,低,沉淀正向口碑素材，并同步研发团队,,,,,正向命中：好玩、真实,中,1,正向命中：好玩、真实
DFF-000438,Steam,https://steamcommunity.com/app/2507950/reviews/?browsefilter=mostrecent,2026-09-15T05:10:52.261Z,2026-09-12T18:33:53.000Z,ru,ЛКМ \,Steam玩家-b6f7e0e674a0,推荐,235121404,正向反馈,正向,低,沉淀正向口碑素材，并同步研发团队,,,,,,中,1,
DFF-000439,Steam,https://steamcommunity.com/app/2507950/reviews/?browsefilter=mostrecent,2026-09-15T05:10:52.261Z,2026-09-12T18:27:52.000Z,en,Китайцы не слышали о двух вещах: 1) О резинке 2) Об оптимизации,Steam玩家-772898ef4c81,不推荐,235120961,其他,负向,中,进入人工复核队列，补充上下文后再归因,,,,,,低,2,
DFF-000440,Steam,https://steamcommunity.com/app/2507950/reviews/?browsefilter=mostrecent,2026-09-15T05:10:52.261Z,2026-09-12T18:22:42.000Z,ko,중국겜 치고 나쁘지 않은듯 3.5점,Steam玩家-f348b9b0bba8,推荐,235120553,正向反馈,正向,低,沉淀正向口碑素材，并同步研发团队,,,,,,中,1,
DFF-000441,苹果应用商店,https://itunes.apple.com/cn/review?id=1642894547&type=Purple%20Software,2026-09-15T05:10:52.261Z,2026-09-12T18:16:05-07:00,zh-CN,特别好玩，强烈建议,苹果玩家-1dcf08a253fd,5,14543141247,正向反馈,正向,低,沉淀正向口碑素材，并同步研发团队,,,,,正向命中：好玩,中,1,正向命中：好玩
DFF-000442,苹果应用商店,https://itunes.apple.com/cn/review?id=1642894547&type=Purple%20Software,2026-09-15T05:10:52.261Z,2026-09-12T18:15:24-07:00,zh-CN,暴率太低，不好玩,苹果玩家-7131cdb965fa,1,14543139388,搜打撤与经济,负向,中,复核爆率、物价与撤离收益曲线，评估经济回收节奏,,,,,主题命中：暴率；正向命中：好玩,中,2,主题命中：暴率；正向命中：好玩
DFF-000443,Steam,https://steamcommunity.com/app/2507950/reviews/?browsefilter=mostrecent,2026-09-15T05:10:52.261Z,2026-09-12T18:12:05.000Z,en,For a free to play game this is a solid game. If you treat it like and expect it to play like other FPS and games in this genre you will be frustrated but if you except that it is a mix of all those with its own unique mechanics it is a good time!,Steam玩家-9a9478fdd2f4,推荐,235119698,正向反馈,正向,低,沉淀正向口碑素材，并同步研发团队,,,,,正向命中：solid、good,中,1,正向命中：solid、good
DFF-000444,苹果应用商店,https://itunes.apple.com/cn/review?id=1642894547&type=Purple%20Software,2026-09-15T05:10:52.261Z,2026-09-12T18:11:51-07:00,zh-CN,能不能设置个抢包追缴啊,苹果玩家-854c90d3f788,1,14543129975,匹配与队友,负向,中,分析匹配池与单排体验，降低实力差距和摆烂影响,,,,,主题命中：抢包；负向命中：追缴,中,2,主题命中：抢包；负向命中：追缴
DFF-000445,Steam,https://steamcommunity.com/app/2507950/reviews/?browsefilter=mostrecent,2026-09-15T05:10:52.261Z,2026-09-12T18:05:13.000Z,zh-CN,好玩，最喜欢的游戏。,Steam玩家-376a718ad52c,推荐,235119166,正向反馈,正向,低,沉淀正向口碑素材，并同步研发团队,,,,,正向命中：好玩、喜欢,中,1,正向命中：好玩、喜欢
DFF-000446,苹果应用商店,https://itunes.apple.com/cn/review?id=1642894547&type=Purple%20Software,2026-09-15T05:10:52.261Z,2026-09-12T18:03:36-07:00,zh-CN,喷火兵太强了！！！！！！！！！！,苹果玩家-007d191e1706,3,14543108342,其他,中性,低,进入人工复核队列，补充上下文后再归因,,,,,,低,1,
DFF-000447,苹果应用商店,https://itunes.apple.com/cn/review?id=1642894547&type=Purple%20Software,2026-09-15T05:10:52.261Z,2026-09-12T17:59:43-07:00,zh-CN,我打半天大战场也赢了也是第二它硬是不给我积分,苹果玩家-6550685a7c7e,1,14543098151,地图与模式,负向,中,汇总热点区域与模式数据，安排地图和玩法迭代,,,,,主题命中：大战场,中,2,主题命中：大战场
DFF-000448,苹果应用商店,https://itunes.apple.com/cn/review?id=1642894547&type=Purple%20Software,2026-09-15T05:10:52.261Z,2026-09-12T17:52:31-07:00,zh-CN,冯在天上,苹果玩家-5f36291c2314,1,14543079337,其他,负向,中,进入人工复核队列，补充上下文后再归因,,,,,,低,2,
DFF-000449,苹果应用商店,https://itunes.apple.com/cn/review?id=1642894547&type=Purple%20Software,2026-09-15T05:10:52.261Z,2026-09-12T17:50:56-07:00,zh-CN,太太太太太太太好玩了,苹果玩家-253168e3d4b7,5,14543075327,正向反馈,正向,低,沉淀正向口碑素材，并同步研发团队,,,,,正向命中：好玩,中,1,正向命中：好玩
DFF-000450,Steam,https://steamcommunity.com/app/2507950/reviews/?browsefilter=mostrecent,2026-09-15T05:10:52.261Z,2026-09-12T17:49:26.000Z,zh-CN,一个更新 游戏变成很容易卡游戏 进不到局 起的装白白送,Steam玩家-300321767eea,不推荐,235117947,其他,负向,中,进入人工复核队列，补充上下文后再归因,,,,,,低,2,
DFF-000451,Steam,https://steamcommunity.com/app/2507950/reviews/?browsefilter=mostrecent,2026-09-15T05:10:52.261Z,2026-09-12T17:35:38.000Z,ru,Одному сложно играть,Steam玩家-d69f9aadfc4b,不推荐,235116873,其他,负向,中,进入人工复核队列，补充上下文后再归因,,,,,,低,2,
DFF-000452,苹果应用商店,https://itunes.apple.com/cn/review?id=1642894547&type=Purple%20Software,2026-09-15T05:10:52.261Z,2026-09-12T17:27:02-07:00,zh-CN,里面的画质太好了，真实感特别强,苹果玩家-323d7ef1a187,5,14543013360,界面与操作体验,正向,低,沉淀正向口碑素材，并同步研发团队,,,,,主题命中：画质；正向命中：真实,中,1,主题命中：画质；正向命中：真实
DFF-000453,苹果应用商店,https://itunes.apple.com/cn/review?id=1642894547&type=Purple%20Software,2026-09-15T05:10:52.261Z,2026-09-12T17:26:38-07:00,zh-CN,暴率太高了爱玩,苹果玩家-a6322a643924,5,14543012382,搜打撤与经济,正向,低,沉淀正向口碑素材，并同步研发团队,,,,,主题命中：暴率,中,1,主题命中：暴率
DFF-000454,苹果应用商店,https://itunes.apple.com/cn/review?id=1642894547&type=Purple%20Software,2026-09-15T05:10:52.261Z,2026-09-12T17:23:23-07:00,zh-CN,虽然内存花得多但是我要花钱买,苹果玩家-2a6d383d5c33,5,14543004312,性能与优化,正向,低,沉淀正向口碑素材，并同步研发团队,,,,,主题命中：内存,中,1,主题命中：内存
DFF-000455,苹果应用商店,https://itunes.apple.com/cn/review?id=1642894547&type=Purple%20Software,2026-09-15T05:10:52.261Z,2026-09-12T17:19:13-07:00,zh-CN,十分好玩,苹果玩家-be6118113ddc,5,14542993664,正向反馈,正向,低,沉淀正向口碑素材，并同步研发团队,,,,,正向命中：好玩,中,1,正向命中：好玩
DFF-000456,苹果应用商店,https://itunes.apple.com/cn/review?id=1642894547&type=Purple%20Software,2026-09-15T05:10:52.261Z,2026-09-12T17:18:38-07:00,zh-CN,太好玩了,苹果玩家-d3e78fedcf16,5,14542992180,正向反馈,正向,低,沉淀正向口碑素材，并同步研发团队,,,,,正向命中：好玩,中,1,正向命中：好玩
DFF-000457,苹果应用商店,https://itunes.apple.com/cn/review?id=1642894547&type=Purple%20Software,2026-09-15T05:10:52.261Z,2026-09-12T17:04:24-07:00,zh-CN,对局轻松无压力,苹果玩家-daee41eccc3f,5,14542955881,正向反馈,正向,低,沉淀正向口碑素材，并同步研发团队,,,,,,中,1,
DFF-000458,Steam,https://steamcommunity.com/app/2507950/reviews/?browsefilter=mostrecent,2026-09-15T05:10:52.261Z,2026-09-12T16:59:09.000Z,en,"Not recommnend, Bad teammatching. Wrong server matcching with 160ping every single time. Matching with selfless teammates is very common.",Steam玩家-55c17a853b2a,不推荐,235113981,性能与优化,负向,中,按设备与网络环境复现高频问题，优先修复阻塞型故障,,,,,主题命中：server、ping；负向命中：bad,高,2,主题命中：server、ping；负向命中：bad
DFF-000459,Steam,https://steamcommunity.com/app/2507950/reviews/?browsefilter=mostrecent,2026-09-15T05:10:52.261Z,2026-09-12T16:54:53.000Z,ru,"Читеры. Но удаляю игру, так как убрали режим одиночек",Steam玩家-a20ba57a9666,不推荐,235113673,其他,负向,中,进入人工复核队列，补充上下文后再归因,,,,,,低,2,
DFF-000460,Steam,https://steamcommunity.com/app/2507950/reviews/?browsefilter=mostrecent,2026-09-15T05:10:52.261Z,2026-09-12T16:52:41.000Z,zh-CN,反作弊狗屎匹配不到人,Steam玩家-183862a71881,不推荐,235113493,外挂与安全,负向,高,高优先级：优先排查反作弊链路，公开高频作弊类型处置进度,,,,,主题命中：作弊、反作弊；负向命中：作弊,高,3,主题命中：作弊、反作弊；负向命中：作弊
DFF-000461,Steam,https://steamcommunity.com/app/2507950/reviews/?browsefilter=mostrecent,2026-09-15T05:10:52.261Z,2026-09-12T16:48:42.000Z,en,The best so far,Steam玩家-7fd496897684,推荐,235113195,正向反馈,正向,低,沉淀正向口碑素材，并同步研发团队,,,,,正向命中：best,中,1,正向命中：best
DFF-000462,Steam,https://steamcommunity.com/app/2507950/reviews/?browsefilter=mostrecent,2026-09-15T05:10:52.261Z,2026-09-12T16:48:34.000Z,zh-CN,U6FU,Steam玩家-ea5716cdf0fc,推荐,235113185,正向反馈,正向,低,沉淀正向口碑素材，并同步研发团队,,,,,,中,1,
DFF-000463,苹果应用商店,https://itunes.apple.com/cn/review?id=1642894547&type=Purple%20Software,2026-09-15T05:10:52.261Z,2026-09-12T16:47:56-07:00,zh-CN,希望外挂整制好一点,苹果玩家-9b7a239492bd,5,14542915005,外挂与安全,负向,高,高优先级：优先排查反作弊链路，公开高频作弊类型处置进度,,,,,主题命中：外挂；负向命中：外挂,中,3,主题命中：外挂；负向命中：外挂
DFF-000464,Steam,https://steamcommunity.com/app/2507950/reviews/?browsefilter=mostrecent,2026-09-15T05:10:52.261Z,2026-09-12T16:46:18.000Z,ko,캠페인 엣지오브투모로우를 겜으로 하는 느낌인데 슈팅겜인데 적 위치 파악하고 머 공략 체득하듯이 해야대냐..,Steam玩家-e5a407432c75,不推荐,235113006,其他,负向,中,进入人工复核队列，补充上下文后再归因,,,,,,低,2,
DFF-000465,Steam,https://steamcommunity.com/app/2507950/reviews/?browsefilter=mostrecent,2026-09-15T05:10:52.261Z,2026-09-12T16:45:39.000Z,en,Love It...,Steam玩家-4f936af7b419,推荐,235112954,正向反馈,正向,低,沉淀正向口碑素材，并同步研发团队,,,,,正向命中：love,中,1,正向命中：love
DFF-000466,Steam,https://steamcommunity.com/app/2507950/reviews/?browsefilter=mostrecent,2026-09-15T05:10:52.261Z,2026-09-12T16:42:29.000Z,zh-CN,养老游戏，好玩爱玩。,Steam玩家-4e1f014b7bad,推荐,235112715,正向反馈,正向,低,沉淀正向口碑素材，并同步研发团队,,,,,正向命中：好玩,中,1,正向命中：好玩
DFF-000467,苹果应用商店,https://itunes.apple.com/cn/review?id=1642894547&type=Purple%20Software,2026-09-15T05:10:52.261Z,2026-09-12T16:40:34-07:00,zh-CN,我死了多少次掉了多少装备？哈弗玉从多少调到多少怎么还是没有我见的补偿局？说好的虚弱AI和调高暴率呢，我死那么多次了，也没见AI削弱呀。,苹果玩家-6a349a739c42,4,14542896710,武器与干员平衡,正向,低,沉淀正向口碑素材，并同步研发团队,,,,,主题命中：削弱、削,中,1,主题命中：削弱、削
DFF-000468,Steam,https://steamcommunity.com/app/2507950/reviews/?browsefilter=mostrecent,2026-09-15T05:10:52.261Z,2026-09-12T16:36:51.000Z,zh-CN,垃圾游戏无疑了 整个搜打撤系统都是屎 别的就不说了 我30万战备你给我匹配跑刀的队友对面全装很正常 我60万战备匹配跑刀队友行 大家都挺有钱被 我特么的100万 300万战备进游戏 你给我匹配跑刀的队友 尼玛的腾讯你是不是煞笔 你脑子进屎了？？？？？？？？ 还有他妈的这个开挂的傻逼们 你们妈没了 物资透 人物头 尼玛的 隔着箱子掩体就开始锁了 老子投诉尼玛的就是不行 怎么 都是瞎的吗？？？？？？？？？？？？？？？？？？？？？？？？？？？？？？？？还有 尼玛的进去就是跑刀的队友 开挂的敌人 我特么死的多了就进黑屋 尼玛的一点爆率都不给 全尼玛的跑刀队友 傻逼腾讯 老子以前他麻痹的玩塔科夫都没这么无语过 草拟吗的,Steam玩家-f63261ad8088,不推荐,235112243,搜打撤与经济,负向,高,高优先级：复核爆率、物价与撤离收益曲线，评估经济回收节奏,,,,,主题命中：爆率、物资、搜打撤；负向命中：垃圾、无语、黑屋,高,3,主题命中：爆率、物资、搜打撤；负向命中：垃圾、无语、黑屋
DFF-000469,Steam,https://steamcommunity.com/app/2507950/reviews/?browsefilter=mostrecent,2026-09-15T05:10:52.261Z,2026-09-12T16:34:29.000Z,zh-CN,哈哈哈哈,Steam玩家-0bb03784718a,推荐,235112026,正向反馈,正向,低,沉淀正向口碑素材，并同步研发团队,,,,,,中,1,
DFF-000470,苹果应用商店,https://itunes.apple.com/cn/review?id=1642894547&type=Purple%20Software,2026-09-15T05:10:52.261Z,2026-09-12T16:32:22-07:00,zh-CN,暴率太低了，一点也不好玩,苹果玩家-7a15ed4046ca,1,14542876602,搜打撤与经济,混合,低,复核爆率、物价与撤离收益曲线，评估经济回收节奏,,,,,主题命中：暴率；正向命中：好玩；负向命中：太低了,中,1,主题命中：暴率；正向命中：好玩；负向命中：太低了
DFF-000471,Steam,https://steamcommunity.com/app/2507950/reviews/?browsefilter=mostrecent,2026-09-15T05:10:52.261Z,2026-09-12T16:28:48.000Z,it,"Beh, se vi volete arrabbiare, installate Delta Force, un gioco immersivo solo contro i Cheater",Steam玩家-a010b6e0f71f,不推荐,235111602,外挂与安全,负向,高,高优先级：优先排查反作弊链路，公开高频作弊类型处置进度,,,,,主题命中：cheat、cheater,高,3,主题命中：cheat、cheater
DFF-000472,Steam,https://steamcommunity.com/app/2507950/reviews/?browsefilter=mostrecent,2026-09-15T05:10:52.261Z,2026-09-12T16:17:34.000Z,ru,соевая хYйH9 для пuqоpаcов,Steam玩家-7da27acd9e02,不推荐,235110722,其他,负向,中,进入人工复核队列，补充上下文后再归因,,,,,,低,2,
DFF-000473,Steam,https://steamcommunity.com/app/2507950/reviews/?browsefilter=mostrecent,2026-09-15T05:10:52.261Z,2026-09-12T16:15:06.000Z,zh-CN,乱封号》》》》！！！！,Steam玩家-95c141987e73,不推荐,235110519,客服与封禁,负向,高,高优先级：复核封禁与申诉工单，建立误封复查和响应时限,,,,,主题命中：封号；负向命中：封号,中,3,主题命中：封号；负向命中：封号
DFF-000474,苹果应用商店,https://itunes.apple.com/cn/review?id=1642894547&type=Purple%20Software,2026-09-15T05:10:52.261Z,2026-09-12T16:10:51-07:00,zh-CN,好玩😘,苹果玩家-a6822ef783e2,5,14542823845,正向反馈,正向,低,沉淀正向口碑素材，并同步研发团队,正向反馈,正向,低,是,正向命中：好玩,中,1,正向命中：好玩
DFF-000475,苹果应用商店,https://itunes.apple.com/cn/review?id=1642894547&type=Purple%20Software,2026-09-15T05:10:52.261Z,2026-09-12T16:06:31-07:00,zh-CN,非常好的游戏,苹果玩家-7e6c8e758e63,5,14542813230,正向反馈,正向,低,沉淀正向口碑素材，并同步研发团队,,,,,,中,1,
DFF-000476,Steam,https://steamcommunity.com/app/2507950/reviews/?browsefilter=mostrecent,2026-09-15T05:10:52.261Z,2026-09-12T16:00:02.000Z,zh-CN,爆率好低,Steam玩家-56909eca8b33,不推荐,235109337,搜打撤与经济,负向,中,复核爆率、物价与撤离收益曲线，评估经济回收节奏,,,,,主题命中：爆率,中,2,主题命中：爆率
DFF-000477,Steam,https://steamcommunity.com/app/2507950/reviews/?browsefilter=mostrecent,2026-09-15T05:10:52.261Z,2026-09-12T15:58:49.000Z,en,im not sure if im playing with human or bots but overall a good FPS.,Steam玩家-2bed6050881c,推荐,235109239,匹配与队友,正向,低,沉淀正向口碑素材，并同步研发团队,,,,,主题命中：bot、bots；正向命中：good,高,1,主题命中：bot、bots；正向命中：good
DFF-000478,Steam,https://steamcommunity.com/app/2507950/reviews/?browsefilter=mostrecent,2026-09-15T05:10:52.261Z,2026-09-12T15:48:14.000Z,zh-CN,总的来说其实这个游戏很有趣，搜打撤非常的刺激，高风险高回报、低风险低回报、低风险高回报、高风险零回报...总之什么样的情况都可能有。但是因为是匹配类型的游戏，非常的考验人性，大部分的玩家都非常的peace and love，但是，还是会遇到很多一味地猛攻的，不分青红皂白地就开枪打死钓鱼的人或者做任务的人，这样的体验很不好，希望以后优化一下匹配机制，可以提供一个选项，然后愿意猛攻的就匹配纯战场，愿意和平的就和平相处一起当老鼠或者钓鱼佬,Steam玩家-6ef2023241b6,不推荐,235108435,搜打撤与经济,负向,中,复核爆率、物价与撤离收益曲线，评估经济回收节奏,,,,,主题命中：搜打撤、钓鱼；正向命中：love,高,2,主题命中：搜打撤、钓鱼；正向命中：love
DFF-000479,苹果应用商店,https://itunes.apple.com/cn/review?id=1642894547&type=Purple%20Software,2026-09-15T05:10:52.261Z,2026-09-12T15:28:50-07:00,zh-CN,垃圾游戏，气死我了,苹果玩家-c152fbf90cd0,1,14542721733,其他,负向,中,进入人工复核队列，补充上下文后再归因,,,,,负向命中：垃圾,低,2,负向命中：垃圾
DFF-000480,Steam,https://steamcommunity.com/app/2507950/reviews/?browsefilter=mostrecent,2026-09-15T05:10:52.261Z,2026-09-12T15:19:15.000Z,zh-CN,觉得自己是贱狗臭M的可以玩，外挂满天飞 爆率低的可怜 人机全是锁 ，出生比正常人都多,Steam玩家-6b509f87cb17,不推荐,235106025,外挂与安全,负向,高,高优先级：优先排查反作弊链路，公开高频作弊类型处置进度,,,,,主题命中：外挂；负向命中：外挂、爆率低,中,3,主题命中：外挂；负向命中：外挂、爆率低
DFF-000481,Steam,https://steamcommunity.com/app/2507950/reviews/?browsefilter=mostrecent,2026-09-15T05:10:52.261Z,2026-09-12T14:58:54.000Z,romanian,this is one of the best extraction shooter games with its ups and downs. the operators add a unique gimmick to the game but they dont feel necesarly broken or unfair positioning is way more important than your character,Steam玩家-d9f8d6aa0c8e,推荐,235104383,搜打撤与经济,混合,低,复核爆率、物价与撤离收益曲线，评估经济回收节奏,搜打撤与经济,正向,低,否,主题命中：extraction；正向命中：best；负向命中：broken,中,1,主题命中：extraction；正向命中：best；负向命中：broken
DFF-000482,Steam,https://steamcommunity.com/app/2507950/reviews/?browsefilter=mostrecent,2026-09-15T05:10:52.261Z,2026-09-12T14:41:18.000Z,zh-CN,nnd我好不容易起一次全装，给我匹配两个玻璃大炮，航天基地没有一盘存活超过1分钟的。wcnm，wnm,Steam玩家-668b3d2dfeaa,不推荐,235103067,匹配与队友,负向,中,分析匹配池与单排体验，降低实力差距和摆烂影响,,,,,主题命中：匹配,中,2,主题命中：匹配
DFF-000483,Steam,https://steamcommunity.com/app/2507950/reviews/?browsefilter=mostrecent,2026-09-15T05:10:52.261Z,2026-09-12T14:39:03.000Z,ru,"Вернулся спустя большой промежуток, и сейчас играть вообще нет смысла в игре нет вайпов, и тебе либо ходить и лутать помойки на легких вылазках либо умирать от челов в гире за 2/3млн+",Steam玩家-906abc984507,不推荐,235102900,其他,负向,中,进入人工复核队列，补充上下文后再归因,,,,,,低,2,
DFF-000484,Steam,https://steamcommunity.com/app/2507950/reviews/?browsefilter=mostrecent,2026-09-15T05:10:52.261Z,2026-09-12T14:16:00.000Z,zh-Hant,陪兄弟玩的，他很喜歡這個遊戲，而我不一樣了，我喜歡他。,Steam玩家-93ceaf4c32c0,推荐,235101091,正向反馈,正向,低,沉淀正向口碑素材，并同步研发团队,,,,,,中,1,
DFF-000485,Steam,https://steamcommunity.com/app/2507950/reviews/?browsefilter=mostrecent,2026-09-15T05:10:52.261Z,2026-09-12T14:05:10.000Z,zh-CN,垃圾东西,Steam玩家-1627cc3c3530,不推荐,235100225,其他,负向,中,进入人工复核队列，补充上下文后再归因,,,,,负向命中：垃圾,低,2,负向命中：垃圾
DFF-000486,Steam,https://steamcommunity.com/app/2507950/reviews/?browsefilter=mostrecent,2026-09-15T05:10:52.261Z,2026-09-12T13:50:55.000Z,es,se crachea cada 2 min,Steam玩家-1ea97c3f0a9d,不推荐,235099172,其他,负向,中,进入人工复核队列，补充上下文后再归因,,,,,,低,2,
DFF-000487,Steam,https://steamcommunity.com/app/2507950/reviews/?browsefilter=mostrecent,2026-09-15T05:10:52.261Z,2026-09-12T13:45:17.000Z,zh-Hant,so gooooood,Steam玩家-099018e83a3c,推荐,235098764,正向反馈,正向,低,沉淀正向口碑素材，并同步研发团队,,,,,,中,1,
DFF-000488,Steam,https://steamcommunity.com/app/2507950/reviews/?browsefilter=mostrecent,2026-09-15T05:10:52.261Z,2026-09-12T13:42:34.000Z,zh-CN,知道啥叫推荐配置吗，我1060打这个游戏卡成啥了推荐在哪，我玩战区或者tf都不至于在加载界面卡成ppt,Steam玩家-eae3e3c88bf6,不推荐,235098563,性能与优化,负向,中,按设备与网络环境复现高频问题，优先修复阻塞型故障,,,,,主题命中：加载；正向命中：推荐,中,2,主题命中：加载；正向命中：推荐
DFF-000489,苹果应用商店,https://itunes.apple.com/cn/review?id=1642894547&type=Purple%20Software,2026-09-15T05:10:52.261Z,2026-09-12T12:41:44-07:00,zh-CN,真可以我爱你三角洲,苹果玩家-f4b2b9ec32ea,5,14542280011,正向反馈,正向,低,沉淀正向口碑素材，并同步研发团队,,,,,,中,1,
DFF-000490,苹果应用商店,https://itunes.apple.com/cn/review?id=1642894547&type=Purple%20Software,2026-09-15T05:10:52.261Z,2026-09-12T12:39:42-07:00,zh-CN,好玩，非常好玩,苹果玩家-0241f2e31f1e,5,14542274204,正向反馈,正向,低,沉淀正向口碑素材，并同步研发团队,,,,,正向命中：好玩,中,1,正向命中：好玩
DFF-000491,苹果应用商店,https://itunes.apple.com/cn/review?id=1642894547&type=Purple%20Software,2026-09-15T05:10:52.261Z,2026-09-12T12:36:03-07:00,zh-CN,狗屎游戏0的流动资产还折磨我,苹果玩家-82354894ae65,1,14542263715,其他,负向,中,进入人工复核队列，补充上下文后再归因,,,,,,低,2,
DFF-000492,Steam,https://steamcommunity.com/app/2507950/reviews/?browsefilter=mostrecent,2026-09-15T05:10:52.261Z,2026-09-12T12:34:02.000Z,th,"Stop releasing updates. It crashes more the more I update it. Instead of improving things, it just makes them worse. It's absolute garbage. เลิกปล่อยอัปเดตใหม่สักทีเถอะ ยิ่งอัปเดตก็ยิ่งแครชหนักกว่าเดิม แทนที่จะทำให้ดีขึ้น กลับทำให้แย่ลงซะงั้น มันห่วยแตกสิ้นดี",Steam玩家-074bc678c51d,不推荐,235093954,性能与优化,混合,低,按设备与网络环境复现高频问题，优先修复阻塞型故障,,,,,主题命中：crash；正向命中：top；负向命中：garbage,中,1,主题命中：crash；正向命中：top；负向命中：garbage
DFF-000493,Steam,https://steamcommunity.com/app/2507950/reviews/?browsefilter=mostrecent,2026-09-15T05:10:52.261Z,2026-09-12T12:29:34.000Z,zh-CN,垃圾游戏,Steam玩家-9723c29eb9d9,不推荐,235093676,其他,负向,中,进入人工复核队列，补充上下文后再归因,,,,,负向命中：垃圾,低,2,负向命中：垃圾
DFF-000494,苹果应用商店,https://itunes.apple.com/cn/review?id=1642894547&type=Purple%20Software,2026-09-15T05:10:52.261Z,2026-09-12T12:24:48-07:00,zh-CN,一直不出红，我的是黑号麻,苹果玩家-658c7aaa8210,1,14542230636,搜打撤与经济,负向,中,复核爆率、物价与撤离收益曲线，评估经济回收节奏,,,,,主题命中：出红,中,2,主题命中：出红
DFF-000495,Steam,https://steamcommunity.com/app/2507950/reviews/?browsefilter=mostrecent,2026-09-15T05:10:52.261Z,2026-09-12T12:11:03.000Z,tr,oyun ilk çıktığında çok güzeldi 70 saat oynadım az öcne tekrar indirdim yarram gibi beyler oynamayın,Steam玩家-8f95a74afe6b,不推荐,235092537,其他,负向,中,进入人工复核队列，补充上下文后再归因,,,,,正向命中：güzel,低,2,正向命中：güzel
DFF-000496,Steam,https://steamcommunity.com/app/2507950/reviews/?browsefilter=mostrecent,2026-09-15T05:10:52.261Z,2026-09-12T12:10:59.000Z,zh-CN,搜不到打不过撤不出 全部藏起来气不气宝子 来给你打死又无所谓 然后呢,Steam玩家-e60147b9a814,推荐,235092531,正向反馈,正向,低,沉淀正向口碑素材，并同步研发团队,,,,,,中,1,
DFF-000497,Steam,https://steamcommunity.com/app/2507950/reviews/?browsefilter=mostrecent,2026-09-15T05:10:52.261Z,2026-09-12T12:00:20.000Z,zh-CN,打了三个小时，无缘无故被封号了。我只不过是用红狼扔了个手炮而已啊,Steam玩家-e742b5a518f0,不推荐,235091875,客服与封禁,负向,高,高优先级：复核封禁与申诉工单，建立误封复查和响应时限,,,,,主题命中：封号；负向命中：封号,中,3,主题命中：封号；负向命中：封号
DFF-000498,苹果应用商店,https://itunes.apple.com/cn/review?id=1642894547&type=Purple%20Software,2026-09-15T05:10:52.261Z,2026-09-12T11:42:41-07:00,zh-CN,这个人机为什么一直打？我不打人家？,苹果玩家-b7cc15a858b2,1,14542102959,匹配与队友,负向,中,分析匹配池与单排体验，降低实力差距和摆烂影响,,,,,主题命中：人机,中,2,主题命中：人机
DFF-000499,Steam,https://steamcommunity.com/app/2507950/reviews/?browsefilter=mostrecent,2026-09-15T05:10:52.261Z,2026-09-12T11:15:56.000Z,zh-CN,腾讯游戏无需多言,Steam玩家-53d2c55d26d1,不推荐,235089173,其他,负向,中,进入人工复核队列，补充上下文后再归因,,,,,,低,2,
DFF-000500,Steam,https://steamcommunity.com/app/2507950/reviews/?browsefilter=mostrecent,2026-09-15T05:10:52.261Z,2026-09-12T11:15:17.000Z,en,Ho valo lagse,Steam玩家-e87c0ee52b57,推荐,235089131,性能与优化,正向,低,沉淀正向口碑素材，并同步研发团队,,,,,主题命中：lag,中,1,主题命中：lag
DFF-000501,Steam,https://steamcommunity.com/app/2507950/reviews/?browsefilter=mostrecent,2026-09-15T05:10:52.261Z,2026-09-12T11:14:45.000Z,en,♥♥♥♥♥♥♥♥ GAME FULL OF CHEATERS! PLEASE GET A REAL JOB,Steam玩家-48a94e496bb4,不推荐,235089100,外挂与安全,负向,高,高优先级：优先排查反作弊链路，公开高频作弊类型处置进度,,,,,主题命中：cheat、cheater,高,3,主题命中：cheat、cheater
DFF-000502,Steam,https://steamcommunity.com/app/2507950/reviews/?browsefilter=mostrecent,2026-09-15T05:10:52.261Z,2026-09-12T11:14:19.000Z,ko,빨템 먹으면 갓겜 아님 그저 짱깨겜,Steam玩家-8425518d6f67,推荐,235089077,正向反馈,正向,低,沉淀正向口碑素材，并同步研发团队,,,,,,中,1,
DFF-000503,Steam,https://steamcommunity.com/app/2507950/reviews/?browsefilter=mostrecent,2026-09-15T05:10:52.261Z,2026-09-12T11:12:14.000Z,pt-BR,Muito bom!!,Steam玩家-0feb3d99721c,推荐,235088986,界面与操作体验,正向,低,沉淀正向口碑素材，并同步研发团队,,,,,主题命中：ui；正向命中：bom,中,1,主题命中：ui；正向命中：bom
DFF-000504,Steam,https://steamcommunity.com/app/2507950/reviews/?browsefilter=mostrecent,2026-09-15T05:10:52.261Z,2026-09-12T10:50:55.000Z,pl,peak but loads all my life,Steam玩家-941eab368790,不推荐,235087725,其他,负向,中,进入人工复核队列，补充上下文后再归因,,,,,,低,2,
DFF-000505,苹果应用商店,https://itunes.apple.com/cn/review?id=1642894547&type=Purple%20Software,2026-09-15T05:10:52.261Z,2026-09-12T10:38:26-07:00,zh-CN,钩式游戏，谁van谁sm,苹果玩家-5a5ce3bd3036,1,14541900130,其他,负向,中,进入人工复核队列，补充上下文后再归因,,,,,,低,2,
DFF-000506,苹果应用商店,https://itunes.apple.com/cn/review?id=1642894547&type=Purple%20Software,2026-09-15T05:10:52.261Z,2026-09-12T10:28:31-07:00,zh-CN,暴率太高了,苹果玩家-d4859b24cf81,5,14541867686,搜打撤与经济,正向,低,沉淀正向口碑素材，并同步研发团队,,,,,主题命中：暴率,中,1,主题命中：暴率
DFF-000507,苹果应用商店,https://itunes.apple.com/cn/review?id=1642894547&type=Purple%20Software,2026-09-15T05:10:52.261Z,2026-09-12T10:12:31-07:00,zh-CN,直接爆了非洲之星,苹果玩家-8eedf28ab234,5,14541814560,正向反馈,正向,低,沉淀正向口碑素材，并同步研发团队,,,,,,中,1,
DFF-000508,苹果应用商店,https://itunes.apple.com/cn/review?id=1642894547&type=Purple%20Software,2026-09-15T05:10:52.261Z,2026-09-12T10:03:20-07:00,zh-CN,S11 是前所未有的卡，开了10几枪，死亡回放1枪没开。 s9 s10 都没有这样的问题！,苹果玩家-00ca2ee6baf1,1,14541783839,其他,负向,中,进入人工复核队列，补充上下文后再归因,,,,,,低,2,
DFF-000509,Steam,https://steamcommunity.com/app/2507950/reviews/?browsefilter=mostrecent,2026-09-15T05:10:52.261Z,2026-09-12T10:01:09.000Z,es,gud gaim no chyters beri gud,Steam玩家-0f0608b11410,推荐,235084884,正向反馈,正向,低,沉淀正向口碑素材，并同步研发团队,,,,,,中,1,
DFF-000510,Steam,https://steamcommunity.com/app/2507950/reviews/?browsefilter=mostrecent,2026-09-15T05:10:52.261Z,2026-09-12T10:00:33.000Z,zh-CN,先开加速器 再启动游戏 必封1天，玩尼玛 ，不开 隔两把就来一次400 ，找客服 不是机器人就是 ai ，连个真人都没有 ，辣鸡,Steam玩家-acd24531cc6c,不推荐,235084855,客服与封禁,负向,高,高优先级：复核封禁与申诉工单，建立误封复查和响应时限,,,,,主题命中：客服,中,3,主题命中：客服
DFF-000511,Steam,https://steamcommunity.com/app/2507950/reviews/?browsefilter=mostrecent,2026-09-15T05:10:52.261Z,2026-09-12T09:50:47.000Z,en,enjoyable passing time good game,Steam玩家-bab3b639cf70,推荐,235084269,正向反馈,正向,低,沉淀正向口碑素材，并同步研发团队,,,,,正向命中：enjoy、good,中,1,正向命中：enjoy、good
DFF-000512,苹果应用商店,https://itunes.apple.com/cn/review?id=1642894547&type=Purple%20Software,2026-09-15T05:10:52.261Z,2026-09-12T09:48:03-07:00,zh-CN,好玩到吃鸡b,苹果玩家-91236cf37838,5,14541732307,正向反馈,正向,低,沉淀正向口碑素材，并同步研发团队,,,,,正向命中：好玩,中,1,正向命中：好玩
DFF-000513,Steam,https://steamcommunity.com/app/2507950/reviews/?browsefilter=mostrecent,2026-09-15T05:10:52.261Z,2026-09-12T09:44:00.000Z,ko,"신맵 나오면 유저들한테 신맵 억지로 먹이니깐, 신맵에선 아군이든 적군이든 겜 좀만 안풀리다 싶으면 다 탈주하는게 느껴짐. 그러다가 게임에 남는게 봇이랑 핵쟁이만 남아서 봇 잡다가 핵쟁이한테 헤드 뚫리고 봇 잡다가 핵쟁이한테 헤드 뚫리고를 반복하게 됨.",Steam玩家-38db599d0aee,不推荐,235083888,其他,负向,中,进入人工复核队列，补充上下文后再归因,,,,,,低,2,
DFF-000514,苹果应用商店,https://itunes.apple.com/cn/review?id=1642894547&type=Purple%20Software,2026-09-15T05:10:52.261Z,2026-09-12T09:22:07-07:00,zh-CN,挺厉害的。给了东西还把我打了。为什么还要接暗号,苹果玩家-b413a3d9a850,1,14541642399,其他,负向,中,进入人工复核队列，补充上下文后再归因,,,,,,低,2,
DFF-000515,苹果应用商店,https://itunes.apple.com/cn/review?id=1642894547&type=Purple%20Software,2026-09-15T05:10:52.261Z,2026-09-12T09:22:01-07:00,zh-CN,爆率真低,苹果玩家-3edee327ba21,5,14541642040,搜打撤与经济,正向,低,沉淀正向口碑素材，并同步研发团队,,,,,主题命中：爆率,中,1,主题命中：爆率
DFF-000516,苹果应用商店,https://itunes.apple.com/cn/review?id=1642894547&type=Purple%20Software,2026-09-15T05:10:52.261Z,2026-09-12T09:10:03-07:00,zh-CN,区中的区，ace扫盘跟闹一样,苹果玩家-028bf27cf643,1,14541600210,外挂与安全,负向,高,高优先级：优先排查反作弊链路，公开高频作弊类型处置进度,,,,,主题命中：ace扫盘,中,3,主题命中：ace扫盘
DFF-000517,Steam,https://steamcommunity.com/app/2507950/reviews/?browsefilter=mostrecent,2026-09-15T05:10:52.261Z,2026-09-12T09:05:19.000Z,zh-CN,bug亿吨，并且官方不修理bug和管挂dog,Steam玩家-86b5630390fb,不推荐,235081794,性能与优化,负向,中,按设备与网络环境复现高频问题，优先修复阻塞型故障,,,,,主题命中：bug,中,2,主题命中：bug
DFF-000518,苹果应用商店,https://itunes.apple.com/cn/review?id=1642894547&type=Purple%20Software,2026-09-15T05:10:52.261Z,2026-09-12T09:04:28-07:00,zh-CN,非常好玩👍👍👍,苹果玩家-2dea330ebc0d,5,14541580459,正向反馈,正向,低,沉淀正向口碑素材，并同步研发团队,,,,,正向命中：好玩,中,1,正向命中：好玩
DFF-000519,TapTap,https://www.taptap.cn/app/330259/review,2026-09-15T05:10:52.261Z,2026-09-12T09:03:57.000Z,zh-CN,悬赏破浪太爽了，抢地下船坞那艘攻击艇顺着河一路搜，满编队打水域真的上瘾,TapTap玩家-2c13e17c5394,5,50391936,正向反馈,正向,低,沉淀正向口碑素材，并同步研发团队,,,,,正向命中：爽,中,1,正向命中：爽
DFF-000520,苹果应用商店,https://itunes.apple.com/cn/review?id=1642894547&type=Purple%20Software,2026-09-15T05:10:52.261Z,2026-09-12T08:56:25-07:00,zh-CN,游戏超级好玩，推荐！,苹果玩家-9ea9fbe89d4b,5,14541552320,正向反馈,正向,低,沉淀正向口碑素材，并同步研发团队,,,,,正向命中：好玩、推荐,中,1,正向命中：好玩、推荐
DFF-000521,Steam,https://steamcommunity.com/app/2507950/reviews/?browsefilter=mostrecent,2026-09-15T05:10:52.261Z,2026-09-12T08:52:42.000Z,zh-CN,jp voice for operator not avaiable for na server,Steam玩家-56eac7ac2b25,不推荐,235081138,性能与优化,负向,中,按设备与网络环境复现高频问题，优先修复阻塞型故障,,,,,主题命中：server,中,2,主题命中：server
DFF-000522,苹果应用商店,https://itunes.apple.com/cn/review?id=1642894547&type=Purple%20Software,2026-09-15T05:10:52.261Z,2026-09-12T08:51:42-07:00,zh-CN,游戏蛮好不知道有些玩家是咋了,苹果玩家-0ec6e2c4e5ca,4,14541535542,正向反馈,正向,低,沉淀正向口碑素材，并同步研发团队,,,,,,中,1,
DFF-000523,苹果应用商店,https://itunes.apple.com/cn/review?id=1642894547&type=Purple%20Software,2026-09-15T05:10:52.261Z,2026-09-12T08:49:31-07:00,zh-CN,暴率非常高，非常的好玩,苹果玩家-47873670fe09,5,14541527885,搜打撤与经济,正向,低,沉淀正向口碑素材，并同步研发团队,,,,,主题命中：暴率；正向命中：好玩,中,1,主题命中：暴率；正向命中：好玩
DFF-000524,苹果应用商店,https://itunes.apple.com/cn/review?id=1642894547&type=Purple%20Software,2026-09-15T05:10:52.261Z,2026-09-12T08:47:54-07:00,zh-CN,暴率越来越低，刀皮越来越丑,苹果玩家-f14e91ce6745,1,14541522188,搜打撤与经济,负向,中,复核爆率、物价与撤离收益曲线，评估经济回收节奏,,,,,主题命中：暴率,中,2,主题命中：暴率
DFF-000525,苹果应用商店,https://itunes.apple.com/cn/review?id=1642894547&type=Purple%20Software,2026-09-15T05:10:52.261Z,2026-09-12T08:43:02-07:00,zh-CN,不管你做什么事情都会进黑屋,苹果玩家-ae0941e0831a,1,14541505188,客服与封禁,负向,高,高优先级：复核封禁与申诉工单，建立误封复查和响应时限,,,,,主题命中：黑屋；负向命中：黑屋,中,3,主题命中：黑屋；负向命中：黑屋
DFF-000526,Steam,https://steamcommunity.com/app/2507950/reviews/?browsefilter=mostrecent,2026-09-15T05:10:52.261Z,2026-09-12T08:42:57.000Z,zh-CN,老傻子东西游戏不咋地问题一大堆玩600小时了更新后进不去了我是不想在这傻逼东西上费精力了,Steam玩家-2a0a139f9865,不推荐,235080609,性能与优化,负向,严重,立即跟进：按设备与网络环境复现高频问题，优先修复阻塞型故障,,,,,主题命中：进不去；严重度命中：进不去,中,4,主题命中：进不去；严重度命中：进不去
DFF-000527,苹果应用商店,https://itunes.apple.com/cn/review?id=1642894547&type=Purple%20Software,2026-09-15T05:10:52.261Z,2026-09-12T08:39:16-07:00,zh-CN,手打车游戏就是好玩,苹果玩家-3670186522e1,5,14541491590,正向反馈,正向,低,沉淀正向口碑素材，并同步研发团队,,,,,正向命中：好玩,中,1,正向命中：好玩
DFF-000528,苹果应用商店,https://itunes.apple.com/cn/review?id=1642894547&type=Purple%20Software,2026-09-15T05:10:52.261Z,2026-09-12T08:26:39-07:00,zh-CN,多来点红🤲🏻,苹果玩家-069a65da768c,5,14541446104,正向反馈,正向,低,沉淀正向口碑素材，并同步研发团队,,,,,,中,1,
DFF-000529,苹果应用商店,https://itunes.apple.com/cn/review?id=1642894547&type=Purple%20Software,2026-09-15T05:10:52.261Z,2026-09-12T08:21:01-07:00,zh-CN,我有一天出了两个大红之后就没出过东西了过了三四天还是没出过东西，打机密航天全是五套四套,苹果玩家-ec7aca5f8e93,1,14541425707,搜打撤与经济,负向,中,复核爆率、物价与撤离收益曲线，评估经济回收节奏,,,,,主题命中：大红,中,2,主题命中：大红
DFF-000530,苹果应用商店,https://itunes.apple.com/cn/review?id=1642894547&type=Purple%20Software,2026-09-15T05:10:52.261Z,2026-09-12T08:20:40-07:00,zh-CN,跟屎一样，妈的玩个红薯里面全是乌噜噜，六个乌噜噜，我一个威龙轮回炸，我希望把乌鲁鲁删除掉,苹果玩家-111135b601c6,1,14541424417,武器与干员平衡,负向,中,结合胜率与出场率评估武器和干员强度,,,,,主题命中：威龙,中,2,主题命中：威龙
DFF-000531,TapTap,https://www.taptap.cn/app/330259/review,2026-09-15T05:10:52.261Z,2026-09-12T08:17:23.000Z,zh-CN,战令皮肤全部都说限时绝版，一旦错过以后不会返场。平时上学忙没有时间打满周任务，如果不买等级，这些所有的奖励都拿不全。不想亏了，现在只能要么每天硬挤时间肝任务，要么额外花钱买战令等级。,TapTap玩家-b198dd418606,1,50391420,任务与成长,负向,中,优化任务节奏、新手引导和奖励获得感,,,,,主题命中：任务、周任务、等级、肝、奖励,高,2,主题命中：任务、周任务、等级、肝、奖励
DFF-000532,苹果应用商店,https://itunes.apple.com/cn/review?id=1642894547&type=Purple%20Software,2026-09-15T05:10:52.261Z,2026-09-12T08:14:21-07:00,zh-CN,我是蕾丝，我要把你崩飞,苹果玩家-2dc196dc725f,5,14541401579,正向反馈,正向,低,沉淀正向口碑素材，并同步研发团队,,,,,负向命中：崩,中,1,负向命中：崩
DFF-000533,Steam,https://steamcommunity.com/app/2507950/reviews/?browsefilter=mostrecent,2026-09-15T05:10:52.261Z,2026-09-12T08:12:59.000Z,zh-CN,fgdfg,Steam玩家-69dd1a32557b,推荐,235079053,正向反馈,正向,低,沉淀正向口碑素材，并同步研发团队,,,,,,中,1,
DFF-000534,苹果应用商店,https://itunes.apple.com/cn/review?id=1642894547&type=Purple%20Software,2026-09-15T05:10:52.261Z,2026-09-12T08:12:53-07:00,zh-CN,傻子游戏爆率低的离谱,苹果玩家-f301a5b2af35,3,14541396268,搜打撤与经济,负向,中,复核爆率、物价与撤离收益曲线，评估经济回收节奏,,,,,主题命中：爆率；负向命中：离谱、爆率低,中,2,主题命中：爆率；负向命中：离谱、爆率低
DFF-000535,苹果应用商店,https://itunes.apple.com/cn/review?id=1642894547&type=Purple%20Software,2026-09-15T05:10:52.261Z,2026-09-12T08:07:55-07:00,zh-CN,爆率低，外挂还多 靶场伤害还不一样,苹果玩家-740283cd22e0,1,14541378040,外挂与安全,负向,高,高优先级：优先排查反作弊链路，公开高频作弊类型处置进度,,,,,主题命中：外挂；负向命中：外挂、爆率低,中,3,主题命中：外挂；负向命中：外挂、爆率低
DFF-000536,苹果应用商店,https://itunes.apple.com/cn/review?id=1642894547&type=Purple%20Software,2026-09-15T05:10:52.261Z,2026-09-12T08:03:20-07:00,zh-CN,其实有的时候打的还是挺爽的,苹果玩家-3e177d23229d,5,14541361367,正向反馈,正向,低,沉淀正向口碑素材，并同步研发团队,,,,,正向命中：爽,中,1,正向命中：爽
DFF-000537,苹果应用商店,https://itunes.apple.com/cn/review?id=1642894547&type=Purple%20Software,2026-09-15T05:10:52.261Z,2026-09-12T08:02:08-07:00,zh-CN,快点出彦祖快点给二周年点券不然小🐓🐓打爆,苹果玩家-9541fcd67235,5,14541356978,付费与通行证,正向,低,沉淀正向口碑素材，并同步研发团队,付费与通行证,正向,低,是,主题命中：点券,中,1,主题命中：点券
DFF-000538,苹果应用商店,https://itunes.apple.com/cn/review?id=1642894547&type=Purple%20Software,2026-09-15T05:10:52.261Z,2026-09-12T08:00:36-07:00,zh-CN,还有深蓝都被削成啥了？都搁那坐轮椅了还一直追着他削弱，回调深蓝！！！！！！！！！！！！！！！！！！！！！！！,苹果玩家-37bfe95bc8af,3,14541351261,武器与干员平衡,中性,低,结合胜率与出场率评估武器和干员强度,,,,,主题命中：削弱、削、深蓝,高,1,主题命中：削弱、削、深蓝
DFF-000539,苹果应用商店,https://itunes.apple.com/cn/review?id=1642894547&type=Purple%20Software,2026-09-15T05:10:52.261Z,2026-09-12T07:59:02-07:00,zh-CN,az3就是个垃圾图，到处zha,苹果玩家-0f3277d92328,1,14541345386,地图与模式,负向,中,汇总热点区域与模式数据，安排地图和玩法迭代,,,,,主题命中：az3；负向命中：垃圾,中,2,主题命中：az3；负向命中：垃圾
DFF-000540,苹果应用商店,https://itunes.apple.com/cn/review?id=1642894547&type=Purple%20Software,2026-09-15T05:10:52.261Z,2026-09-12T07:53:32-07:00,zh-CN,非常良心就是应该提暴率,苹果玩家-a1705b6a0090,1,14541325198,搜打撤与经济,负向,中,复核爆率、物价与撤离收益曲线，评估经济回收节奏,,,,,主题命中：暴率；正向命中：良心,中,2,主题命中：暴率；正向命中：良心
DFF-000541,苹果应用商店,https://itunes.apple.com/cn/review?id=1642894547&type=Purple%20Software,2026-09-15T05:10:52.261Z,2026-09-12T07:53:21-07:00,zh-CN,这垃圾玩意儿误封绿玩就算了 里面挂狗横行 一把微冲 隔着八百米 一枪秒 官方毫无作为 趁早关服算球,苹果玩家-613ea614ab97,1,14541324534,外挂与安全,负向,严重,立即跟进：优先排查反作弊链路，公开高频作弊类型处置进度,,,,,主题命中：挂狗；负向命中：垃圾；严重度命中：误封,中,4,主题命中：挂狗；负向命中：垃圾；严重度命中：误封
DFF-000542,Steam,https://steamcommunity.com/app/2507950/reviews/?browsefilter=mostrecent,2026-09-15T05:10:52.261Z,2026-09-12T07:49:05.000Z,zh-CN,不能登QQ、微信账号，新手环境差，没人带着玩，全都瞧不起新手,Steam玩家-15e8b7d8cd0d,不推荐,235077761,任务与成长,负向,中,优化任务节奏、新手引导和奖励获得感,,,,,主题命中：新手；负向命中：差,中,2,主题命中：新手；负向命中：差
DFF-000543,苹果应用商店,https://itunes.apple.com/cn/review?id=1642894547&type=Purple%20Software,2026-09-15T05:10:52.261Z,2026-09-12T07:44:15-07:00,zh-CN,环境差到一定程度了，,苹果玩家-ed2f350936a0,2,14541290889,其他,负向,低,进入人工复核队列，补充上下文后再归因,,,,,负向命中：差,低,1,负向命中：差
DFF-000544,Steam,https://steamcommunity.com/app/2507950/reviews/?browsefilter=mostrecent,2026-09-15T05:10:52.261Z,2026-09-12T07:41:04.000Z,en,Cheater Everywhere,Steam玩家-ce88de841ad6,不推荐,235077308,外挂与安全,负向,高,高优先级：优先排查反作弊链路，公开高频作弊类型处置进度,,,,,主题命中：cheat、cheater,高,3,主题命中：cheat、cheater
DFF-000545,苹果应用商店,https://itunes.apple.com/cn/review?id=1642894547&type=Purple%20Software,2026-09-15T05:10:52.261Z,2026-09-12T07:40:11-07:00,zh-CN,注销账号了，挂也挺多，越打心情越差,苹果玩家-c4b5f8910805,1,14541275937,客服与封禁,负向,高,高优先级：复核封禁与申诉工单，建立误封复查和响应时限,,,,,主题命中：注销；负向命中：差,中,3,主题命中：注销；负向命中：差
DFF-000546,Steam,https://steamcommunity.com/app/2507950/reviews/?browsefilter=mostrecent,2026-09-15T05:10:52.261Z,2026-09-12T07:37:28.000Z,ru,good,Steam玩家-e9edf954d98c,推荐,235077127,正向反馈,正向,低,沉淀正向口碑素材，并同步研发团队,正向反馈,正向,低,是,正向命中：good,中,1,正向命中：good
DFF-000547,苹果应用商店,https://itunes.apple.com/cn/review?id=1642894547&type=Purple%20Software,2026-09-15T05:10:52.261Z,2026-09-12T07:36:11-07:00,zh-CN,我从s1赛季开始玩当时的确震撼到我了但是后来就首先就是地图不是越出越大就是点位有问题还有关于炮弹伤害这件事比如为什么高爆弹有时炸一片有时才炸半血一个人甚至教官开盾时能生吃主战3发钢针666是我盾牌里掺爆反了还是老美的坦克技术倒退了完事教官一发给我残血主战送走了还有就是这个风味固定机枪我实在想不出这玩意除了战场氛围还能干啥如果不考虑优化应该做一个压制效果或让其子弹更明显有压迫感还有不只这些问题但我希望这游戏更好而不是打着三角洲这个老IP一直糊弄玩家,苹果玩家-1b94f040b04f,5,14541261311,武器与干员平衡,正向,低,沉淀正向口碑素材，并同步研发团队,,,,,主题命中：盾、伤害、子弹,高,1,主题命中：盾、伤害、子弹
DFF-000548,苹果应用商店,https://itunes.apple.com/cn/review?id=1642894547&type=Purple%20Software,2026-09-15T05:10:52.261Z,2026-09-12T07:30:44-07:00,zh-CN,垃圾游戏,苹果玩家-26e23da55782,1,14541241137,其他,负向,中,进入人工复核队列，补充上下文后再归因,,,,,负向命中：垃圾,低,2,负向命中：垃圾
DFF-000549,Steam,https://steamcommunity.com/app/2507950/reviews/?browsefilter=mostrecent,2026-09-15T05:10:52.261Z,2026-09-12T07:30:20.000Z,en,this ♥♥♥♥ jeffrey star type beat roblox physics type beat call of duty knockoff type beat,Steam玩家-ec5e1d5b7471,不推荐,235076766,其他,负向,中,进入人工复核队列，补充上下文后再归因,,,,,,低,2,
DFF-000550,苹果应用商店,https://itunes.apple.com/cn/review?id=1642894547&type=Purple%20Software,2026-09-15T05:10:52.261Z,2026-09-12T07:28:08-07:00,zh-CN,感觉就是好游戏捞出来一大把，有他无所谓,苹果玩家-ed8a4cf67c42,1,14541231645,其他,负向,中,进入人工复核队列，补充上下文后再归因,,,,,,低,2,
DFF-000551,苹果应用商店,https://itunes.apple.com/cn/review?id=1642894547&type=Purple%20Software,2026-09-15T05:10:52.261Z,2026-09-12T07:22:13-07:00,zh-CN,三角洲我不要你说给很多福利，现在只想让你好好管管挂，希望以后可以见到更好的洲我从1赛季开玩第一次对你失望国产之光加油改进吧,苹果玩家-50cf60d184e6,5,14541210060,任务与成长,混合,低,优化任务节奏、新手引导和奖励获得感,,,,,主题命中：福利；正向命中：改进、加油；负向命中：失望,中,1,主题命中：福利；正向命中：改进、加油；负向命中：失望
DFF-000552,苹果应用商店,https://itunes.apple.com/cn/review?id=1642894547&type=Purple%20Software,2026-09-15T05:10:52.261Z,2026-09-12T07:16:58-07:00,zh-CN,每天加载一直卡在加载页面正在扩张资源包然后呢，我搞了一个小时卡在那能不能把资源包做小一点？真的是遇到人就卡遇到个人机卡关键是我昨天都还在玩今天发现登不上去了一直卡在扩张资源包那个页面我们这种老设备真的玩不了这种游戏吗？,苹果玩家-f629db290780,1,14541190578,性能与优化,负向,严重,立即跟进：按设备与网络环境复现高频问题，优先修复阻塞型故障,,,,,主题命中：加载；负向命中：玩不了；严重度命中：玩不了,中,4,主题命中：加载；负向命中：玩不了；严重度命中：玩不了
DFF-000553,苹果应用商店,https://itunes.apple.com/cn/review?id=1642894547&type=Purple%20Software,2026-09-15T05:10:52.261Z,2026-09-12T07:11:20-07:00,zh-CN,出人像了嘿嘿,苹果玩家-382302ff7875,5,14541169888,正向反馈,正向,低,沉淀正向口碑素材，并同步研发团队,,,,,,中,1,
DFF-000554,TapTap,https://www.taptap.cn/app/330259/review,2026-09-15T05:10:52.261Z,2026-09-12T07:10:21.000Z,zh-CN,新出的MDR后坐力稳得一批，中距离点射跟激光枪一样，这版本步枪手狂喜,TapTap玩家-c3f53a9c4fcc,5,50390700,武器与干员平衡,正向,低,沉淀正向口碑素材，并同步研发团队,,,,,主题命中：步枪、后坐力,高,1,主题命中：步枪、后坐力
DFF-000555,苹果应用商店,https://itunes.apple.com/cn/review?id=1642894547&type=Purple%20Software,2026-09-15T05:10:52.261Z,2026-09-12T07:08:52-07:00,zh-CN,本来内存就不够，还要再一次的更新，卸载了许多App，还说没有卸载，还让不让人玩游戏了，差评，真的是气死我了好不容易下载成功了，还要等那么长时间气不气人明明已经更新好了，结果又来更新。然后又要下载一次，这次时间直接变成了4小时还让别人玩了，真有病，商家都不知道咋设置的脑子进水了。😡🤬还不如去玩别的了下回能不能把时间调慢点，况且明明都已经等到下载完成了，点进去之后还要再下载一遍是什么意思啊我真的不知道怎么说了。这个是无语死了。别的游戏加载几秒钟就完成了他的几个小时都加载不完，希望能再快一点差评，我一颗心都不想点😡😡😡😡😡😡🤬🤬🤬🤬💢💢真不知道怎么说，反正就是差评💢😡以后再这样子，我直接拉黑这回要更新什么赶紧更新别以后还要这样子。,苹果玩家-cbd35b1a7dd9,1,14541160738,性能与优化,负向,高,高优先级：按设备与网络环境复现高频问题，优先修复阻塞型故障,,,,,主题命中：加载、内存；负向命中：差、无语,高,3,主题命中：加载、内存；负向命中：差、无语
DFF-000556,Steam,https://steamcommunity.com/app/2507950/reviews/?browsefilter=mostrecent,2026-09-15T05:10:52.261Z,2026-09-12T07:03:40.000Z,zh-CN,无缘无故给我退出游戏，整改sb游戏冲了那么多怎么搞我,Steam玩家-95f1dabdf7d9,不推荐,235075472,其他,负向,中,进入人工复核队列，补充上下文后再归因,,,,,,低,2,
DFF-000557,苹果应用商店,https://itunes.apple.com/cn/review?id=1642894547&type=Purple%20Software,2026-09-15T05:10:52.261Z,2026-09-12T07:03:04-07:00,zh-CN,真的每把都有人蹲还不让我钓虎鱼暴率还低这游戏纯搞心态,苹果玩家-3478cc81b87d,1,14541139433,搜打撤与经济,负向,中,复核爆率、物价与撤离收益曲线，评估经济回收节奏,,,,,主题命中：暴率、虎鱼,高,2,主题命中：暴率、虎鱼
DFF-000558,苹果应用商店,https://itunes.apple.com/cn/review?id=1642894547&type=Purple%20Software,2026-09-15T05:10:52.261Z,2026-09-12T07:02:44-07:00,zh-CN,卡的进不去,苹果玩家-5a783e9617a2,1,14541138199,性能与优化,负向,严重,立即跟进：按设备与网络环境复现高频问题，优先修复阻塞型故障,,,,,主题命中：进不去；严重度命中：进不去,中,4,主题命中：进不去；严重度命中：进不去
DFF-000559,Steam,https://steamcommunity.com/app/2507950/reviews/?browsefilter=mostrecent,2026-09-15T05:10:52.261Z,2026-09-12T06:53:42.000Z,zh-CN,优化一坨，天天闪退，,Steam玩家-5035e5eb2953,不推荐,235074971,性能与优化,负向,严重,立即跟进：按设备与网络环境复现高频问题，优先修复阻塞型故障,,,,,主题命中：优化、闪退；负向命中：一坨；严重度命中：闪退,高,4,主题命中：优化、闪退；负向命中：一坨；严重度命中：闪退
DFF-000560,苹果应用商店,https://itunes.apple.com/cn/review?id=1642894547&type=Purple%20Software,2026-09-15T05:10:52.261Z,2026-09-12T06:50:29-07:00,zh-CN,关于我玩这个三角都一从S三赛季玩到现在还是11赛季在这一段时间内，我见到了第一个首个可以使用的无人机，后来从11赛季后又多更新了一个守夜人口琴，但是我感觉这些都太少了，就是希望官方能不能再多出一些可以互动的红谢谢官方,苹果玩家-42bb042a80b5,5,14541093578,匹配与队友,正向,低,沉淀正向口碑素材，并同步研发团队,,,,,主题命中：人机,中,1,主题命中：人机
DFF-000561,苹果应用商店,https://itunes.apple.com/cn/review?id=1642894547&type=Purple%20Software,2026-09-15T05:10:52.261Z,2026-09-12T06:47:40-07:00,zh-CN,残局太多了，基本上都是必输局，要么就是还没有杀几个就赢了，一把里面全是人机，真人太少了，有时候一天十把八把残局，常常杀到榜一还是连跪,苹果玩家-371ff029949c,2,14541083493,匹配与队友,负向,低,分析匹配池与单排体验，降低实力差距和摆烂影响,,,,,主题命中：人机、全是人机,高,1,主题命中：人机、全是人机
DFF-000562,苹果应用商店,https://itunes.apple.com/cn/review?id=1642894547&type=Purple%20Software,2026-09-15T05:10:52.261Z,2026-09-12T06:46:01-07:00,zh-CN,不管在什么模式里都能遇见挂哥，就算是普通大坝，我现在遇见挂哥的概率也特别高，突然从地底下窜出来一个人把你打死了，举报一个月两个月都等不着结果，希望官方能制裁一下挂哥,苹果玩家-313860dbecbb,4,14541077595,地图与模式,正向,低,沉淀正向口碑素材，并同步研发团队,,,,,主题命中：模式、大坝,高,1,主题命中：模式、大坝
DFF-000563,苹果应用商店,https://itunes.apple.com/cn/review?id=1642894547&type=Purple%20Software,2026-09-15T05:10:52.261Z,2026-09-12T06:43:07-07:00,zh-CN,每次从电脑端进去，需要15至17分钟，为什么每天维护这么频繁,苹果玩家-2db84eef41d0,1,14541067184,性能与优化,负向,中,按设备与网络环境复现高频问题，优先修复阻塞型故障,,,,,主题命中：维护,中,2,主题命中：维护
DFF-000564,苹果应用商店,https://itunes.apple.com/cn/review?id=1642894547&type=Purple%20Software,2026-09-15T05:10:52.261Z,2026-09-12T06:38:08-07:00,zh-CN,这个游戏监狱很赚钱，前提是你得花几千万熟悉地图，之后就是一天能赚3000万,苹果玩家-ac336a618176,5,14541049329,地图与模式,正向,低,沉淀正向口碑素材，并同步研发团队,,,,,主题命中：地图,中,1,主题命中：地图
DFF-000565,Steam,https://steamcommunity.com/app/2507950/reviews/?browsefilter=mostrecent,2026-09-15T05:10:52.261Z,2026-09-12T06:37:59.000Z,zh-CN,新版本配置差一点，跑刀没事，装备一起高价格一天必定掉线一把,Steam玩家-50af1d236aa5,不推荐,235074196,付费与通行证,负向,中,解释付费价值并监控定价、返场与抽取争议,,,,,主题命中：价格；负向命中：差,中,2,主题命中：价格；负向命中：差
DFF-000566,Steam,https://steamcommunity.com/app/2507950/reviews/?browsefilter=mostrecent,2026-09-15T05:10:52.261Z,2026-09-12T06:37:44.000Z,en,fhgdghf,Steam玩家-512882d4dc8c,推荐,235074180,正向反馈,正向,低,沉淀正向口碑素材，并同步研发团队,,,,,,中,1,
DFF-000567,苹果应用商店,https://itunes.apple.com/cn/review?id=1642894547&type=Purple%20Software,2026-09-15T05:10:52.261Z,2026-09-12T06:35:12-07:00,zh-CN,改了就是改了，没有什么不能说的,苹果玩家-867dc8c87bad,5,14541038947,正向反馈,正向,低,沉淀正向口碑素材，并同步研发团队,,,,,,中,1,
DFF-000568,Steam,https://steamcommunity.com/app/2507950/reviews/?browsefilter=mostrecent,2026-09-15T05:10:52.261Z,2026-09-12T06:35:06.000Z,ru,норм,Steam玩家-59b69e6834ca,推荐,235074042,正向反馈,正向,低,沉淀正向口碑素材，并同步研发团队,,,,,,中,1,
DFF-000569,苹果应用商店,https://itunes.apple.com/cn/review?id=1642894547&type=Purple%20Software,2026-09-15T05:10:52.261Z,2026-09-12T06:28:57-07:00,zh-CN,虽然S10才入坑，但是搜打撤和出大红的乐趣蛮浓厚的，虽然爆率忽高忽低，但是能用六套冲航天换百万还是值了，希望官方能把三角洲做得越来越好，不说完美，起码不要辜负了玩家们最真诚的期待！花来！！！,苹果玩家-9d86234acc84,5,14541016899,搜打撤与经济,混合,中,复核爆率、物价与撤离收益曲线，评估经济回收节奏,,,,,主题命中：爆率、大红、搜打撤；正向命中：期待；负向命中：坑,高,2,主题命中：爆率、大红、搜打撤；正向命中：期待；负向命中：坑
DFF-000570,苹果应用商店,https://itunes.apple.com/cn/review?id=1642894547&type=Purple%20Software,2026-09-15T05:10:52.261Z,2026-09-12T06:27:10-07:00,zh-CN,每天都会给我不一样的惊喜，非常的好玩，会遇到很多好朋友，而且非常的有意思,苹果玩家-e8d5b3d02752,5,14541010598,正向反馈,正向,低,沉淀正向口碑素材，并同步研发团队,,,,,正向命中：好玩、有意思,中,1,正向命中：好玩、有意思
DFF-000571,Steam,https://steamcommunity.com/app/2507950/reviews/?browsefilter=mostrecent,2026-09-15T05:10:52.261Z,2026-09-12T06:26:39.000Z,en,"imagine hiding your newest op behind a paywall, loser ass devs",Steam玩家-bfbb8656e307,不推荐,235073629,付费与通行证,负向,中,解释付费价值并监控定价、返场与抽取争议,,,,,主题命中：pay,中,2,主题命中：pay
DFF-000572,苹果应用商店,https://itunes.apple.com/cn/review?id=1642894547&type=Purple%20Software,2026-09-15T05:10:52.261Z,2026-09-12T06:25:17-07:00,zh-CN,玩了六个赛季，没见过高级子弹零件,苹果玩家-94f18a4132f5,1,14541003924,武器与干员平衡,负向,中,结合胜率与出场率评估武器和干员强度,,,,,主题命中：子弹,中,2,主题命中：子弹
DFF-000573,Steam,https://steamcommunity.com/app/2507950/reviews/?browsefilter=mostrecent,2026-09-15T05:10:52.261Z,2026-09-12T06:22:37.000Z,ko,굳건하게 똥맵도 마다하지않고 플레이하다 10판연속 나오는거보고 공식클라로 떠납니다....,Steam玩家-2053a4b46d33,推荐,235073452,正向反馈,正向,低,沉淀正向口碑素材，并同步研发团队,,,,,,中,1,
DFF-000574,苹果应用商店,https://itunes.apple.com/cn/review?id=1642894547&type=Purple%20Software,2026-09-15T05:10:52.261Z,2026-09-12T06:13:57-07:00,zh-CN,希望官方加强盾。我的枪法并不是很好，盾则是我唯一能用的GTI干员之一。盾这一干员已经成了标靶了，这就导致他完全不能上手了，我们会打好还，刚用盾的呢。他们基本都不会抬盾，在战斗的时候非常容易被送回特勤处。我不想说太多，还是希望官方增强。,苹果玩家-3e5abf9b8d86,3,14540964293,武器与干员平衡,中性,低,结合胜率与出场率评估武器和干员强度,,,,,主题命中：干员、加强、盾,高,1,主题命中：干员、加强、盾
DFF-000575,苹果应用商店,https://itunes.apple.com/cn/review?id=1642894547&type=Purple%20Software,2026-09-15T05:10:52.261Z,2026-09-12T06:13:31-07:00,zh-CN,我在卡车车厢里身体穿膜了，被车厢外面的人打死了，能不能修改一下？？,苹果玩家-ee246b86975b,5,14540962738,正向反馈,正向,低,沉淀正向口碑素材，并同步研发团队,,,,,,中,1,
DFF-000576,TapTap,https://www.taptap.cn/app/330259/review,2026-09-15T05:10:52.261Z,2026-09-12T06:12:25.000Z,zh-CN,任务比上赛季人性多了啊，主线星数降了，收集提交也少，打工人每晚两三把照样跟得上进度,TapTap玩家-5f015d70f855,5,50390027,任务与成长,正向,低,沉淀正向口碑素材，并同步研发团队,,,,,主题命中：任务、进度、收集,高,1,主题命中：任务、进度、收集
DFF-000577,Steam,https://steamcommunity.com/app/2507950/reviews/?browsefilter=mostrecent,2026-09-15T05:10:52.261Z,2026-09-12T06:10:56.000Z,zh-CN,我玩你嘛呢，司马腾讯搞个反作弊还要玩家自己去设置，按照教程设置了还是继续弹窗出来说我没设置，司马东西你自己的责任还要转嫁到玩家头上，煞笔玩意,Steam玩家-f4872eb71f93,不推荐,235072931,外挂与安全,负向,高,高优先级：优先排查反作弊链路，公开高频作弊类型处置进度,,,,,主题命中：作弊、反作弊；负向命中：作弊,高,3,主题命中：作弊、反作弊；负向命中：作弊
DFF-000578,苹果应用商店,https://itunes.apple.com/cn/review?id=1642894547&type=Purple%20Software,2026-09-15T05:10:52.261Z,2026-09-12T06:09:59-07:00,zh-CN,谁能告诉我iPad怎么进？我的iPad版本旧了一点进去的时候更新完就直接黑屏了，只有声音没有画面点五星是想让更多人看见谁能帮我解答一下,苹果玩家-bfae87a86841,5,14540950294,性能与优化,正向,严重,立即跟进：按设备与网络环境复现高频问题，优先修复阻塞型故障,,,,,主题命中：黑屏；严重度命中：黑屏,中,4,主题命中：黑屏；严重度命中：黑屏
DFF-000579,苹果应用商店,https://itunes.apple.com/cn/review?id=1642894547&type=Purple%20Software,2026-09-15T05:10:52.261Z,2026-09-12T06:07:53-07:00,zh-CN,你奶奶的爷爷的奶奶*********,苹果玩家-e82a50206d7d,1,14540943114,其他,负向,中,进入人工复核队列，补充上下文后再归因,,,,,,低,2,
DFF-000580,苹果应用商店,https://itunes.apple.com/cn/review?id=1642894547&type=Purple%20Software,2026-09-15T05:10:52.261Z,2026-09-12T06:05:38-07:00,zh-CN,这游戏废了 退游了。,苹果玩家-c54329cca508,5,14540935435,其他,负向,低,进入人工复核队列，补充上下文后再归因,,,,,负向命中：退游,低,1,负向命中：退游
DFF-000581,苹果应用商店,https://itunes.apple.com/cn/review?id=1642894547&type=Purple%20Software,2026-09-15T05:10:52.261Z,2026-09-12T06:03:38-07:00,zh-CN,就是感觉吗，这个做得比较真实，然后在充电过程中打游戏也不是很卡，就是一个比较推荐手机，用多年一种游戏,苹果玩家-75e9f302f8d3,5,14540928558,其他,混合,低,进入人工复核队列，补充上下文后再归因,正向反馈,正向,低,否,正向命中：推荐、真实、推荐手机；负向命中：很卡,低,1,正向命中：推荐、真实、推荐手机；负向命中：很卡
DFF-000582,Steam,https://steamcommunity.com/app/2507950/reviews/?browsefilter=mostrecent,2026-09-15T05:10:52.261Z,2026-09-12T06:03:30.000Z,en,"Delta Force is vulnerable to hacks and cheats, despite the developers using a kernel-level anti-cheat system called Anti-Cheat Expert (ACE)",Steam玩家-3b1148b66c2a,不推荐,235072567,外挂与安全,负向,高,高优先级：优先排查反作弊链路，公开高频作弊类型处置进度,,,,,主题命中：hack、cheat、esp,高,3,主题命中：hack、cheat、esp
DFF-000583,苹果应用商店,https://itunes.apple.com/cn/review?id=1642894547&type=Purple%20Software,2026-09-15T05:10:52.261Z,2026-09-12T06:02:32-07:00,zh-CN,非常好玩,苹果玩家-622f2d699968,5,14540924681,正向反馈,正向,低,沉淀正向口碑素材，并同步研发团队,,,,,正向命中：好玩,中,1,正向命中：好玩
DFF-000584,Steam,https://steamcommunity.com/app/2507950/reviews/?browsefilter=mostrecent,2026-09-15T05:10:52.261Z,2026-09-12T05:58:43.000Z,zh-CN,我的确玩了很久，但是这不影响我如实评价，这游戏很恶心，而且是设计师故意的，把游戏机制整的很恶心。射击不像射击，因为技能很猛，你靠技能吧，他是射击游戏。烽火就是摸宝的，整的逼的你打架，比他么大战场都激烈，各种恶心。,Steam玩家-0bb68a39db52,不推荐,235072332,地图与模式,负向,中,汇总热点区域与模式数据，安排地图和玩法迭代,,,,,主题命中：大战场；负向命中：恶心,中,2,主题命中：大战场；负向命中：恶心
DFF-000585,苹果应用商店,https://itunes.apple.com/cn/review?id=1642894547&type=Purple%20Software,2026-09-15T05:10:52.261Z,2026-09-12T05:54:35-07:00,zh-CN,什么大狗粪游戏,苹果玩家-fba3b4f0423f,1,14540897746,其他,负向,中,进入人工复核队列，补充上下文后再归因,,,,,,低,2,
DFF-000586,苹果应用商店,https://itunes.apple.com/cn/review?id=1642894547&type=Purple%20Software,2026-09-15T05:10:52.261Z,2026-09-12T05:52:59-07:00,zh-CN,暴率太低了，真的受不了了,苹果玩家-a20b0da5fcd7,1,14540892437,搜打撤与经济,负向,中,复核爆率、物价与撤离收益曲线，评估经济回收节奏,,,,,主题命中：暴率；负向命中：受不了、太低了,中,2,主题命中：暴率；负向命中：受不了、太低了
DFF-000587,苹果应用商店,https://itunes.apple.com/cn/review?id=1642894547&type=Purple%20Software,2026-09-15T05:10:52.261Z,2026-09-12T05:49:07-07:00,zh-CN,给你六颗心，这颗是多出来的一颗心,苹果玩家-816b72062aa9,5,14540879491,搜打撤与经济,正向,低,沉淀正向口碑素材，并同步研发团队,,,,,主题命中：一颗心,中,1,主题命中：一颗心
DFF-000588,苹果应用商店,https://itunes.apple.com/cn/review?id=1642894547&type=Purple%20Software,2026-09-15T05:10:52.261Z,2026-09-12T05:41:58-07:00,zh-CN,太好玩了,苹果玩家-e850087b8498,5,14540855548,正向反馈,正向,低,沉淀正向口碑素材，并同步研发团队,,,,,正向命中：好玩,中,1,正向命中：好玩
DFF-000589,苹果应用商店,https://itunes.apple.com/cn/review?id=1642894547&type=Purple%20Software,2026-09-15T05:10:52.261Z,2026-09-12T05:41:04-07:00,zh-CN,嫂子很舒服很润,苹果玩家-b19d576ca69e,5,14540852544,正向反馈,正向,低,沉淀正向口碑素材，并同步研发团队,,,,,正向命中：舒服,中,1,正向命中：舒服
DFF-000590,苹果应用商店,https://itunes.apple.com/cn/review?id=1642894547&type=Purple%20Software,2026-09-15T05:10:52.261Z,2026-09-12T05:40:33-07:00,zh-CN,"游戏很好玩，花样也很多，S 11大更新是从S五到现在最有意思的一次，但是物价太贵，暴率太低，普通玩家收入跟不上，建议物价回调导向S1赛季一样300,000就能改一把门改枪",苹果玩家-c949295bbb80,4,14540850843,搜打撤与经济,正向,低,沉淀正向口碑素材，并同步研发团队,,,,,主题命中：暴率、物价；正向命中：好玩、有意思,高,1,主题命中：暴率、物价；正向命中：好玩、有意思
DFF-000591,苹果应用商店,https://itunes.apple.com/cn/review?id=1642894547&type=Purple%20Software,2026-09-15T05:10:52.261Z,2026-09-12T05:36:40-07:00,zh-CN,伤害太高了,苹果玩家-c2851ee4d82d,3,14540838058,武器与干员平衡,中性,低,结合胜率与出场率评估武器和干员强度,,,,,主题命中：伤害,中,1,主题命中：伤害
DFF-000592,Steam,https://steamcommunity.com/app/2507950/reviews/?browsefilter=mostrecent,2026-09-15T05:10:52.261Z,2026-09-12T05:35:48.000Z,en,Trash!,Steam玩家-bbf14a01ce1d,不推荐,235071292,其他,负向,中,进入人工复核队列，补充上下文后再归因,,,,,负向命中：trash,低,2,负向命中：trash
DFF-000593,苹果应用商店,https://itunes.apple.com/cn/review?id=1642894547&type=Purple%20Software,2026-09-15T05:10:52.261Z,2026-09-12T05:29:41-07:00,zh-CN,和儿子一起下载完的真的很好玩。,苹果玩家-30c65eb65db3,5,14540815231,正向反馈,正向,低,沉淀正向口碑素材，并同步研发团队,,,,,正向命中：好玩,中,1,正向命中：好玩
DFF-000594,苹果应用商店,https://itunes.apple.com/cn/review?id=1642894547&type=Purple%20Software,2026-09-15T05:10:52.261Z,2026-09-12T05:29:30-07:00,zh-CN,我一个未成年人，他们公共明明说了星期5，星期六星期日八到9:00可以上号我真是快等了半个小时都不让我进去客服根本没说啥。真的是为了研究这干吗的真的是。感觉是针对性的。垃圾的要死。,苹果玩家-3ef09ec62561,1,14540814646,客服与封禁,负向,高,高优先级：复核封禁与申诉工单，建立误封复查和响应时限,,,,,主题命中：客服；负向命中：垃圾,中,3,主题命中：客服；负向命中：垃圾
DFF-000595,苹果应用商店,https://itunes.apple.com/cn/review?id=1642894547&type=Purple%20Software,2026-09-15T05:10:52.261Z,2026-09-12T05:28:31-07:00,zh-CN,我就不明白了，为什么这么多人叫你的游戏是蟑螂入土？琳琅天上不行吗？,苹果玩家-b83edcf0911b,5,14540811330,正向反馈,正向,低,沉淀正向口碑素材，并同步研发团队,,,,,,中,1,
DFF-000596,苹果应用商店,https://itunes.apple.com/cn/review?id=1642894547&type=Purple%20Software,2026-09-15T05:10:52.261Z,2026-09-12T05:28:12-07:00,zh-CN,真没救了，吃得多就给匹配高压低爆局，我真无语了外挂管控都管控不了管控了就是一刀切👎👎👎👎👎👎👎👎👎👎👎😩😩😩😩😩😩😩😩😩🤬🤬🤬🤬🤬,苹果玩家-3439fe1a90e1,3,14540810343,外挂与安全,负向,高,高优先级：优先排查反作弊链路，公开高频作弊类型处置进度,,,,,主题命中：外挂；负向命中：无语、外挂,中,3,主题命中：外挂；负向命中：无语、外挂
DFF-000597,苹果应用商店,https://itunes.apple.com/cn/review?id=1642894547&type=Purple%20Software,2026-09-15T05:10:52.261Z,2026-09-12T05:27:45-07:00,zh-CN,三角洲一款非常好玩的游戏有激情的对抗玩法十足，给我们带来了很多的乐趣,苹果玩家-6e3faeb7ddde,5,14540808874,地图与模式,正向,低,沉淀正向口碑素材，并同步研发团队,,,,,主题命中：玩法；正向命中：好玩,中,1,主题命中：玩法；正向命中：好玩
DFF-000598,Steam,https://steamcommunity.com/app/2507950/reviews/?browsefilter=mostrecent,2026-09-15T05:10:52.261Z,2026-09-12T05:27:37.000Z,en,boleh,Steam玩家-1efcee4de3d2,推荐,235070917,正向反馈,正向,低,沉淀正向口碑素材，并同步研发团队,,,,,,中,1,
DFF-000599,Steam,https://steamcommunity.com/app/2507950/reviews/?browsefilter=mostrecent,2026-09-15T05:10:52.261Z,2026-09-12T05:22:32.000Z,zh-CN,都是人机 基本没活人,Steam玩家-01b28446d832,不推荐,235070650,匹配与队友,负向,中,分析匹配池与单排体验，降低实力差距和摆烂影响,,,,,主题命中：人机,中,2,主题命中：人机
DFF-000600,Steam,https://steamcommunity.com/app/2507950/reviews/?browsefilter=mostrecent,2026-09-15T05:10:52.261Z,2026-09-12T05:17:46.000Z,en,Full of hackers and now i die in two hits. vs my 6 or 7 to get a kill. To the trash with your game.,Steam玩家-14b3cff903ea,不推荐,235070382,外挂与安全,负向,高,高优先级：优先排查反作弊链路，公开高频作弊类型处置进度,,,,,主题命中：hack、hacker；负向命中：trash,高,3,主题命中：hack、hacker；负向命中：trash
DFF-000601,苹果应用商店,https://itunes.apple.com/cn/review?id=1642894547&type=Purple%20Software,2026-09-15T05:10:52.261Z,2026-09-12T05:16:04-07:00,zh-CN,打暗号骗出来杀，打完还嘲讽。我往里面充的钱给它了，乐子游戏,苹果玩家-798a00f2eff2,1,14540771497,其他,负向,中,进入人工复核队列，补充上下文后再归因,,,,,,低,2,
DFF-000602,苹果应用商店,https://itunes.apple.com/cn/review?id=1642894547&type=Purple%20Software,2026-09-15T05:10:52.261Z,2026-09-12T05:15:13-07:00,zh-CN,每次打绝密老是闪退，谁懂穿6套打人时闪退的绝望感。,苹果玩家-312638869059,1,14540768816,性能与优化,负向,严重,立即跟进：按设备与网络环境复现高频问题，优先修复阻塞型故障,,,,,主题命中：闪退；严重度命中：闪退,中,4,主题命中：闪退；严重度命中：闪退
DFF-000603,苹果应用商店,https://itunes.apple.com/cn/review?id=1642894547&type=Purple%20Software,2026-09-15T05:10:52.261Z,2026-09-12T05:14:35-07:00,zh-CN,动不动就封号,苹果玩家-7d4bb8645edc,1,14540766807,客服与封禁,负向,中,复核封禁与申诉工单，建立误封复查和响应时限,,,,,主题命中：封号；负向命中：封号,中,2,主题命中：封号；负向命中：封号
DFF-000604,Steam,https://steamcommunity.com/app/2507950/reviews/?browsefilter=mostrecent,2026-09-15T05:10:52.261Z,2026-09-12T05:14:31.000Z,ru,"Смотрел ранее на отзывы, большинство пишет - игра говно, честно верил работягам. Интерес перевесил, под конец 10 сезона решил затраить. Итог - пишу вам, родные, что на самом деле ДФ не залупа, игра клевая. Лично для меня Тарков - душновато, Арена - нормик, Арк рейдерз - понра, но к моменту релиза никто из посонов не шел в нее, 1 решил не стартовать, средневековые экстракшены (то, чего мне хотелось больше, чем милитари) - пока не доставляют, те, что на рынке. А вот Дельта Сила - зашла. Почему? Самое главное - мне нравится тут баланс простоты и духоты, для меня он тут вот в самый раз, мне нраица, что в ней персонажи как и в Апехе позволяют играть от агрессии и такой стиль игры тут отчасти поощряется. Мне нраица, что персонажу не надо раз в 5 минут скармливать вчерашний суп, заедать его пастилой и запивать кумысом из жепы разраба, нраица, что вижу в луте вещи реально разных тиров, а не открываю 174 ящик за катку с белой говной. Минусы тоже есть - для меня пока это только матчмейкинг, и важно - большая часть моей претензии решилась, когда мы, будучи дуо, отключили подбор 3 пездюка. А что за проблема была? Нас ебали иногда жеска и без смазки Вершина ДФ 2 сезона, 4 сезона, и это было на изи уровне карты. Пошли с включенным ранкедом - происходило тоже самое, как подбор 3 убрали - в 95% случаев проигрыш стал означать, что твоя позиционка, точность и скилл пахнут писями, а не в том, что чел, который тебя накуканил смог бы сделать это в 99 из 100 ситуаций, где эта самая заветная единичка возможна, когда у него во время катки лопнули шпингалеты и он пошел отмывать свою тухлую вену. А так, что можно получить: реальное казино с лутом, вас не заваливают красными вещами, но их тут в поряде, персы ок, баланс тоже ок (челики как всегда любят ныть, ничего нового, реальной проблема кажется, тк момжно пикнуть 3 раза в пати одного и того же, мне кажется, оно больше именно в это упирается). Пушки клевые, стрельба больше аркадная, мувмент приятный, карт норм, картинка норм, с производительностью не видел ни 1 проблемы, мне читаки не попадались, режим аля БФ я не трогал, про него ничего не скажу. Донатики - все как завещала партия, по ценам - скорее для людей, гачи валом, но это китайцы, как иначе, бпшник отдают за так, сами посмотрите решите, охота ли в казино играть. Крч они как и почти все щас не знают, шо такое архивация и сжатие, поэтому, если у вас интернеты медленные, сжиматься будет уже ваш анус от времени скачивания, но оно бесплатное, так что потраить можно, даже если не понравится - ничего не потеряете, а мне доставило, причем я этого даже не ожидал, что вполне приятно!",Steam玩家-b6ca4d8bf942,推荐,235070234,正向反馈,正向,低,沉淀正向口碑素材，并同步研发团队,,,,,,中,1,
DFF-000605,苹果应用商店,https://itunes.apple.com/cn/review?id=1642894547&type=Purple%20Software,2026-09-15T05:10:52.261Z,2026-09-12T05:14:04-07:00,zh-CN,三角洲新刀皮太帅了,苹果玩家-c3ee28726d0d,5,14540765159,付费与通行证,正向,低,沉淀正向口碑素材，并同步研发团队,,,,,主题命中：刀皮,中,1,主题命中：刀皮
DFF-000606,苹果应用商店,https://itunes.apple.com/cn/review?id=1642894547&type=Purple%20Software,2026-09-15T05:10:52.261Z,2026-09-12T05:13:46-07:00,zh-CN,三角洲这款游戏特别好玩，但是唯一有个缺点，我是个新手我感觉暴率不是特别高，可以加一点暴绿吗？,苹果玩家-c9e890e46fbe,5,14540764197,搜打撤与经济,正向,低,沉淀正向口碑素材，并同步研发团队,,,,,主题命中：暴率；正向命中：好玩,中,1,主题命中：暴率；正向命中：好玩
DFF-000607,苹果应用商店,https://itunes.apple.com/cn/review?id=1642894547&type=Purple%20Software,2026-09-15T05:10:52.261Z,2026-09-12T05:11:26-07:00,zh-CN,没有玩过这个游戏,苹果玩家-e9775567b077,2,14540756759,其他,负向,低,进入人工复核队列，补充上下文后再归因,,,,,,低,1,
DFF-000608,苹果应用商店,https://itunes.apple.com/cn/review?id=1642894547&type=Purple%20Software,2026-09-15T05:10:52.261Z,2026-09-12T05:09:46-07:00,zh-CN,都来玩三角洲,苹果玩家-d73c38e8e69f,5,14540751534,正向反馈,正向,低,沉淀正向口碑素材，并同步研发团队,,,,,,中,1,
DFF-000609,苹果应用商店,https://itunes.apple.com/cn/review?id=1642894547&type=Purple%20Software,2026-09-15T05:10:52.261Z,2026-09-12T05:05:15-07:00,zh-CN,很好玩、很建议入坑,苹果玩家-fd5be36a74dd,5,14540737342,其他,混合,低,进入人工复核队列，补充上下文后再归因,,,,,正向命中：好玩；负向命中：坑,低,1,正向命中：好玩；负向命中：坑
DFF-000610,苹果应用商店,https://itunes.apple.com/cn/review?id=1642894547&type=Purple%20Software,2026-09-15T05:10:52.261Z,2026-09-12T05:04:37-07:00,zh-CN,未识别到人脸,苹果玩家-fd38d0aca0d9,1,14540735318,客服与封禁,负向,中,复核封禁与申诉工单，建立误封复查和响应时限,,,,,主题命中：人脸,中,2,主题命中：人脸
DFF-000611,苹果应用商店,https://itunes.apple.com/cn/review?id=1642894547&type=Purple%20Software,2026-09-15T05:10:52.261Z,2026-09-12T05:03:03-07:00,zh-CN,普通要进黑屋机密要进黑屋绝密要进黑屋打死人了要进黑屋不打人要进黑屋撤离了要进黑屋不撤离要进黑屋出货了要进黑屋出蓝了要进黑屋跑刀猛攻也要进黑屋 连续撤离失败最多奖励一把普通人机局,苹果玩家-ca0bf65d4a6d,2,14540730353,匹配与队友,负向,低,分析匹配池与单排体验，降低实力差距和摆烂影响,,,,,主题命中：人机、人机局；负向命中：黑屋,高,1,主题命中：人机、人机局；负向命中：黑屋
DFF-000612,苹果应用商店,https://itunes.apple.com/cn/review?id=1642894547&type=Purple%20Software,2026-09-15T05:10:52.261Z,2026-09-12T05:01:37-07:00,zh-CN,暴率特别高，福利特别多,苹果玩家-9072b135e72f,5,14540726025,搜打撤与经济,正向,低,沉淀正向口碑素材，并同步研发团队,,,,,主题命中：暴率,中,1,主题命中：暴率
DFF-000613,苹果应用商店,https://itunes.apple.com/cn/review?id=1642894547&type=Purple%20Software,2026-09-15T05:10:52.261Z,2026-09-12T05:00:26-07:00,zh-CN,暴率特别高,苹果玩家-f3aa0a9506f8,5,14540722337,搜打撤与经济,正向,低,沉淀正向口碑素材，并同步研发团队,,,,,主题命中：暴率,中,1,主题命中：暴率
DFF-000614,苹果应用商店,https://itunes.apple.com/cn/review?id=1642894547&type=Purple%20Software,2026-09-15T05:10:52.261Z,2026-09-12T04:56:05-07:00,zh-CN,暴率调回去了,苹果玩家-0b5fd15f08f8,5,14540709013,搜打撤与经济,正向,低,沉淀正向口碑素材，并同步研发团队,,,,,主题命中：暴率,中,1,主题命中：暴率
DFF-000615,苹果应用商店,https://itunes.apple.com/cn/review?id=1642894547&type=Purple%20Software,2026-09-15T05:10:52.261Z,2026-09-12T04:47:05-07:00,zh-CN,打也打不过，东西也带不出来,苹果玩家-6d7f509f07ea,2,14540681575,其他,负向,低,进入人工复核队列，补充上下文后再归因,,,,,,低,1,
DFF-000616,Steam,https://steamcommunity.com/app/2507950/reviews/?browsefilter=mostrecent,2026-09-15T05:10:52.261Z,2026-09-12T04:46:45.000Z,zh-CN,♥♥♥♥,Steam玩家-75988445d110,不推荐,235068920,其他,负向,中,进入人工复核队列，补充上下文后再归因,,,,,,低,2,
DFF-000617,苹果应用商店,https://itunes.apple.com/cn/review?id=1642894547&type=Purple%20Software,2026-09-15T05:10:52.261Z,2026-09-12T04:35:13-07:00,zh-CN,我不想大保底，能不能出红皮的大保底率小一点,苹果玩家-24a849d48fcf,5,14540646287,搜打撤与经济,正向,低,沉淀正向口碑素材，并同步研发团队,,,,,主题命中：出红,中,1,主题命中：出红
DFF-000618,苹果应用商店,https://itunes.apple.com/cn/review?id=1642894547&type=Purple%20Software,2026-09-15T05:10:52.261Z,2026-09-12T04:30:57-07:00,zh-CN,非常好玩啊,苹果玩家-0178206d1682,5,14540633661,正向反馈,正向,低,沉淀正向口碑素材，并同步研发团队,,,,,正向命中：好玩,中,1,正向命中：好玩
DFF-000619,Steam,https://steamcommunity.com/app/2507950/reviews/?browsefilter=mostrecent,2026-09-15T05:10:52.261Z,2026-09-12T04:27:15.000Z,pt-BR,ganha quem tem menos bot no time.,Steam玩家-9c99867269dd,不推荐,235068002,匹配与队友,负向,中,分析匹配池与单排体验，降低实力差距和摆烂影响,,,,,主题命中：bot,中,2,主题命中：bot
DFF-000620,苹果应用商店,https://itunes.apple.com/cn/review?id=1642894547&type=Purple%20Software,2026-09-15T05:10:52.261Z,2026-09-12T04:26:50-07:00,zh-CN,666蟑螂地下你看看你做的游戏不仅暴率低还时常进黑屋每次普通都是四套你做什么游戏啊,苹果玩家-5b42ed601b6a,1,14540621811,客服与封禁,负向,高,高优先级：复核封禁与申诉工单，建立误封复查和响应时限,客服与封禁,负向,高,是,主题命中：黑屋；负向命中：暴率低、黑屋,中,3,主题命中：黑屋；负向命中：暴率低、黑屋
DFF-000621,苹果应用商店,https://itunes.apple.com/cn/review?id=1642894547&type=Purple%20Software,2026-09-15T05:10:52.261Z,2026-09-12T04:26:26-07:00,zh-CN,我超喜欢这个游戏我觉得很好玩超有意思,苹果玩家-b91590399721,5,14540620651,正向反馈,正向,低,沉淀正向口碑素材，并同步研发团队,,,,,正向命中：好玩、喜欢、有意思,中,1,正向命中：好玩、喜欢、有意思
DFF-000622,苹果应用商店,https://itunes.apple.com/cn/review?id=1642894547&type=Purple%20Software,2026-09-15T05:10:52.261Z,2026-09-12T04:25:24-07:00,zh-CN,很好👍,苹果玩家-a0b7fcfc61fb,5,14540617636,正向反馈,正向,低,沉淀正向口碑素材，并同步研发团队,,,,,,中,1,
DFF-000623,苹果应用商店,https://itunes.apple.com/cn/review?id=1642894547&type=Purple%20Software,2026-09-15T05:10:52.261Z,2026-09-12T04:25:05-07:00,zh-CN,爆率低的要死，钱赚不到，打两把就要进黑屋，今天连跪10把了，一点便不转，破产还要进黑屋，打人要被吞子弹打到了也没伤害，凭啥啊？想赚个钱还要被搞心态，真不明白策划用啥写的代码？,苹果玩家-4dfc1b005737,1,14540616748,武器与干员平衡,负向,高,高优先级：结合胜率与出场率评估武器和干员强度,,,,,主题命中：伤害、子弹；负向命中：爆率低、黑屋,高,3,主题命中：伤害、子弹；负向命中：爆率低、黑屋
DFF-000624,苹果应用商店,https://itunes.apple.com/cn/review?id=1642894547&type=Purple%20Software,2026-09-15T05:10:52.261Z,2026-09-12T04:25:04-07:00,zh-CN,不是官方，我键位没过几天就重置，能不能管管,苹果玩家-b2c1e957ad76,5,14540616732,界面与操作体验,正向,低,沉淀正向口碑素材，并同步研发团队,,,,,主题命中：键位,中,1,主题命中：键位
DFF-000625,Steam,https://steamcommunity.com/app/2507950/reviews/?browsefilter=mostrecent,2026-09-15T05:10:52.261Z,2026-09-12T04:23:14.000Z,zh-CN,就是我一个人在玩时很无聊,Steam玩家-5ad6b6fec3ee,推荐,235067770,其他,负向,低,进入人工复核队列，补充上下文后再归因,,,,,负向命中：无聊,低,1,负向命中：无聊
DFF-000626,Steam,https://steamcommunity.com/app/2507950/reviews/?browsefilter=mostrecent,2026-09-15T05:10:52.261Z,2026-09-12T04:22:09.000Z,en,"TRASH AZZ GAME. LOCKS YOU IN AN ACCOUNT CANT EVEN LOG OUT, CLEAR CACHE NO FIX. BOOPY AZZ SHI. DONT WASTE YOUR TIME.",Steam玩家-96a81a5c3aa4,不推荐,235067710,其他,负向,中,进入人工复核队列，补充上下文后再归因,,,,,负向命中：trash,低,2,负向命中：trash
DFF-000627,苹果应用商店,https://itunes.apple.com/cn/review?id=1642894547&type=Purple%20Software,2026-09-15T05:10:52.261Z,2026-09-12T04:21:51-07:00,zh-CN,f5游戏,苹果玩家-eae9a61c7227,1,14540607265,其他,负向,中,进入人工复核队列，补充上下文后再归因,,,,,,低,2,
DFF-000628,Steam,https://steamcommunity.com/app/2507950/reviews/?browsefilter=mostrecent,2026-09-15T05:10:52.261Z,2026-09-12T04:20:42.000Z,en,good,Steam玩家-2193ad5b23d7,推荐,235067630,正向反馈,正向,低,沉淀正向口碑素材，并同步研发团队,,,,,正向命中：good,中,1,正向命中：good
DFF-000629,苹果应用商店,https://itunes.apple.com/cn/review?id=1642894547&type=Purple%20Software,2026-09-15T05:10:52.261Z,2026-09-12T04:20:25-07:00,zh-CN,"我几乎天天都出大红,出大红的时候特别爽!但是有的时候会进黑屋，最近是天天出大红，但是有时候就是不出大红在几米大爸遇见的人都是六套A大",苹果玩家-404beed884d4,5,14540603151,客服与封禁,混合,高,高优先级：复核封禁与申诉工单，建立误封复查和响应时限,,,,,主题命中：黑屋；正向命中：爽；负向命中：黑屋,中,3,主题命中：黑屋；正向命中：爽；负向命中：黑屋
DFF-000630,Steam,https://steamcommunity.com/app/2507950/reviews/?browsefilter=mostrecent,2026-09-15T05:10:52.261Z,2026-09-12T04:19:13.000Z,zh-CN,爆率一坨 五把一个红都难 全装能匹跑刀的 鱼线还不能局内换 你想留住人就应该让他有趣，能给人玩下去的欲望，而不是幸幸苦苦一天下来毛也挣不到，挫败感极强的同时收益还低，那我为什么不去玩其他能让人开心的游戏？,Steam玩家-722901c7e3ac,不推荐,235067556,搜打撤与经济,负向,中,复核爆率、物价与撤离收益曲线，评估经济回收节奏,,,,,主题命中：爆率、挣；负向命中：一坨,中,2,主题命中：爆率、挣；负向命中：一坨
DFF-000631,苹果应用商店,https://itunes.apple.com/cn/review?id=1642894547&type=Purple%20Software,2026-09-15T05:10:52.261Z,2026-09-12T04:18:46-07:00,zh-CN,暗改不说,苹果玩家-5fb8edcdb7c5,1,14540598315,其他,负向,中,进入人工复核队列，补充上下文后再归因,,,,,负向命中：暗改,低,2,负向命中：暗改
DFF-000632,苹果应用商店,https://itunes.apple.com/cn/review?id=1642894547&type=Purple%20Software,2026-09-15T05:10:52.261Z,2026-09-12T04:17:56-07:00,zh-CN,策划的配置越来越差了，现在一点也不好玩,苹果玩家-bf049efccf1d,1,14540595818,其他,混合,低,进入人工复核队列，补充上下文后再归因,,,,,正向命中：好玩；负向命中：差,低,1,正向命中：好玩；负向命中：差
DFF-000633,苹果应用商店,https://itunes.apple.com/cn/review?id=1642894547&type=Purple%20Software,2026-09-15T05:10:52.261Z,2026-09-12T04:15:40-07:00,zh-CN,我热爱三角洲,苹果玩家-ad570ed09190,5,14540589327,正向反馈,正向,低,沉淀正向口碑素材，并同步研发团队,,,,,,中,1,
DFF-000634,Steam,https://steamcommunity.com/app/2507950/reviews/?browsefilter=mostrecent,2026-09-15T05:10:52.261Z,2026-09-12T04:13:37.000Z,zh-CN,新干员能不能出慢点,Steam玩家-16e126a933c9,不推荐,235067277,武器与干员平衡,负向,中,结合胜率与出场率评估武器和干员强度,,,,,主题命中：干员,中,2,主题命中：干员
DFF-000635,苹果应用商店,https://itunes.apple.com/cn/review?id=1642894547&type=Purple%20Software,2026-09-15T05:10:52.261Z,2026-09-12T04:10:04-07:00,zh-CN,依旧加强盾构，依旧森林冰火人，依旧桥上5大工程位sos cs的来，依旧被刺没浮木，依旧疾风和四叶红薯总裁撕咬的来，依旧不搜不打不撤唱功钓鱼的来，依旧机密航天总裁老被炸的来（细节机密），依旧搜策划狗牌的来，依旧cos 老太的来，依旧三个麦晓雯巴别塔当女鬼的来，依旧三个盾构航天当水鬼的来。,苹果玩家-b105cfe8353f,5,14540573272,武器与干员平衡,正向,低,沉淀正向口碑素材，并同步研发团队,,,,,主题命中：加强、盾、疾风,高,1,主题命中：加强、盾、疾风
DFF-000636,Steam,https://steamcommunity.com/app/2507950/reviews/?browsefilter=mostrecent,2026-09-15T05:10:52.261Z,2026-09-12T04:09:26.000Z,es,"que asco de temporada llena de bugs y mala optimización, ni siquiera puedo desbloquear las nuevas armas aun cuando la armería dice que ya están desbloqueadas, y el espacio que ocupa el juego ni se diga, asco total.",Steam玩家-32372c2391a6,不推荐,235067045,外挂与安全,负向,高,高优先级：优先排查反作弊链路，公开高频作弊类型处置进度,,,,,主题命中：esp,中,3,主题命中：esp
DFF-000637,Steam,https://steamcommunity.com/app/2507950/reviews/?browsefilter=mostrecent,2026-09-15T05:10:52.261Z,2026-09-12T04:09:05.000Z,en,sucks balls,Steam玩家-209a97b864de,不推荐,235067032,其他,负向,中,进入人工复核队列，补充上下文后再归因,,,,,负向命中：sucks,低,2,负向命中：sucks
DFF-000638,苹果应用商店,https://itunes.apple.com/cn/review?id=1642894547&type=Purple%20Software,2026-09-15T05:10:52.261Z,2026-09-12T04:07:11-07:00,zh-CN,什么游戏都是一群挂 我蹲撤离点多走的远远的一动没动，他离我几十米远就开始标记我的位置了，就开始给他队友报点了 举报也没用，每天被挂打的十几个,苹果玩家-a18693ea11e3,1,14540565193,搜打撤与经济,负向,中,复核爆率、物价与撤离收益曲线，评估经济回收节奏,,,,,主题命中：撤离点、撤离,高,2,主题命中：撤离点、撤离
DFF-000639,苹果应用商店,https://itunes.apple.com/cn/review?id=1642894547&type=Purple%20Software,2026-09-15T05:10:52.261Z,2026-09-12T03:52:34-07:00,zh-CN,暴率非常的高，每局都百万撤离,苹果玩家-ade80cc7f647,5,14540524824,搜打撤与经济,正向,低,沉淀正向口碑素材，并同步研发团队,,,,,主题命中：暴率、撤离,高,1,主题命中：暴率、撤离
DFF-000640,苹果应用商店,https://itunes.apple.com/cn/review?id=1642894547&type=Purple%20Software,2026-09-15T05:10:52.261Z,2026-09-12T03:52:27-07:00,zh-CN,这赛季初简直了，与其让官方来管理怎么封禁外挂，不如让大家都开挂，看谁的外挂是最强的，这样岂不是最好的既然有人不遵守游戏的秩序，那为什么我们这些绿色的玩家一定要遵守游戏的秩序呢？大家都开挂，把告开起来，看看谁才是最强的诛仙战场,苹果玩家-7acbaa563ce0,1,14540524482,外挂与安全,负向,高,高优先级：优先排查反作弊链路，公开高频作弊类型处置进度,,,,,主题命中：外挂、开挂；负向命中：外挂,高,3,主题命中：外挂、开挂；负向命中：外挂
DFF-000641,苹果应用商店,https://itunes.apple.com/cn/review?id=1642894547&type=Purple%20Software,2026-09-15T05:10:52.261Z,2026-09-12T03:51:49-07:00,zh-CN,爆率太低了，我想不玩了，还不如盗版的。,苹果玩家-00bbc3fe99f1,1,14540522786,搜打撤与经济,负向,中,复核爆率、物价与撤离收益曲线，评估经济回收节奏,,,,,主题命中：爆率；负向命中：太低了,中,2,主题命中：爆率；负向命中：太低了
DFF-000642,苹果应用商店,https://itunes.apple.com/cn/review?id=1642894547&type=Purple%20Software,2026-09-15T05:10:52.261Z,2026-09-12T03:49:27-07:00,zh-CN,真的心酸，不知道为什么玩着玩着爆越来越低强度越来越高，玩一年了越玩越恶心,苹果玩家-ece03714ed46,1,14540516398,其他,负向,中,进入人工复核队列，补充上下文后再归因,,,,,负向命中：恶心,低,2,负向命中：恶心
DFF-000643,Steam,https://steamcommunity.com/app/2507950/reviews/?browsefilter=mostrecent,2026-09-15T05:10:52.261Z,2026-09-12T03:40:33.000Z,en,"gotta love being new to the game getting put in lobbies with gold+ players oh and 8/10 matches had cheaters in it, really not a good look. i do not rec this game at all",Steam玩家-a94b63ef53fd,不推荐,235065576,外挂与安全,正向,高,高优先级：优先排查反作弊链路，公开高频作弊类型处置进度,,,,,主题命中：cheat、cheater；正向命中：love、good,高,3,主题命中：cheat、cheater；正向命中：love、good
DFF-000644,苹果应用商店,https://itunes.apple.com/cn/review?id=1642894547&type=Purple%20Software,2026-09-15T05:10:52.261Z,2026-09-12T03:35:30-07:00,zh-CN,不知道为什么进不去，一进去就闪退，两个星期了,苹果玩家-3303846b08b3,5,14540479084,性能与优化,正向,严重,立即跟进：按设备与网络环境复现高频问题，优先修复阻塞型故障,,,,,主题命中：闪退、进不去；严重度命中：进不去、闪退,高,4,主题命中：闪退、进不去；严重度命中：进不去、闪退
DFF-000645,苹果应用商店,https://itunes.apple.com/cn/review?id=1642894547&type=Purple%20Software,2026-09-15T05:10:52.261Z,2026-09-12T03:35:00-07:00,zh-CN,暴率特别低，玩强度还特别高，很容易被打红温，不建议玩。,苹果玩家-e0c337d36a94,5,14540477813,搜打撤与经济,正向,低,沉淀正向口碑素材，并同步研发团队,,,,,主题命中：暴率,中,1,主题命中：暴率
DFF-000646,苹果应用商店,https://itunes.apple.com/cn/review?id=1642894547&type=Purple%20Software,2026-09-15T05:10:52.261Z,2026-09-12T03:33:37-07:00,zh-CN,总是进黑屋,苹果玩家-48227e8b63a0,4,14540474080,客服与封禁,负向,低,复核封禁与申诉工单，建立误封复查和响应时限,,,,,主题命中：黑屋；负向命中：黑屋,中,1,主题命中：黑屋；负向命中：黑屋
DFF-000647,苹果应用商店,https://itunes.apple.com/cn/review?id=1642894547&type=Purple%20Software,2026-09-15T05:10:52.261Z,2026-09-12T03:32:59-07:00,zh-CN,游戏体验差，对局强度高，爆率低，还暗改我伤害，吞子弹，玩这个纯智商税,苹果玩家-efe7bd69d3ee,1,14540472373,武器与干员平衡,负向,中,结合胜率与出场率评估武器和干员强度,,,,,主题命中：伤害、子弹；负向命中：差、爆率低、暗改,高,2,主题命中：伤害、子弹；负向命中：差、爆率低、暗改
DFF-000648,苹果应用商店,https://itunes.apple.com/cn/review?id=1642894547&type=Purple%20Software,2026-09-15T05:10:52.261Z,2026-09-12T03:28:48-07:00,zh-CN,难太难了,苹果玩家-71bea0f4dee2,1,14540461064,其他,负向,中,进入人工复核队列，补充上下文后再归因,,,,,,低,2,
DFF-000649,苹果应用商店,https://itunes.apple.com/cn/review?id=1642894547&type=Purple%20Software,2026-09-15T05:10:52.261Z,2026-09-12T03:25:24-07:00,zh-CN,我在S3的时候入的坑，一开始觉得很好玩，暴率高，但是现在绝密一个紫不出是啥意思？我花大几百万买的满改枪，结果本都回不了。我认为这是一款非常好的游戏，但也不能这样吧 还有那个削银翼，我是真的看不懂，放着那些碟，液氮之类强度大的干员不削，要削一个没有战斗力的侦查位，现在又出一个旅人，一条狗命比我还硬😂 希望官方可以改进，我真的喜欢这个游戏,苹果玩家-732edc0c2a54,4,14540451946,武器与干员平衡,混合,低,结合胜率与出场率评估武器和干员强度,,,,,主题命中：干员、削、液氮；正向命中：好玩、喜欢、改进；负向命中：坑,高,1,主题命中：干员、削、液氮；正向命中：好玩、喜欢、改进；负向命中：坑
DFF-000650,Steam,https://steamcommunity.com/app/2507950/reviews/?browsefilter=mostrecent,2026-09-15T05:10:52.261Z,2026-09-12T03:19:34.000Z,zh-CN,good,Steam玩家-6081ec0779c1,推荐,235064522,正向反馈,正向,低,沉淀正向口碑素材，并同步研发团队,,,,,正向命中：good,中,1,正向命中：good
DFF-000651,苹果应用商店,https://itunes.apple.com/cn/review?id=1642894547&type=Purple%20Software,2026-09-15T05:10:52.261Z,2026-09-12T03:17:51-07:00,zh-CN,就是希望暴率的高一点,苹果玩家-08d91595b2de,5,14540432208,搜打撤与经济,正向,低,沉淀正向口碑素材，并同步研发团队,,,,,主题命中：暴率,中,1,主题命中：暴率
DFF-000652,苹果应用商店,https://itunes.apple.com/cn/review?id=1642894547&type=Purple%20Software,2026-09-15T05:10:52.261Z,2026-09-12T03:11:29-07:00,zh-CN,还是要优化很多地方的，安卓平常像小游戏一样稳定跑160几帧，苹果容易闪退，还有延迟,苹果玩家-79b962f58ba7,4,14540415767,性能与优化,正向,严重,立即跟进：按设备与网络环境复现高频问题，优先修复阻塞型故障,,,,,主题命中：优化、闪退、延迟；严重度命中：闪退,高,4,主题命中：优化、闪退、延迟；严重度命中：闪退
DFF-000653,Steam,https://steamcommunity.com/app/2507950/reviews/?browsefilter=mostrecent,2026-09-15T05:10:52.261Z,2026-09-12T03:11:19.000Z,zh-CN,依旧腾讯垃圾游戏,Steam玩家-3fb9ec30513f,不推荐,235064055,其他,负向,中,进入人工复核队列，补充上下文后再归因,,,,,负向命中：垃圾,低,2,负向命中：垃圾
DFF-000654,苹果应用商店,https://itunes.apple.com/cn/review?id=1642894547&type=Purple%20Software,2026-09-15T05:10:52.261Z,2026-09-12T03:07:49-07:00,zh-CN,强度越来越大,苹果玩家-b4dadb68e45e,5,14540406355,正向反馈,正向,低,沉淀正向口碑素材，并同步研发团队,,,,,,中,1,
DFF-000655,苹果应用商店,https://itunes.apple.com/cn/review?id=1642894547&type=Purple%20Software,2026-09-15T05:10:52.261Z,2026-09-12T03:05:29-07:00,zh-CN,三角洲暴率高,苹果玩家-09b88a3605e3,5,14540400325,搜打撤与经济,正向,低,沉淀正向口碑素材，并同步研发团队,,,,,主题命中：暴率,中,1,主题命中：暴率
DFF-000656,Steam,https://steamcommunity.com/app/2507950/reviews/?browsefilter=mostrecent,2026-09-15T05:10:52.261Z,2026-09-12T03:04:58.000Z,en,okay,Steam玩家-0c400c1a047d,推荐,235063741,正向反馈,正向,低,沉淀正向口碑素材，并同步研发团队,正向反馈,中性,低,否,,中,1,
DFF-000657,苹果应用商店,https://itunes.apple.com/cn/review?id=1642894547&type=Purple%20Software,2026-09-15T05:10:52.261Z,2026-09-12T02:55:16-07:00,zh-CN,我好久没出非洲之星了，我想出非洲之星,苹果玩家-47c62f0ca625,5,14540373796,正向反馈,正向,低,沉淀正向口碑素材，并同步研发团队,,,,,,中,1,
DFF-000658,苹果应用商店,https://itunes.apple.com/cn/review?id=1642894547&type=Purple%20Software,2026-09-15T05:10:52.261Z,2026-09-12T02:47:24-07:00,zh-CN,看得没格调,苹果玩家-81bfc690bec7,5,14540353748,正向反馈,正向,低,沉淀正向口碑素材，并同步研发团队,,,,,,中,1,
DFF-000659,苹果应用商店,https://itunes.apple.com/cn/review?id=1642894547&type=Purple%20Software,2026-09-15T05:10:52.261Z,2026-09-12T02:42:35-07:00,zh-CN,我有些不明白为什么这个游戏变得越来越没有兴趣以前明明是最好一天两头都在玩可现在慢慢变成在玩别的游戏它的内容是更新越多但是越玩越累黑屋机制有些不明所以,苹果玩家-9fb5a5bf3e05,3,14540341483,客服与封禁,负向,高,高优先级：复核封禁与申诉工单，建立误封复查和响应时限,,,,,主题命中：黑屋；负向命中：黑屋,中,3,主题命中：黑屋；负向命中：黑屋
DFF-000660,Steam,https://steamcommunity.com/app/2507950/reviews/?browsefilter=mostrecent,2026-09-15T05:10:52.261Z,2026-09-12T02:38:27.000Z,zh-CN,傻逼游戏 扫码干员 摸不出打不撤 和迷你世界差远了 依托答辩,Steam玩家-a0d66b114f70,不推荐,235062355,武器与干员平衡,负向,中,结合胜率与出场率评估武器和干员强度,,,,,主题命中：干员；负向命中：差,中,2,主题命中：干员；负向命中：差
DFF-000661,Steam,https://steamcommunity.com/app/2507950/reviews/?browsefilter=mostrecent,2026-09-15T05:10:52.261Z,2026-09-12T02:37:14.000Z,ru,фу фу фу игра мусор,Steam玩家-6864d7b8a1d6,不推荐,235062287,其他,负向,中,进入人工复核队列，补充上下文后再归因,,,,,,低,2,
DFF-000662,苹果应用商店,https://itunes.apple.com/cn/review?id=1642894547&type=Purple%20Software,2026-09-15T05:10:52.261Z,2026-09-12T02:19:27-07:00,zh-CN,游戏打架打得很爽，只不过暴率有点低,苹果玩家-64eb7263fae9,5,14540283463,搜打撤与经济,正向,低,沉淀正向口碑素材，并同步研发团队,,,,,主题命中：暴率；正向命中：爽,中,1,主题命中：暴率；正向命中：爽
DFF-000663,苹果应用商店,https://itunes.apple.com/cn/review?id=1642894547&type=Purple%20Software,2026-09-15T05:10:52.261Z,2026-09-12T02:12:05-07:00,zh-CN,垃圾垃圾,苹果玩家-6d636905ead6,1,14540264665,其他,负向,中,进入人工复核队列，补充上下文后再归因,其他,负向,中,是,负向命中：垃圾,低,2,负向命中：垃圾
DFF-000664,苹果应用商店,https://itunes.apple.com/cn/review?id=1642894547&type=Purple%20Software,2026-09-15T05:10:52.261Z,2026-09-12T02:11:50-07:00,zh-CN,①喜欢官方的各种赛季解密，团结了玩家的意志，可以多整点线下活动吗？ ②希望加强一下主坦的钢针，减少重机枪过热 ③提升我们这种普通玩家的出红率（我挺菜的） ④对全模式神人玩家（鞭人，送对面载具，信标放奇怪的地方…）封禁 ⑤多和一些人气角色联动，向和明日方舟的联动或隔壁和平联动洛天依，初音。能吸引更多玩家,苹果玩家-8decb349a6a5,5,14540264058,地图与模式,正向,低,沉淀正向口碑素材，并同步研发团队,,,,,主题命中：模式、载具；正向命中：喜欢,高,1,主题命中：模式、载具；正向命中：喜欢
DFF-000665,Steam,https://steamcommunity.com/app/2507950/reviews/?browsefilter=mostrecent,2026-09-15T05:10:52.261Z,2026-09-12T02:06:15.000Z,fr,ADDICTIF,Steam玩家-f1f033c9129b,推荐,235060615,正向反馈,正向,低,沉淀正向口碑素材，并同步研发团队,,,,,,中,1,
DFF-000666,苹果应用商店,https://itunes.apple.com/cn/review?id=1642894547&type=Purple%20Software,2026-09-15T05:10:52.261Z,2026-09-12T02:03:38-07:00,zh-CN,好的你快回来了,苹果玩家-71943c579b68,5,14540243251,正向反馈,正向,低,沉淀正向口碑素材，并同步研发团队,,,,,,中,1,
DFF-000667,Steam,https://steamcommunity.com/app/2507950/reviews/?browsefilter=mostrecent,2026-09-15T05:10:52.261Z,2026-09-12T02:01:35.000Z,zh-CN,油饼的策划！油饼的制作团队！制作的油饼的游戏！ 我菜，不怪游戏！ 但是匹配机制是真的垃圾！ 一局普坝能同时匹配到两个没有装备就一把刀的跑刀威龙！同一局也能同时匹配到三个4套满改80、90万枪的威龙露娜！ 把跑刀的塞给普通玩家乱杀，把普通玩家塞给猛攻哥乱杀！ 献祭底层玩家呗？ 然后底层玩家受不了退游！ 中层变成底层！中层也受不了退游！ 新人因为视频网站鼠片吸引前来，再被老玩家杀呗！ 所以这游戏最终还是会走向消亡！是必然趋势！ 爆率感人，匹配机制离谱！外挂满天飞！ 一动不动挂机十几分钟，威龙就直冲你的角落丢技能呗！ 举报是摆设！ 问我为什么还玩，因为我有M倾向好了！ 因为这游戏，我更讨厌自己了，两个月不到失去了俩认识很久的朋友！ 完美~~~非常完美~~~~ [spoiler]玩这游戏，我失去了两个认识很多年的朋友！ 应该算是一件开心的事情！ 我一直觉得自己性格不好，以前也老被亲近的人说要远离我这样原生家庭有问题的人！ 所以我才老一次次怀疑自己的存在，越发的不敢靠近别人！ 第一个朋友一起玩不开麦没什么沟通，我也不知道游戏具体要干啥！ 他起的超级好的装备，我制式券，因为我舍不得花钱，也因为我是新号，一直没钱！ 因为新手，也因为我菜，几乎打架帮不上忙！ 但是他对我很好，每次撤离前也都会给我理包，把所有最值钱的都塞给我！ 最后吵架了，他不理解我为什么会有压力！ 他自己几乎什么都不吃，都给我，我真的很有压力，他不理解！ 他起特别贵的装备，背超级大背包，他死了我啥也帮不上，他觉得没关系，但是我心疼，我愧疚，我有压力，他不理解！ 我只是想自己也摸一摸，但是不想影响他和他一起玩，我都只摸小兵盒子，因为他要摸容器，我只能在地上捡盒子！ 其实我是很想开盲盒，我就想找个一起玩，我搜一楼你搜二楼！有了我没有的新大红给我一下！ 如果我吃的特别少随便投喂一点！就行了！ 我就想这样简简单单的玩，我感觉对我太好很有压力！他不理解！ 第二个朋友！我吸取了教训，决定开麦交流！ 一般我就玩鸟人，提供信息，所以话比较多，思考量也很大，我要疯狂计算哪里有人哪里可以走！ 经常会感觉很累，一直说话，一直爆点，后来很多时候吵架，哪里有人哪里没人，乱七八糟的吵架！ 为了能让自己有用一些，不想再和上面那个朋友一样，自己好像废物！ 加上我不太擅长打架，所以几乎就只玩鸟人一个角色了！ 至少能给队友提供信息！（因为他前面是音响，没有耳机，所以敌人都走到脸上了，他都不知道，所以我更加要玩信息位） 就像玩饥荒，我不擅长打架，那我就种地，让勇士们能有吃的有补给品！我就很有成就感了！ 感觉我也为这个大家庭做出了一点贡献！ 开麦的后果就是，要经常吵架！加上我又是急性子！他比较谨慎，因为他死了，我基本也挂了或者逃跑！ 几乎每天都要吵架很多次！ 所以最后我也豁出去了，就开始玩蜂医，至少就不用带加血的了！也算有点贡献的干员吧！ 因为只是蜂医，我也没信息，就不怎么说话了，他又感觉太无聊了！ 说太多，说我指挥他，他有自己的思想！ 不说话了，又说太无聊了，我能说啥！我啥也不知道啊！除非敌人就在附近我听到我看到我能说啥！ 最后昨天还是吵了最后一架！ 普巴！普通大坝！还不是机密大坝！ 前面接停车场高价值我就看他把一楼二楼剩饭吃了，所以我就直接去地下室了！ 还有四分钟了，他就还跟到地下室，要给我投喂！ 大哥！还有四分钟了，他不去拉闸，还跑地下给我投喂，我都急死了！ 我就开麦吼了一句“你赶紧拉闸去啊！” 结果谁知道普巴四分钟要撤离了，还有人在蹲闸他给死了！ 后面他就一直不高兴，然后吵架！ 说我吼他了，说我对他太凶了，说他自己也没错！ 我真的感觉好累！ 最后他直接因为我吼了一句，他就不玩了，说伤心了！ 我就回了一句，你天天伤心，就拉黑了！ 很多时候，我就是感觉自己真的处理不了人与人之间的关系！ 只能选择逃避！ 所以我野排都不排了，昨天一直在单三！ 我感觉我也帮不上路人队友，我会感觉很愧疚！ 还不如一个人！ 我对游戏的态度就像对人一样！ 我就是感觉我这里啊朋友都挺好的，如果没有我他们会更开心！ 一直出问题的人是我！ 一直让大家不开心的人是我！ 一直心态不好的人是我！ 一直无法好好和朋友们一起玩的人是我！ 所以我选择离开！ 我感觉这是我能想到对别人最善良最好的唯一解决方式！ 大家都是成年人，我也不想为了谁去改变，我也不需要有人为了我改变！ 所谓的己所不欲勿施于人吧！ 我能想到的只有自己一个人！ 永远一个人下去！ 也挺好的！ 终于不用当害人精！ 挺好的！ 不用当祸害！ 挺好的！ 不用当废物！ 挺好的！ 都远离我吧！ 对大家都好！ [/spoiler],Steam玩家-5d03d264c7f4,不推荐,235060394,武器与干员平衡,负向,高,高优先级：结合胜率与出场率评估武器和干员强度,,,,,主题命中：干员、露娜、蜂医、威龙；负向命中：垃圾、无聊、离谱、退游、受不了、外挂,高,3,主题命中：干员、露娜、蜂医、威龙；负向命中：垃圾、无聊、离谱、退游、受不了、外挂
DFF-000668,苹果应用商店,https://itunes.apple.com/cn/review?id=1642894547&type=Purple%20Software,2026-09-15T05:10:52.261Z,2026-09-12T02:00:40-07:00,zh-CN,以前你是我最喜欢的游戏，但不过现在环境越来越坏有时候不是飞天，就是变快或者是锁头最关键是你为什么视而不见？难道不能管管外挂吗？还有如果没开挂正常玩几把几把都清图了，为什么要封强烈管管外挂,苹果玩家-441eef9943c3,1,14540235820,外挂与安全,混合,高,高优先级：优先排查反作弊链路，公开高频作弊类型处置进度,,,,,主题命中：外挂、开挂、锁头；正向命中：喜欢；负向命中：外挂,高,3,主题命中：外挂、开挂、锁头；正向命中：喜欢；负向命中：外挂
DFF-000669,苹果应用商店,https://itunes.apple.com/cn/review?id=1642894547&type=Purple%20Software,2026-09-15T05:10:52.261Z,2026-09-12T01:55:17-07:00,zh-CN,超级超级超级超级超级超级超级超级超级好玩,苹果玩家-6fc706b92410,2,14540222469,其他,负向,低,进入人工复核队列，补充上下文后再归因,,,,,正向命中：好玩,低,1,正向命中：好玩
DFF-000670,苹果应用商店,https://itunes.apple.com/cn/review?id=1642894547&type=Purple%20Software,2026-09-15T05:10:52.261Z,2026-09-12T01:54:59-07:00,zh-CN,没暴率了，机密匹配到绝密的人是不是来机密欺负我们这群大坝野人的？,苹果玩家-ca7bcc97988c,4,14540221708,匹配与队友,正向,低,沉淀正向口碑素材，并同步研发团队,,,,,主题命中：匹配,中,1,主题命中：匹配
DFF-000671,苹果应用商店,https://itunes.apple.com/cn/review?id=1642894547&type=Purple%20Software,2026-09-15T05:10:52.261Z,2026-09-12T01:54:30-07:00,zh-CN,外挂，恶意行为得治了,苹果玩家-ac86babc04e4,2,14540220514,外挂与安全,负向,高,高优先级：优先排查反作弊链路，公开高频作弊类型处置进度,,,,,主题命中：外挂；负向命中：外挂,中,3,主题命中：外挂；负向命中：外挂
DFF-000672,苹果应用商店,https://itunes.apple.com/cn/review?id=1642894547&type=Purple%20Software,2026-09-15T05:10:52.261Z,2026-09-12T01:54:10-07:00,zh-CN,垃圾游戏开挂不管 举报一点反应都没有,苹果玩家-3cd4035fad78,1,14540219766,外挂与安全,负向,高,高优先级：优先排查反作弊链路，公开高频作弊类型处置进度,,,,,主题命中：开挂；负向命中：垃圾,中,3,主题命中：开挂；负向命中：垃圾
DFF-000673,苹果应用商店,https://itunes.apple.com/cn/review?id=1642894547&type=Purple%20Software,2026-09-15T05:10:52.261Z,2026-09-12T01:52:54-07:00,zh-CN,暴露不行讨厌次一直在死不是人玩的,苹果玩家-7cf33136e109,1,14540216618,其他,负向,中,进入人工复核队列，补充上下文后再归因,,,,,,低,2,
DFF-000674,苹果应用商店,https://itunes.apple.com/cn/review?id=1642894547&type=Purple%20Software,2026-09-15T05:10:52.261Z,2026-09-12T01:48:32-07:00,zh-CN,天天出大红,苹果玩家-7b623604c2bc,5,14540205677,搜打撤与经济,正向,低,沉淀正向口碑素材，并同步研发团队,,,,,主题命中：大红,中,1,主题命中：大红
DFF-000675,苹果应用商店,https://itunes.apple.com/cn/review?id=1642894547&type=Purple%20Software,2026-09-15T05:10:52.261Z,2026-09-12T01:47:29-07:00,zh-CN,能不能跟王者荣耀一样出一个隐藏在线功能,苹果玩家-92abdba224db,5,14540203093,正向反馈,正向,低,沉淀正向口碑素材，并同步研发团队,,,,,,中,1,
DFF-000676,苹果应用商店,https://itunes.apple.com/cn/review?id=1642894547&type=Purple%20Software,2026-09-15T05:10:52.261Z,2026-09-12T01:46:32-07:00,zh-CN,太好玩了 把把匹配护航 把把黑屋局 爆率没爆率 心情好的可以来玩下,苹果玩家-caac887d584f,1,14540200765,匹配与队友,混合,中,分析匹配池与单排体验，降低实力差距和摆烂影响,,,,,主题命中：匹配、黑屋局；正向命中：好玩；负向命中：黑屋,高,2,主题命中：匹配、黑屋局；正向命中：好玩；负向命中：黑屋
DFF-000677,Steam,https://steamcommunity.com/app/2507950/reviews/?browsefilter=mostrecent,2026-09-15T05:10:52.261Z,2026-09-12T01:38:22.000Z,zh-CN,"游戏环境史上最烂, 没有之一",Steam玩家-cb6a618645c7,不推荐,235059163,其他,负向,中,进入人工复核队列，补充上下文后再归因,,,,,负向命中：烂,低,2,负向命中：烂
DFF-000678,苹果应用商店,https://itunes.apple.com/cn/review?id=1642894547&type=Purple%20Software,2026-09-15T05:10:52.261Z,2026-09-12T01:38:11-07:00,zh-CN,用别的手机扫码登录玩游戏1天就要重新登录,苹果玩家-756c7e56d904,1,14540179966,其他,负向,中,进入人工复核队列，补充上下文后再归因,,,,,,低,2,
DFF-000679,苹果应用商店,https://itunes.apple.com/cn/review?id=1642894547&type=Purple%20Software,2026-09-15T05:10:52.261Z,2026-09-12T01:29:21-07:00,zh-CN,我刘涛进机坝抗不过g3。对不起对不起 我不该回来的 您们玩吧。我给您打六星评分,苹果玩家-da48e58c7e8c,1,14540157835,其他,负向,中,进入人工复核队列，补充上下文后再归因,,,,,,低,2,
DFF-000680,苹果应用商店,https://itunes.apple.com/cn/review?id=1642894547&type=Purple%20Software,2026-09-15T05:10:52.261Z,2026-09-12T01:29:07-07:00,zh-CN,航天基地充满“科技”的气息，你人机叔叔依旧暗改，依旧把把进黑屋。🤓,苹果玩家-2ef5660fb660,1,14540157232,客服与封禁,负向,高,高优先级：复核封禁与申诉工单，建立误封复查和响应时限,,,,,主题命中：黑屋；负向命中：暗改、黑屋,中,3,主题命中：黑屋；负向命中：暗改、黑屋
DFF-000681,Steam,https://steamcommunity.com/app/2507950/reviews/?browsefilter=mostrecent,2026-09-15T05:10:52.261Z,2026-09-12T01:28:24.000Z,en,great game but u need a decent computer/pc,Steam玩家-2b471756110d,推荐,235058618,正向反馈,正向,低,沉淀正向口碑素材，并同步研发团队,,,,,正向命中：great,中,1,正向命中：great
DFF-000682,苹果应用商店,https://itunes.apple.com/cn/review?id=1642894547&type=Purple%20Software,2026-09-15T05:10:52.261Z,2026-09-12T01:26:10-07:00,zh-CN,游戏一点都不好玩，环境差，根本撤不出来,苹果玩家-5c5bf89152d3,1,14540150037,搜打撤与经济,混合,低,复核爆率、物价与撤离收益曲线，评估经济回收节奏,,,,,主题命中：撤不出来；正向命中：好玩；负向命中：差,中,1,主题命中：撤不出来；正向命中：好玩；负向命中：差
DFF-000683,苹果应用商店,https://itunes.apple.com/cn/review?id=1642894547&type=Purple%20Software,2026-09-15T05:10:52.261Z,2026-09-12T01:24:46-07:00,zh-CN,为啥闪退之后还要重新更新呀 我都服了更新完之后资源包全没了,苹果玩家-df7c96f7aead,1,14540146478,性能与优化,负向,严重,立即跟进：按设备与网络环境复现高频问题，优先修复阻塞型故障,,,,,主题命中：闪退；严重度命中：闪退,中,4,主题命中：闪退；严重度命中：闪退
DFF-000684,苹果应用商店,https://itunes.apple.com/cn/review?id=1642894547&type=Purple%20Software,2026-09-15T05:10:52.261Z,2026-09-12T01:24:35-07:00,zh-CN,上一把，我1分钟闪退了三次,苹果玩家-05bb63de724f,1,14540146002,性能与优化,负向,严重,立即跟进：按设备与网络环境复现高频问题，优先修复阻塞型故障,,,,,主题命中：闪退；严重度命中：闪退,中,4,主题命中：闪退；严重度命中：闪退
DFF-000685,苹果应用商店,https://itunes.apple.com/cn/review?id=1642894547&type=Purple%20Software,2026-09-15T05:10:52.261Z,2026-09-12T01:23:44-07:00,zh-CN,三角洲真的太好玩了,苹果玩家-fa4ecd7adc09,5,14540143809,正向反馈,正向,低,沉淀正向口碑素材，并同步研发团队,,,,,正向命中：好玩,中,1,正向命中：好玩
DFF-000686,苹果应用商店,https://itunes.apple.com/cn/review?id=1642894547&type=Purple%20Software,2026-09-15T05:10:52.261Z,2026-09-12T01:20:26-07:00,zh-CN,暴率特别高，非常有游戏 体验感,苹果玩家-68ca30c78fdc,5,14540135693,搜打撤与经济,正向,低,沉淀正向口碑素材，并同步研发团队,,,,,主题命中：暴率,中,1,主题命中：暴率
DFF-000687,苹果应用商店,https://itunes.apple.com/cn/review?id=1642894547&type=Purple%20Software,2026-09-15T05:10:52.261Z,2026-09-12T01:17:03-07:00,zh-CN,体验感很好,苹果玩家-7006d53a5424,5,14540127207,正向反馈,正向,低,沉淀正向口碑素材，并同步研发团队,,,,,,中,1,
DFF-000688,苹果应用商店,https://itunes.apple.com/cn/review?id=1642894547&type=Purple%20Software,2026-09-15T05:10:52.261Z,2026-09-12T01:09:22-07:00,zh-CN,bao玩,苹果玩家-ab72b31d258d,1,14540108118,其他,负向,中,进入人工复核队列，补充上下文后再归因,,,,,,低,2,
DFF-000689,苹果应用商店,https://itunes.apple.com/cn/review?id=1642894547&type=Purple%20Software,2026-09-15T05:10:52.261Z,2026-09-12T01:08:24-07:00,zh-CN,垃圾游戏,苹果玩家-f9ddb4109037,1,14540105720,其他,负向,中,进入人工复核队列，补充上下文后再归因,,,,,负向命中：垃圾,低,2,负向命中：垃圾
DFF-000690,苹果应用商店,https://itunes.apple.com/cn/review?id=1642894547&type=Purple%20Software,2026-09-15T05:10:52.261Z,2026-09-12T01:08:11-07:00,zh-CN,18码游戏谁爱玩谁玩,苹果玩家-3b8b49606577,1,14540105119,其他,负向,中,进入人工复核队列，补充上下文后再归因,,,,,,低,2,
DFF-000691,苹果应用商店,https://itunes.apple.com/cn/review?id=1642894547&type=Purple%20Software,2026-09-15T05:10:52.261Z,2026-09-12T01:07:18-07:00,zh-CN,画面非常真实，就是有时候会有点卡,苹果玩家-7da239d38005,5,14540102913,正向反馈,正向,低,沉淀正向口碑素材，并同步研发团队,,,,,正向命中：真实,中,1,正向命中：真实
DFF-000692,Steam,https://steamcommunity.com/app/2507950/reviews/?browsefilter=mostrecent,2026-09-15T05:10:52.261Z,2026-09-12T01:06:40.000Z,zh-CN,没以前好玩了,Steam玩家-fd8ce8219a5e,不推荐,235057416,其他,负向,中,进入人工复核队列，补充上下文后再归因,,,,,正向命中：好玩,低,2,正向命中：好玩
DFF-000693,苹果应用商店,https://itunes.apple.com/cn/review?id=1642894547&type=Purple%20Software,2026-09-15T05:10:52.261Z,2026-09-12T01:04:18-07:00,zh-CN,老是被Al打死，这么超标了现在。特别是喷火兵，比GTA还强。,苹果玩家-7a14c78ea70b,5,14540095621,正向反馈,正向,低,沉淀正向口碑素材，并同步研发团队,,,,,,中,1,
DFF-000694,苹果应用商店,https://itunes.apple.com/cn/review?id=1642894547&type=Purple%20Software,2026-09-15T05:10:52.261Z,2026-09-12T01:02:32-07:00,zh-CN,不过暴率再给高点就好了,苹果玩家-7332c6a2ae55,5,14540091284,搜打撤与经济,正向,低,沉淀正向口碑素材，并同步研发团队,,,,,主题命中：暴率,中,1,主题命中：暴率
DFF-000695,苹果应用商店,https://itunes.apple.com/cn/review?id=1642894547&type=Purple%20Software,2026-09-15T05:10:52.261Z,2026-09-12T00:54:25-07:00,zh-CN,游戏太好玩了 就是爆率有点低,苹果玩家-efa03ebab4c3,5,14540071391,搜打撤与经济,正向,低,沉淀正向口碑素材，并同步研发团队,,,,,主题命中：爆率；正向命中：好玩,中,1,主题命中：爆率；正向命中：好玩
DFF-000696,Steam,https://steamcommunity.com/app/2507950/reviews/?browsefilter=mostrecent,2026-09-15T05:10:52.261Z,2026-09-12T00:53:27.000Z,en,"Dear, I joined STEAM since February of 2017. this is my evaluation (05 is being the highest). graphics – 05/05 story – 05/05 combat – 04/05 difficulty – 04/05 and my “final score” for this game – 04/05 Happy 30th anniversary! 💻 ⌨️ 🛜 🖱️🎮 Thank You!",Steam玩家-f21d361acee8,推荐,235056746,匹配与队友,正向,低,沉淀正向口碑素材，并同步研发团队,,,,,主题命中：team,中,1,主题命中：team
DFF-000697,苹果应用商店,https://itunes.apple.com/cn/review?id=1642894547&type=Purple%20Software,2026-09-15T05:10:52.261Z,2026-09-12T00:50:31-07:00,zh-CN,啊啦啦啦啦啦,苹果玩家-d1fdae6e7ad3,1,14540061962,其他,负向,中,进入人工复核队列，补充上下文后再归因,,,,,,低,2,
DFF-000698,苹果应用商店,https://itunes.apple.com/cn/review?id=1642894547&type=Purple%20Software,2026-09-15T05:10:52.261Z,2026-09-12T00:43:34-07:00,zh-CN,这一年内我一直都在玩三角洲，直到我妈下载也是卸载之后我就开始闷了，正常的结果我刚上线，舅妈的家长那么慢，然后觉得到时候的话等到登录的时候我登录发现我的皮肤还在，哈哈哈哈，所以说我最建议的就是三角洲密封的话，他家的话很快，而那个蛋仔派对吗然后非常有点难玩，因为他你登录之后他叫你实名名字识别吗？所以说我不推荐。,苹果玩家-32370cc54237,5,14540045272,付费与通行证,混合,低,解释付费价值并监控定价、返场与抽取争议,,,,,主题命中：皮肤；正向命中：推荐；负向命中：不推荐,中,1,主题命中：皮肤；正向命中：推荐；负向命中：不推荐
DFF-000699,苹果应用商店,https://itunes.apple.com/cn/review?id=1642894547&type=Purple%20Software,2026-09-15T05:10:52.261Z,2026-09-12T00:42:45-07:00,zh-CN,就是那个要是重塑皮肤可以免费领的话，那就更好邮件，你想要一颗非洲之星,苹果玩家-755c85f21ebc,5,14540043175,付费与通行证,正向,低,沉淀正向口碑素材，并同步研发团队,付费与通行证,中性,低,否,主题命中：皮肤,中,1,主题命中：皮肤
DFF-000700,苹果应用商店,https://itunes.apple.com/cn/review?id=1642894547&type=Purple%20Software,2026-09-15T05:10:52.261Z,2026-09-12T00:40:28-07:00,zh-CN,队友不救人，看到人就跑,苹果玩家-3c7922115fcd,1,14540037812,匹配与队友,负向,中,分析匹配池与单排体验，降低实力差距和摆烂影响,,,,,主题命中：队友,中,2,主题命中：队友
DFF-000701,苹果应用商店,https://itunes.apple.com/cn/review?id=1642894547&type=Purple%20Software,2026-09-15T05:10:52.261Z,2026-09-12T00:39:25-07:00,zh-CN,当初虽然没有现在那么多玩法，但和朋友们一起玩也很开心。但现在不是外挂就是恶心的工程位，还有误封号，再也没有已前的感觉。希望策划能好好改善😔,苹果玩家-3e9a594e8aca,3,14540035193,客服与封禁,负向,严重,立即跟进：复核封禁与申诉工单，建立误封复查和响应时限,,,,,主题命中：误封、封号；负向命中：恶心、封号、外挂；严重度命中：误封,高,4,主题命中：误封、封号；负向命中：恶心、封号、外挂；严重度命中：误封
DFF-000702,苹果应用商店,https://itunes.apple.com/cn/review?id=1642894547&type=Purple%20Software,2026-09-15T05:10:52.261Z,2026-09-12T00:35:08-07:00,zh-CN,很好玩，但是能不能降低牛角和女郎的暴率？,苹果玩家-1ad594a7dd5d,5,14540024651,搜打撤与经济,正向,低,沉淀正向口碑素材，并同步研发团队,,,,,主题命中：暴率；正向命中：好玩,中,1,主题命中：暴率；正向命中：好玩
DFF-000703,苹果应用商店,https://itunes.apple.com/cn/review?id=1642894547&type=Purple%20Software,2026-09-15T05:10:52.261Z,2026-09-12T00:32:04-07:00,zh-CN,暴率高，强度低,苹果玩家-370ffae43234,5,14540017134,搜打撤与经济,正向,低,沉淀正向口碑素材，并同步研发团队,,,,,主题命中：暴率,中,1,主题命中：暴率
DFF-000704,苹果应用商店,https://itunes.apple.com/cn/review?id=1642894547&type=Purple%20Software,2026-09-15T05:10:52.261Z,2026-09-12T00:27:23-07:00,zh-CN,很好的游戏,苹果玩家-876e8dffa6e9,5,14540005582,正向反馈,正向,低,沉淀正向口碑素材，并同步研发团队,,,,,,中,1,
DFF-000705,苹果应用商店,https://itunes.apple.com/cn/review?id=1642894547&type=Purple%20Software,2026-09-15T05:10:52.261Z,2026-09-12T00:24:20-07:00,zh-CN,游戏环境不好,苹果玩家-4bc5b71c57b5,1,14539998141,其他,负向,中,进入人工复核队列，补充上下文后再归因,,,,,,低,2,
DFF-000706,Steam,https://steamcommunity.com/app/2507950/reviews/?browsefilter=mostrecent,2026-09-15T05:10:52.261Z,2026-09-12T00:23:56.000Z,en,update kontol masa harus reinstall segame buat update seasonn anjinggggggggggg,Steam玩家-773992828c90,不推荐,235055195,其他,负向,中,进入人工复核队列，补充上下文后再归因,,,,,,低,2,
DFF-000707,Steam,https://steamcommunity.com/app/2507950/reviews/?browsefilter=mostrecent,2026-09-15T05:10:52.261Z,2026-09-12T00:20:11.000Z,zh-CN,1111111111111111111111111111111111111111111111111111111111111,Steam玩家-e7ebdf587236,推荐,235055022,正向反馈,正向,低,沉淀正向口碑素材，并同步研发团队,,,,,,中,1,
DFF-000708,苹果应用商店,https://itunes.apple.com/cn/review?id=1642894547&type=Purple%20Software,2026-09-15T05:10:52.261Z,2026-09-12T00:09:00-07:00,zh-CN,真的太好玩了,苹果玩家-244c4ba3ebe3,5,14539961073,正向反馈,正向,低,沉淀正向口碑素材，并同步研发团队,,,,,正向命中：好玩,中,1,正向命中：好玩
DFF-000709,苹果应用商店,https://itunes.apple.com/cn/review?id=1642894547&type=Purple%20Software,2026-09-15T05:10:52.261Z,2026-09-12T00:07:24-07:00,zh-CN,普通大坝全是真人，还有猛攻的，搞不懂这个匹配机制是咋搞的？,苹果玩家-d72ef08867f2,1,14539957231,匹配与队友,负向,中,分析匹配池与单排体验，降低实力差距和摆烂影响,,,,,主题命中：匹配,中,2,主题命中：匹配
DFF-000710,苹果应用商店,https://itunes.apple.com/cn/review?id=1642894547&type=Purple%20Software,2026-09-15T05:10:52.261Z,2026-09-12T00:07:10-07:00,zh-CN,还是那句话依旧削弱了ai，依旧没有暗改爆率,苹果玩家-a8de4dbe1cff,1,14539956676,武器与干员平衡,负向,中,结合胜率与出场率评估武器和干员强度,,,,,主题命中：削弱、削；负向命中：暗改,中,2,主题命中：削弱、削；负向命中：暗改
DFF-000711,苹果应用商店,https://itunes.apple.com/cn/review?id=1642894547&type=Purple%20Software,2026-09-15T05:10:52.261Z,2026-09-12T00:03:53-07:00,zh-CN,我是堵桥的，我不演了。每次看到鼠鼠从码头绕过去丢包，我就一阵心痛。为什么游戏环境不好？不都是猛攻玩家的事吗？和我们堵桥和总裁六工程有什么关系呢？,苹果玩家-35dac2d5312e,5,14539948634,正向反馈,正向,低,沉淀正向口碑素材，并同步研发团队,,,,,,中,1,
DFF-000712,苹果应用商店,https://itunes.apple.com/cn/review?id=1642894547&type=Purple%20Software,2026-09-15T05:10:52.261Z,2026-09-11T23:59:25-07:00,zh-CN,做个3x3就差一个任务 队友不救人又要重新开始 旁边没人也不救 垃圾游戏滚 玩那么久就算没骂人也能被禁言 真的牛逼,苹果玩家-4fcbcb1fcd2f,1,14539937653,客服与封禁,负向,高,高优先级：复核封禁与申诉工单，建立误封复查和响应时限,,,,,主题命中：禁言；负向命中：垃圾、差,中,3,主题命中：禁言；负向命中：垃圾、差
DFF-000713,Steam,https://steamcommunity.com/app/2507950/reviews/?browsefilter=mostrecent,2026-09-15T05:10:52.261Z,2026-09-11T23:53:52.000Z,pt-BR,otimo,Steam玩家-de7fb2755622,推荐,235053587,正向反馈,正向,低,沉淀正向口碑素材，并同步研发团队,,,,,,中,1,
DFF-000714,苹果应用商店,https://itunes.apple.com/cn/review?id=1642894547&type=Purple%20Software,2026-09-15T05:10:52.261Z,2026-09-11T23:53:38-07:00,zh-CN,一趟大坝捡500万,苹果玩家-e8cdf5ae25e3,5,14539923800,地图与模式,正向,低,沉淀正向口碑素材，并同步研发团队,,,,,主题命中：大坝,中,1,主题命中：大坝
DFF-000715,苹果应用商店,https://itunes.apple.com/cn/review?id=1642894547&type=Purple%20Software,2026-09-15T05:10:52.261Z,2026-09-11T23:52:30-07:00,zh-CN,建议添加防沉迷系统,苹果玩家-5c3202339c63,1,14539921013,其他,负向,中,进入人工复核队列，补充上下文后再归因,,,,,,低,2,
DFF-000716,苹果应用商店,https://itunes.apple.com/cn/review?id=1642894547&type=Purple%20Software,2026-09-15T05:10:52.261Z,2026-09-11T23:39:32-07:00,zh-CN,阴间没爆率 提提我的爆率啊,苹果玩家-44a3bac49c6c,1,14539890224,搜打撤与经济,负向,中,复核爆率、物价与撤离收益曲线，评估经济回收节奏,,,,,主题命中：爆率,中,2,主题命中：爆率
DFF-000717,苹果应用商店,https://itunes.apple.com/cn/review?id=1642894547&type=Purple%20Software,2026-09-15T05:10:52.261Z,2026-09-11T23:37:09-07:00,zh-CN,不知道为什么每次暴率都特别特别低，而且遇到的人全是小辣条，要么骗东西，要么嘲讽人，我也真服了好吧，都准备退游了,苹果玩家-f091d047335e,1,14539884474,搜打撤与经济,负向,中,复核爆率、物价与撤离收益曲线，评估经济回收节奏,,,,,主题命中：暴率；负向命中：退游,中,2,主题命中：暴率；负向命中：退游
DFF-000718,苹果应用商店,https://itunes.apple.com/cn/review?id=1642894547&type=Purple%20Software,2026-09-15T05:10:52.261Z,2026-09-11T23:28:46-07:00,zh-CN,在添加一点暴率,苹果玩家-0a83623faabe,5,14539864307,搜打撤与经济,正向,低,沉淀正向口碑素材，并同步研发团队,,,,,主题命中：暴率,中,1,主题命中：暴率
DFF-000719,Steam,https://steamcommunity.com/app/2507950/reviews/?browsefilter=mostrecent,2026-09-15T05:10:52.261Z,2026-09-11T23:26:19.000Z,zh-CN,我对于反作弊是支持，但是不等于要随意影响正常游玩。正在对局中，30分钟内强制给我下线3次，吞掉我所有装备和局内获得，弹出理由是我机器装了第三方软件，还扣我的信誉分。我电脑上装几十个软件，同时在后台运行的有好多，没有可能不运行。我有没有作弊，我欢迎来查。目前为止这是我玩过游戏中反作弊最差的。平常几天一次，这种误检测也就认了，现在的频繁只能吐槽了。,Steam玩家-0daf272ced74,不推荐,235052012,外挂与安全,混合,高,高优先级：优先排查反作弊链路，公开高频作弊类型处置进度,,,,,主题命中：作弊、反作弊；正向命中：支持；负向命中：差、作弊,高,3,主题命中：作弊、反作弊；正向命中：支持；负向命中：差、作弊
DFF-000720,苹果应用商店,https://itunes.apple.com/cn/review?id=1642894547&type=Purple%20Software,2026-09-15T05:10:52.261Z,2026-09-11T23:24:56-07:00,zh-CN,提高爆率,苹果玩家-4702035a3b08,5,14539855376,搜打撤与经济,正向,低,沉淀正向口碑素材，并同步研发团队,,,,,主题命中：爆率,中,1,主题命中：爆率
DFF-000721,苹果应用商店,https://itunes.apple.com/cn/review?id=1642894547&type=Purple%20Software,2026-09-15T05:10:52.261Z,2026-09-11T23:24:40-07:00,zh-CN,我无语了,苹果玩家-0a075b8376a5,1,14539854723,其他,负向,中,进入人工复核队列，补充上下文后再归因,,,,,负向命中：无语,低,2,负向命中：无语
DFF-000722,苹果应用商店,https://itunes.apple.com/cn/review?id=1642894547&type=Purple%20Software,2026-09-15T05:10:52.261Z,2026-09-11T23:24:06-07:00,zh-CN,开挂是一点不管的 打输了是要死命扣分的 客服是梦到啥说啥的的,苹果玩家-991157c22ca2,1,14539853333,外挂与安全,负向,高,高优先级：优先排查反作弊链路，公开高频作弊类型处置进度,,,,,主题命中：开挂,中,3,主题命中：开挂
DFF-000723,苹果应用商店,https://itunes.apple.com/cn/review?id=1642894547&type=Purple%20Software,2026-09-15T05:10:52.261Z,2026-09-11T23:17:56-07:00,zh-CN,垃圾游戏,苹果玩家-e0b215d93b7d,1,14539839049,其他,负向,中,进入人工复核队列，补充上下文后再归因,,,,,负向命中：垃圾,低,2,负向命中：垃圾
DFF-000724,苹果应用商店,https://itunes.apple.com/cn/review?id=1642894547&type=Purple%20Software,2026-09-15T05:10:52.261Z,2026-09-11T23:17:50-07:00,zh-CN,爆率低，撤不出去,苹果玩家-d451a797c2be,1,14539838831,搜打撤与经济,负向,中,复核爆率、物价与撤离收益曲线，评估经济回收节奏,,,,,主题命中：爆率；负向命中：爆率低,中,2,主题命中：爆率；负向命中：爆率低
DFF-000725,苹果应用商店,https://itunes.apple.com/cn/review?id=1642894547&type=Purple%20Software,2026-09-15T05:10:52.261Z,2026-09-11T23:16:09-07:00,zh-CN,希望可以报非洲之星,苹果玩家-7179b9f51141,5,14539834867,正向反馈,正向,低,沉淀正向口碑素材，并同步研发团队,,,,,,中,1,
DFF-000726,苹果应用商店,https://itunes.apple.com/cn/review?id=1642894547&type=Purple%20Software,2026-09-15T05:10:52.261Z,2026-09-11T23:15:16-07:00,zh-CN,凤凰男本人呢,苹果玩家-4c907280cb40,1,14539832860,其他,负向,中,进入人工复核队列，补充上下文后再归因,,,,,,低,2,
DFF-000727,苹果应用商店,https://itunes.apple.com/cn/review?id=1642894547&type=Purple%20Software,2026-09-15T05:10:52.261Z,2026-09-11T23:09:36-07:00,zh-CN,出货急高,苹果玩家-57286ea7bd0e,5,14539819600,正向反馈,正向,低,沉淀正向口碑素材，并同步研发团队,,,,,,中,1,
DFF-000728,苹果应用商店,https://itunes.apple.com/cn/review?id=1642894547&type=Purple%20Software,2026-09-15T05:10:52.261Z,2026-09-11T23:09:18-07:00,zh-CN,什么事看看书,苹果玩家-3ff2c93da5ec,1,14539818850,其他,负向,中,进入人工复核队列，补充上下文后再归因,,,,,,低,2,
DFF-000729,苹果应用商店,https://itunes.apple.com/cn/review?id=1642894547&type=Purple%20Software,2026-09-15T05:10:52.261Z,2026-09-11T23:07:52-07:00,zh-CN,就是有时候进黑屋有点生气，现在太好玩了,苹果玩家-16b126dca911,3,14539815480,客服与封禁,混合,高,高优先级：复核封禁与申诉工单，建立误封复查和响应时限,,,,,主题命中：黑屋；正向命中：好玩；负向命中：生气、黑屋,中,3,主题命中：黑屋；正向命中：好玩；负向命中：生气、黑屋
DFF-000730,苹果应用商店,https://itunes.apple.com/cn/review?id=1642894547&type=Purple%20Software,2026-09-15T05:10:52.261Z,2026-09-11T23:00:34-07:00,zh-CN,好玩好玩，十分好玩,苹果玩家-a672b68d740c,5,14539798235,正向反馈,正向,低,沉淀正向口碑素材，并同步研发团队,,,,,正向命中：好玩,中,1,正向命中：好玩
DFF-000731,苹果应用商店,https://itunes.apple.com/cn/review?id=1642894547&type=Purple%20Software,2026-09-15T05:10:52.261Z,2026-09-11T22:58:54-07:00,zh-CN,😥😥😥,苹果玩家-bd7ea67e742f,5,14539794412,正向反馈,正向,低,沉淀正向口碑素材，并同步研发团队,,,,,,中,1,
DFF-000732,苹果应用商店,https://itunes.apple.com/cn/review?id=1642894547&type=Purple%20Software,2026-09-15T05:10:52.261Z,2026-09-11T22:57:06-07:00,zh-CN,能不能难度降低一点？,苹果玩家-9da1bf2d92fc,1,14539790298,其他,负向,中,进入人工复核队列，补充上下文后再归因,,,,,,低,2,
DFF-000733,苹果应用商店,https://itunes.apple.com/cn/review?id=1642894547&type=Purple%20Software,2026-09-15T05:10:52.261Z,2026-09-11T22:49:55-07:00,zh-CN,游戏做得非常好,苹果玩家-9bea1b4eaa8d,5,14539773694,正向反馈,正向,低,沉淀正向口碑素材，并同步研发团队,正向反馈,正向,低,是,正向命中：做得非常好,中,1,正向命中：做得非常好
DFF-000734,苹果应用商店,https://itunes.apple.com/cn/review?id=1642894547&type=Purple%20Software,2026-09-15T05:10:52.261Z,2026-09-11T22:48:46-07:00,zh-CN,这么好玩,苹果玩家-5357dd0ddece,5,14539771050,正向反馈,正向,低,沉淀正向口碑素材，并同步研发团队,,,,,正向命中：好玩,中,1,正向命中：好玩
DFF-000735,苹果应用商店,https://itunes.apple.com/cn/review?id=1642894547&type=Purple%20Software,2026-09-15T05:10:52.261Z,2026-09-11T22:48:27-07:00,zh-CN,好玩是好玩，就是爆率有点低了,苹果玩家-553112d28c70,5,14539770318,搜打撤与经济,正向,低,沉淀正向口碑素材，并同步研发团队,,,,,主题命中：爆率；正向命中：好玩,中,1,主题命中：爆率；正向命中：好玩
DFF-000736,苹果应用商店,https://itunes.apple.com/cn/review?id=1642894547&type=Purple%20Software,2026-09-15T05:10:52.261Z,2026-09-11T22:47:44-07:00,zh-CN,关于策划112种死法，神奇鸟窝之策划是gy！！！,苹果玩家-5a5c949cb36e,5,14539768648,正向反馈,正向,低,沉淀正向口碑素材，并同步研发团队,,,,,,中,1,
DFF-000737,苹果应用商店,https://itunes.apple.com/cn/review?id=1642894547&type=Purple%20Software,2026-09-15T05:10:52.261Z,2026-09-11T22:45:52-07:00,zh-CN,极致的好玩,苹果玩家-dafab7b29448,5,14539764470,正向反馈,正向,低,沉淀正向口碑素材，并同步研发团队,,,,,正向命中：好玩,中,1,正向命中：好玩
DFF-000738,苹果应用商店,https://itunes.apple.com/cn/review?id=1642894547&type=Purple%20Software,2026-09-15T05:10:52.261Z,2026-09-11T22:44:41-07:00,zh-CN,告诉你们个你们可能不太相信的事情，策划是人类,苹果玩家-d8e030589ef3,1,14539761834,其他,负向,中,进入人工复核队列，补充上下文后再归因,,,,,,低,2,
DFF-000739,苹果应用商店,https://itunes.apple.com/cn/review?id=1642894547&type=Purple%20Software,2026-09-15T05:10:52.261Z,2026-09-11T22:44:30-07:00,zh-CN,我也是这样觉得的呀哈哈😄,苹果玩家-eaac2e9a9359,5,14539761382,正向反馈,正向,低,沉淀正向口碑素材，并同步研发团队,,,,,,中,1,
DFF-000740,苹果应用商店,https://itunes.apple.com/cn/review?id=1642894547&type=Purple%20Software,2026-09-15T05:10:52.261Z,2026-09-11T22:44:14-07:00,zh-CN,挺好玩，但是暴率挺低,苹果玩家-1fa3fb15856c,5,14539760809,搜打撤与经济,正向,低,沉淀正向口碑素材，并同步研发团队,,,,,主题命中：暴率；正向命中：好玩,中,1,主题命中：暴率；正向命中：好玩
DFF-000741,苹果应用商店,https://itunes.apple.com/cn/review?id=1642894547&type=Purple%20Software,2026-09-15T05:10:52.261Z,2026-09-11T22:40:36-07:00,zh-CN,给了6颗，这个是多出来的那1颗,苹果玩家-8e15aee0d607,1,14539752410,其他,负向,中,进入人工复核队列，补充上下文后再归因,,,,,,低,2,
DFF-000742,苹果应用商店,https://itunes.apple.com/cn/review?id=1642894547&type=Purple%20Software,2026-09-15T05:10:52.261Z,2026-09-11T22:32:48-07:00,zh-CN,今天出了个烽火杯，很开心，给个好评,苹果玩家-f3c88762f3d2,5,14539734555,正向反馈,正向,低,沉淀正向口碑素材，并同步研发团队,,,,,,中,1,
DFF-000743,Steam,https://steamcommunity.com/app/2507950/reviews/?browsefilter=mostrecent,2026-09-15T05:10:52.261Z,2026-09-11T22:32:45.000Z,pt-BR,"um jogo excelente, mas infelizmente, 200Gb valem a pena",Steam玩家-8eccacfb6745,不推荐,235048635,性能与优化,负向,中,按设备与网络环境复现高频问题，优先修复阻塞型故障,,,,,主题命中：gb,中,2,主题命中：gb
DFF-000744,苹果应用商店,https://itunes.apple.com/cn/review?id=1642894547&type=Purple%20Software,2026-09-15T05:10:52.261Z,2026-09-11T22:26:02-07:00,zh-CN,天天暗改土豆服务器打个战场25Pro都给我卡退了暗改AI,苹果玩家-8472926fdeb2,1,14539718943,性能与优化,负向,中,按设备与网络环境复现高频问题，优先修复阻塞型故障,,,,,主题命中：服务器；负向命中：暗改,中,2,主题命中：服务器；负向命中：暗改
DFF-000745,苹果应用商店,https://itunes.apple.com/cn/review?id=1642894547&type=Purple%20Software,2026-09-15T05:10:52.261Z,2026-09-11T22:25:36-07:00,zh-CN,垃圾三角洲az3掉坑里死了根本出不来背人键和拉回重叠根本没用,苹果玩家-ea17a6cdac0b,1,14539717892,地图与模式,负向,中,汇总热点区域与模式数据，安排地图和玩法迭代,,,,,主题命中：az3；负向命中：垃圾、坑,中,2,主题命中：az3；负向命中：垃圾、坑
DFF-000746,苹果应用商店,https://itunes.apple.com/cn/review?id=1642894547&type=Purple%20Software,2026-09-15T05:10:52.261Z,2026-09-11T22:21:03-07:00,zh-CN,全是背刺的,苹果玩家-f9d3bc5fbbf1,1,14539707487,其他,负向,中,进入人工复核队列，补充上下文后再归因,,,,,,低,2,
DFF-000747,苹果应用商店,https://itunes.apple.com/cn/review?id=1642894547&type=Purple%20Software,2026-09-15T05:10:52.261Z,2026-09-11T22:15:17-07:00,zh-CN,新手不了解技能 不好上手 物价贵 玩两把就破产,苹果玩家-e29a36b52f87,1,14539694311,搜打撤与经济,负向,中,复核爆率、物价与撤离收益曲线，评估经济回收节奏,,,,,主题命中：物价,中,2,主题命中：物价
DFF-000748,苹果应用商店,https://itunes.apple.com/cn/review?id=1642894547&type=Purple%20Software,2026-09-15T05:10:52.261Z,2026-09-11T22:14:54-07:00,zh-CN,再破产真玩不起了,苹果玩家-20a838ad0ff9,5,14539693528,正向反馈,正向,低,沉淀正向口碑素材，并同步研发团队,,,,,,中,1,
DFF-000749,Steam,https://steamcommunity.com/app/2507950/reviews/?browsefilter=mostrecent,2026-09-15T05:10:52.261Z,2026-09-11T22:12:31.000Z,en,could have been great,Steam玩家-714bd87437c9,不推荐,235047395,其他,负向,中,进入人工复核队列，补充上下文后再归因,,,,,正向命中：great,低,2,正向命中：great
DFF-000750,苹果应用商店,https://itunes.apple.com/cn/review?id=1642894547&type=Purple%20Software,2026-09-15T05:10:52.261Z,2026-09-11T22:02:25-07:00,zh-CN,皓越大越黑，最有全都是跑刀的，不救人的，抢包的,苹果玩家-de7e08ed3824,5,14539665200,匹配与队友,正向,低,沉淀正向口碑素材，并同步研发团队,,,,,主题命中：抢包,中,1,主题命中：抢包
DFF-000751,苹果应用商店,https://itunes.apple.com/cn/review?id=1642894547&type=Purple%20Software,2026-09-15T05:10:52.261Z,2026-09-11T22:00:22-07:00,zh-CN,这个真好玩,苹果玩家-0d665fae827c,5,14539660556,正向反馈,正向,低,沉淀正向口碑素材，并同步研发团队,,,,,正向命中：好玩,中,1,正向命中：好玩
DFF-000752,Steam,https://steamcommunity.com/app/2507950/reviews/?browsefilter=mostrecent,2026-09-15T05:10:52.261Z,2026-09-11T21:58:47.000Z,zh-CN,垃圾游戏优化，垃圾游戏策划。,Steam玩家-c4221e950daa,不推荐,235046525,性能与优化,负向,中,按设备与网络环境复现高频问题，优先修复阻塞型故障,,,,,主题命中：优化；负向命中：垃圾,中,2,主题命中：优化；负向命中：垃圾
DFF-000753,苹果应用商店,https://itunes.apple.com/cn/review?id=1642894547&type=Purple%20Software,2026-09-15T05:10:52.261Z,2026-09-11T21:57:33-07:00,zh-CN,s11赛季每天上线都要让我重新下载资源，明明昨天下好了的今天却还要重新下，每天半个小时恶心死我了，垃圾游戏狗都不玩,苹果玩家-890c6b881f10,1,14539654153,性能与优化,负向,中,按设备与网络环境复现高频问题，优先修复阻塞型故障,,,,,主题命中：下载资源；负向命中：垃圾、恶心,中,2,主题命中：下载资源；负向命中：垃圾、恶心
DFF-000754,苹果应用商店,https://itunes.apple.com/cn/review?id=1642894547&type=Purple%20Software,2026-09-15T05:10:52.261Z,2026-09-11T21:52:42-07:00,zh-CN,制导18000分，老子都38000分了，还是放不了。全局什么解决办法都没有，这游戏谁爱玩谁玩吧,苹果玩家-b9b86a1fb1d2,1,14539643241,其他,负向,中,进入人工复核队列，补充上下文后再归因,,,,,,低,2,
DFF-000755,Steam,https://steamcommunity.com/app/2507950/reviews/?browsefilter=mostrecent,2026-09-15T05:10:52.261Z,2026-09-11T21:51:57.000Z,pt-BR,"Jogo desde a primeira temporada e tentei até a décima primeira, porém o jogo é horrivel pra quem é da América do Sul e não tem o carai de um PC de 10k pra cima (tem análise de jogo travando com o mano tendo 16 ♥♥♥♥♥♥♥ GB DE VRAM) por isso, segue os pontos: 1 - Muito mal otimizado, não entra na fase e você perde todo o kit (custa dinheiro do jogo) que entrou, e quando entra a fase está travada pra uma desgraça 2 - Não tem sala no servidor sul americano, na 11° temporada eles habilitaram pra que caia junto com pessoas da América do Norte, isso QUANDO ACHA SALA PQ VC ESPERA QUASE MEIA HORA E NÃO ACHA NADA. 3 - Eles só querem focar na china e Europa em geral, tanto que os drops de itens raros/vermelhos tem uma taxa maior de drop pra China. 4 - o jogo além de mal otimizado, tem a cara de pau de usar 180 GB de espaço do seu SSD ou HD pra ser esse lixo pra nós da América do Sul. 5 - Pior ponto é o jogo tentar usar a VRAM (por conta do GPU, o jogo mal otimizado se diz moderno e necessitar de bastante VRAm, se você tiver 2gb ou 4gb de VRAM, ESQUEÇA), mesmo para quem tenha 8gb/16gb existem vários relatos no Reddit do mesmo efeito de Stuttering (geralmente quando consome a VRAM, o PC apela para a memória RAM que é mais lenta que a VRAM, gerando esse travamento nítido que te fará morrer na troca de tiro ou até antes de você entrar) 6 - Ao jogo demorar pra carregar para você, o servidor não liga para isso e faz seu personagem entrar na sala como se você estivesse apto a se movimentar e atirar quando sua tela ainda estará no menu de carregamento, o resultado: OS INIMIGOS GANHAM UM KIT DE ARMA, COLETE E MOCHILA DE GRAÇA DE UM PERSONAGEM PARADO NO MEIO DO NADA. Obs: Não é um comentário por chatgpt, apesar de estar pistola quero elaborar com organização para que você não gaste o seu tempo como jogador em algo que promete tudo e não entrega nada / Não precisa me doar prêmio nem nada que isso pode ser usado por você meu amigo, mas se você tá bonado da $$$ pode mandar. Dica de jogos para substituir: PUBG é de graça e pra algo mais casual é um bom passatempo / Wardogs saiu agora mas tem que ter R$120+- para jogar, e ter um PC +- bão / qualquer jogo off-line modo campanha tipo Silent Hill (o 2 Remake é top, terrorzão massa)-Resident Evil (o 2/3/4 original e o 4 remake é top, o 5 e 6 é uma bosta, o 7 é terror bala, e o 8 repete estrutura de combate e enredo do 4, só muda o nome dos personagens mas joga quem quiser)-Gears of War (todos, só joga e veja uma história zica), e o resto ces acham sozinho que vocês são brabo. Tmjj",Steam玩家-2d2504c9846d,不推荐,235046107,性能与优化,正向,低,沉淀正向口碑素材，并同步研发团队,,,,,主题命中：stutter、gb；正向命中：top、bom,高,1,主题命中：stutter、gb；正向命中：top、bom
DFF-000756,苹果应用商店,https://itunes.apple.com/cn/review?id=1642894547&type=Purple%20Software,2026-09-15T05:10:52.261Z,2026-09-11T21:36:50-07:00,zh-CN,野排抢包那么多也不管我打死两个就起来去吃,苹果玩家-225b9c06a554,1,14539606062,匹配与队友,负向,中,分析匹配池与单排体验，降低实力差距和摆烂影响,,,,,主题命中：抢包,中,2,主题命中：抢包
DFF-000757,苹果应用商店,https://itunes.apple.com/cn/review?id=1642894547&type=Purple%20Software,2026-09-15T05:10:52.261Z,2026-09-11T21:36:02-07:00,zh-CN,我的游戏没声音要开麦才有,苹果玩家-e0ebfdfb5592,1,14539604182,其他,负向,中,进入人工复核队列，补充上下文后再归因,,,,,,低,2,
DFF-000758,苹果应用商店,https://itunes.apple.com/cn/review?id=1642894547&type=Purple%20Software,2026-09-15T05:10:52.261Z,2026-09-11T21:35:53-07:00,zh-CN,我是为大战场而来的,苹果玩家-3e608441f98f,4,14539603834,地图与模式,正向,低,沉淀正向口碑素材，并同步研发团队,,,,,主题命中：大战场,中,1,主题命中：大战场
DFF-000759,苹果应用商店,https://itunes.apple.com/cn/review?id=1642894547&type=Purple%20Software,2026-09-15T05:10:52.261Z,2026-09-11T21:33:27-07:00,zh-CN,￼游戏体验很好,苹果玩家-2e28f5c59837,5,14539598290,正向反馈,正向,低,沉淀正向口碑素材，并同步研发团队,,,,,,中,1,
DFF-000760,苹果应用商店,https://itunes.apple.com/cn/review?id=1642894547&type=Purple%20Software,2026-09-15T05:10:52.261Z,2026-09-11T21:32:17-07:00,zh-CN,能不能优化一下游戏环境或者匹配机制，跑多少把刀才能进绝密呢，匹配的队友不是跑刀就是混子，钱也没有少冲 真的要这么下头吗,苹果玩家-4acafa6c2a0c,1,14539595588,匹配与队友,负向,中,分析匹配池与单排体验，降低实力差距和摆烂影响,,,,,主题命中：匹配、队友,高,2,主题命中：匹配、队友
DFF-000761,苹果应用商店,https://itunes.apple.com/cn/review?id=1642894547&type=Purple%20Software,2026-09-15T05:10:52.261Z,2026-09-11T21:29:52-07:00,zh-CN,被游戏针对了一点多不好玩3✖️3强度太高爆率太低,苹果玩家-e7d70ac1a284,1,14539590057,搜打撤与经济,负向,中,复核爆率、物价与撤离收益曲线，评估经济回收节奏,,,,,主题命中：爆率；正向命中：好玩,中,2,主题命中：爆率；正向命中：好玩
DFF-000762,苹果应用商店,https://itunes.apple.com/cn/review?id=1642894547&type=Purple%20Software,2026-09-15T05:10:52.261Z,2026-09-11T21:28:56-07:00,zh-CN,做旅人任务又说无论对局输还是赢完成一次每次快到撤离点的时候被人打死都不算打了十几把了硬是没做完死了就给我重置让我怎么做,苹果玩家-8f12b0a54642,1,14539587863,搜打撤与经济,负向,中,复核爆率、物价与撤离收益曲线，评估经济回收节奏,,,,,主题命中：撤离点、撤离,高,2,主题命中：撤离点、撤离
DFF-000763,Steam,https://steamcommunity.com/app/2507950/reviews/?browsefilter=mostrecent,2026-09-15T05:10:52.261Z,2026-09-11T21:22:11.000Z,en,Really funny!,Steam玩家-f300796bd018,推荐,235044127,正向反馈,正向,低,沉淀正向口碑素材，并同步研发团队,,,,,正向命中：fun,中,1,正向命中：fun
DFF-000764,苹果应用商店,https://itunes.apple.com/cn/review?id=1642894547&type=Purple%20Software,2026-09-15T05:10:52.261Z,2026-09-11T21:22:03-07:00,zh-CN,不错的游戏加一点暴率就行了,苹果玩家-c60aa9d8b244,4,14539571733,搜打撤与经济,正向,低,沉淀正向口碑素材，并同步研发团队,,,,,主题命中：暴率；正向命中：不错,中,1,主题命中：暴率；正向命中：不错
DFF-000765,苹果应用商店,https://itunes.apple.com/cn/review?id=1642894547&type=Purple%20Software,2026-09-15T05:10:52.261Z,2026-09-11T21:13:08-07:00,zh-CN,环境差得一批,苹果玩家-03b2a163fe6d,1,14539550523,其他,负向,中,进入人工复核队列，补充上下文后再归因,,,,,负向命中：差,低,2,负向命中：差
DFF-000766,苹果应用商店,https://itunes.apple.com/cn/review?id=1642894547&type=Purple%20Software,2026-09-15T05:10:52.261Z,2026-09-11T21:12:33-07:00,zh-CN,我认为三角洲当务之急是增加玩家爆率，以及削弱人机,苹果玩家-7d1a25a13afc,5,14539549124,武器与干员平衡,正向,低,沉淀正向口碑素材，并同步研发团队,,,,,主题命中：削弱、削,中,1,主题命中：削弱、削
DFF-000767,苹果应用商店,https://itunes.apple.com/cn/review?id=1642894547&type=Purple%20Software,2026-09-15T05:10:52.261Z,2026-09-11T21:12:32-07:00,zh-CN,就是好长时后不出心,苹果玩家-ed52c63305e0,5,14539549077,正向反馈,正向,低,沉淀正向口碑素材，并同步研发团队,,,,,,中,1,
DFF-000768,Steam,https://steamcommunity.com/app/2507950/reviews/?browsefilter=mostrecent,2026-09-15T05:10:52.261Z,2026-09-11T21:06:18.000Z,ru,Норм,Steam玩家-a467a1dde4e2,推荐,235043077,正向反馈,正向,低,沉淀正向口碑素材，并同步研发团队,,,,,,中,1,
DFF-000769,苹果应用商店,https://itunes.apple.com/cn/review?id=1642894547&type=Purple%20Software,2026-09-15T05:10:52.261Z,2026-09-11T21:02:12-07:00,zh-CN,单挑创建房间名称不可用怎么回事，什么时候修复下,苹果玩家-ed511141e35e,5,14539524909,界面与操作体验,负向,低,整理交互问题清单，优化设置、准星与操作反馈,界面与操作体验,负向,中,否,主题命中：创建房间、房间名称、不可用、修复；负向命中：不可用,高,1,主题命中：创建房间、房间名称、不可用、修复；负向命中：不可用
DFF-000770,苹果应用商店,https://itunes.apple.com/cn/review?id=1642894547&type=Purple%20Software,2026-09-15T05:10:52.261Z,2026-09-11T21:01:04-07:00,zh-CN,终于出泪了,苹果玩家-8643c1966ce7,5,14539522207,正向反馈,正向,低,沉淀正向口碑素材，并同步研发团队,,,,,,中,1,
DFF-000771,苹果应用商店,https://itunes.apple.com/cn/review?id=1642894547&type=Purple%20Software,2026-09-15T05:10:52.261Z,2026-09-11T20:58:49-07:00,zh-CN,非常好玩,苹果玩家-fcf9ece9100f,5,14539516833,正向反馈,正向,低,沉淀正向口碑素材，并同步研发团队,,,,,正向命中：好玩,中,1,正向命中：好玩
DFF-000772,苹果应用商店,https://itunes.apple.com/cn/review?id=1642894547&type=Purple%20Software,2026-09-15T05:10:52.261Z,2026-09-11T20:43:50-07:00,zh-CN,我感觉三角洲特别特别好玩,苹果玩家-ac6001195b3c,5,14539480795,正向反馈,正向,低,沉淀正向口碑素材，并同步研发团队,,,,,正向命中：好玩,中,1,正向命中：好玩
DFF-000773,苹果应用商店,https://itunes.apple.com/cn/review?id=1642894547&type=Purple%20Software,2026-09-15T05:10:52.261Z,2026-09-11T20:43:28-07:00,zh-CN,无敌了，无敌了，无敌了,苹果玩家-7ba5f948bdbb,5,14539479900,正向反馈,正向,低,沉淀正向口碑素材，并同步研发团队,,,,,,中,1,
DFF-000774,苹果应用商店,https://itunes.apple.com/cn/review?id=1642894547&type=Purple%20Software,2026-09-15T05:10:52.261Z,2026-09-11T20:42:05-07:00,zh-CN,玩过最垃圾的游戏,苹果玩家-218b549c3edf,1,14539476481,其他,负向,中,进入人工复核队列，补充上下文后再归因,,,,,负向命中：垃圾,低,2,负向命中：垃圾
DFF-000775,Steam,https://steamcommunity.com/app/2507950/reviews/?browsefilter=mostrecent,2026-09-15T05:10:52.261Z,2026-09-11T20:40:24.000Z,pt-BR,"A Garena fez sim um bom trabalho aqui, tem problemas de otimização mas consegue ser um jogo bom na sua proposta, mas eu larguei jogos online e esse acabou sendo uma das vítimas.",Steam玩家-701c1d8c0e77,推荐,235041238,界面与操作体验,正向,低,沉淀正向口碑素材，并同步研发团队,,,,,主题命中：ui；正向命中：bom,中,1,主题命中：ui；正向命中：bom
DFF-000776,Steam,https://steamcommunity.com/app/2507950/reviews/?browsefilter=mostrecent,2026-09-15T05:10:52.261Z,2026-09-11T20:40:00.000Z,en,"Overall liked the game, not too great not too bad",Steam玩家-bfdcffc63eaf,推荐,235041219,其他,混合,低,进入人工复核队列，补充上下文后再归因,,,,,正向命中：great；负向命中：bad,低,1,正向命中：great；负向命中：bad
DFF-000777,苹果应用商店,https://itunes.apple.com/cn/review?id=1642894547&type=Purple%20Software,2026-09-15T05:10:52.261Z,2026-09-11T20:39:31-07:00,zh-CN,还我命来，还我命来，还我命来，还我命来，还我命来，还我命来。,苹果玩家-3b59b02fcf48,1,14539470251,其他,负向,中,进入人工复核队列，补充上下文后再归因,,,,,,低,2,
DFF-000778,苹果应用商店,https://itunes.apple.com/cn/review?id=1642894547&type=Purple%20Software,2026-09-15T05:10:52.261Z,2026-09-11T20:35:55-07:00,zh-CN,三角洲是一个很好的游戏但对我们零花钱的玩家并不友好要是能给一些不甚至是一个免费的刀皮让我换换口味也可以啊,苹果玩家-1ef96319659f,4,14539461457,付费与通行证,正向,低,沉淀正向口碑素材，并同步研发团队,,,,,主题命中：刀皮,中,1,主题命中：刀皮
DFF-000779,苹果应用商店,https://itunes.apple.com/cn/review?id=1642894547&type=Purple%20Software,2026-09-15T05:10:52.261Z,2026-09-11T20:30:44-07:00,zh-CN,玩法差工程未官方不削弱，一坨大粪不会做，别做,苹果玩家-e502c2ebccbd,1,14539448721,武器与干员平衡,负向,中,结合胜率与出场率评估武器和干员强度,,,,,主题命中：削弱、削；负向命中：差、一坨,中,2,主题命中：削弱、削；负向命中：差、一坨
DFF-000780,Steam,https://steamcommunity.com/app/2507950/reviews/?browsefilter=mostrecent,2026-09-15T05:10:52.261Z,2026-09-11T20:28:31.000Z,danish,ffff,Steam玩家-8a450be4c701,推荐,235040404,正向反馈,正向,低,沉淀正向口碑素材，并同步研发团队,,,,,,中,1,
DFF-000781,苹果应用商店,https://itunes.apple.com/cn/review?id=1642894547&type=Purple%20Software,2026-09-15T05:10:52.261Z,2026-09-11T20:26:32-07:00,zh-CN,爆率太低了,苹果玩家-564ae6d258cc,2,14539438377,搜打撤与经济,负向,低,复核爆率、物价与撤离收益曲线，评估经济回收节奏,,,,,主题命中：爆率；负向命中：太低了,中,1,主题命中：爆率；负向命中：太低了
DFF-000782,苹果应用商店,https://itunes.apple.com/cn/review?id=1642894547&type=Purple%20Software,2026-09-15T05:10:52.261Z,2026-09-11T20:20:16-07:00,zh-CN,太好玩了，把把车里我要一直玩,苹果玩家-97501f1c926d,5,14539423103,正向反馈,正向,低,沉淀正向口碑素材，并同步研发团队,,,,,正向命中：好玩,中,1,正向命中：好玩
DFF-000783,苹果应用商店,https://itunes.apple.com/cn/review?id=1642894547&type=Purple%20Software,2026-09-15T05:10:52.261Z,2026-09-11T20:16:29-07:00,zh-CN,所谓两级化，就是普通太简单，机密绝密太难的问题 先说普通那一极，普通是众所周知的简单，虽然能给予新手玩家慰藉，但新手却只能滞留在这里，在这里，我们能够直接用刀一打三，甚至更多，但普通爆率极低，几乎没有出过什么大红，那些真正爆率高、能出大红的地图都是些只有机密绝密的图，战备门槛高，蹲点老六多，甚至还有开挂的（官方封杀后好多了），尤其点名监狱，这张图结构本来就复杂，但只有绝密，入战门槛极高，只有金色制式装备券才能进去，但金色制式装备券一般获得不了，虽然之前出过适应监狱，但入战门槛仍然比其他机密图要高（蓝色制式装备券用不了），而且上线时间短，只存在不到两个赛季就下线了，而且只在周末开放，我算了一下，以当时的水平，每周末也就只有一张紫色制式装备券，相当于每周只能进一次。当新手发现自己在普通根本无法快速发展资本，有些大红都获得不了（如普通az3获得不了3x3的反应堆大红和浓缩铀样本），于是他们打算往上走，从普通过度到机密，当他们发现机密里都是娴熟的老手，打也打不过，发现自己想要的那些红都获得不了，想回到普通，但又一想，普通太简单，啥也拿不到，策划根本不想要让我拿到那些红，那这游戏没意思！于是，新手纷纷退坑。 其实还有一个扼杀新手纯真心灵的机制，我将其称为“反富贵”机制，它有好的一面：当我们在某几局连续撤离失败，会触发补偿局；但与此同时，如果我们刚刚百万撤离，又或者带进去的装备很欠揍（即装备价值高），局内要不就刷boss，没boss一定会刷很厉害的GTI真人干员（三角洲巅峰都能和我一个白银的刷到一起）来压制我，目的就是要置我于死地，让我无法撤离，丢失原有的高价值装备。 这些建议进行修改，否则三角洲的玩家会越来越少，只剩那些高手对打，这肯定不是策划想看到的吧,苹果玩家-b644d4e457d2,4,14539413515,搜打撤与经济,正向,低,沉淀正向口碑素材，并同步研发团队,,,,,主题命中：爆率、撤离、大红；负向命中：坑,高,1,主题命中：爆率、撤离、大红；负向命中：坑
DFF-000784,Steam,https://steamcommunity.com/app/2507950/reviews/?browsefilter=mostrecent,2026-09-15T05:10:52.261Z,2026-09-11T20:16:21.000Z,tr,Oyun bazen kasıyor düşük grafikleride hiç eğlenceli değil ama 100fps dede olsa oynanıyor. Oyunu mekanikleri harika. ne kadar iyi oynasanda herşey bir dikkatsizlik veya bir ihmalle yok olabiliyor. eğlenceli oyun ama 200 saat sıkılmak için yeterli.,Steam玩家-d1d3620ae737,推荐,235039524,正向反馈,正向,低,沉淀正向口碑素材，并同步研发团队,,,,,,中,1,
DFF-000785,苹果应用商店,https://itunes.apple.com/cn/review?id=1642894547&type=Purple%20Software,2026-09-15T05:10:52.261Z,2026-09-11T20:12:20-07:00,zh-CN,"垃圾！暴率跟个屎，吃多了还进捕鼠局+减少暴率,而且环境怎么那么差？手游已经快要爆炸了，我的队友不救我，还说我抢他金包那不是我打的吗？还有就算你这暴率高了一会儿又给我整个修脚的拦截我,超级大战场疯狂闪退卡顿不断你一个三角洲就给我占了24.6 GB你是想害死我吗？出红了不让撤离，你想干吗？现在就连航天也一个红野没有了。希望你能优化一下策划。",苹果玩家-c2157a144939,2,14539403018,性能与优化,负向,严重,立即跟进：按设备与网络环境复现高频问题，优先修复阻塞型故障,,,,,主题命中：优化、卡顿、闪退、gb；负向命中：垃圾、差、卡顿；严重度命中：闪退,高,4,主题命中：优化、卡顿、闪退、gb；负向命中：垃圾、差、卡顿；严重度命中：闪退
DFF-000786,苹果应用商店,https://itunes.apple.com/cn/review?id=1642894547&type=Purple%20Software,2026-09-15T05:10:52.261Z,2026-09-11T20:09:38-07:00,zh-CN,其实游戏本身还行，就是太卡了，我刚进游戏就卡，直接卡退了，好不容易重启入局，结果又卡退了,苹果玩家-942008f64ee0,3,14539396322,其他,负向,低,进入人工复核队列，补充上下文后再归因,,,,,负向命中：太卡、卡了,低,1,负向命中：太卡、卡了
DFF-000787,苹果应用商店,https://itunes.apple.com/cn/review?id=1642894547&type=Purple%20Software,2026-09-15T05:10:52.261Z,2026-09-11T20:09:04-07:00,zh-CN,辣鸡游戏辣鸡策划辣鸡游戏辣鸡策划辣鸡游戏辣鸡策划 辣鸡策划辣鸡爆率辣鸡策划辣鸡爆率辣鸡策划辣鸡爆率,苹果玩家-5f379a66a00b,1,14539394957,搜打撤与经济,负向,中,复核爆率、物价与撤离收益曲线，评估经济回收节奏,,,,,主题命中：爆率,中,2,主题命中：爆率
DFF-000788,苹果应用商店,https://itunes.apple.com/cn/review?id=1642894547&type=Purple%20Software,2026-09-15T05:10:52.261Z,2026-09-11T20:07:49-07:00,zh-CN,暴率有点低,苹果玩家-d6b57431f19a,5,14539391797,搜打撤与经济,正向,低,沉淀正向口碑素材，并同步研发团队,,,,,主题命中：暴率,中,1,主题命中：暴率
DFF-000789,Steam,https://steamcommunity.com/app/2507950/reviews/?browsefilter=mostrecent,2026-09-15T05:10:52.261Z,2026-09-11T19:52:12.000Z,de,sehr gut goodie goodie,Steam玩家-b6bb335c4b87,推荐,235037718,正向反馈,正向,低,沉淀正向口碑素材，并同步研发团队,,,,,正向命中：good,中,1,正向命中：good
DFF-000790,苹果应用商店,https://itunes.apple.com/cn/review?id=1642894547&type=Purple%20Software,2026-09-15T05:10:52.261Z,2026-09-11T19:51:16-07:00,zh-CN,什么土豆服务器玩着玩着突然给我卡退了一百多万的装备没了,苹果玩家-d0660b189c7b,2,14539350040,性能与优化,负向,低,按设备与网络环境复现高频问题，优先修复阻塞型故障,,,,,主题命中：服务器,中,1,主题命中：服务器
DFF-000791,Steam,https://steamcommunity.com/app/2507950/reviews/?browsefilter=mostrecent,2026-09-15T05:10:52.261Z,2026-09-11T19:48:50.000Z,es-419,"Sinceramente no le tenía fe, pero lo descargué (pesa igual harto) en un notebook gama media-baja, y me corre súper bien, ♥♥♥♥ los gráficos medios para probar y ni siquiera se calienta, está muy bien optimizado, gráficos geniales, buena interfaz, HUD, interacciones, armas, accesorios, etc... Así en resumen, lo recomiendo totalmente",Steam玩家-395b67d6f21d,推荐,235037463,界面与操作体验,正向,低,沉淀正向口碑素材，并同步研发团队,,,,,主题命中：ui、hud,高,1,主题命中：ui、hud
DFF-000792,苹果应用商店,https://itunes.apple.com/cn/review?id=1642894547&type=Purple%20Software,2026-09-15T05:10:52.261Z,2026-09-11T19:43:37-07:00,zh-CN,非常好玩,苹果玩家-3f836ab874dd,5,14539330448,正向反馈,正向,低,沉淀正向口碑素材，并同步研发团队,,,,,正向命中：好玩,中,1,正向命中：好玩
DFF-000793,苹果应用商店,https://itunes.apple.com/cn/review?id=1642894547&type=Purple%20Software,2026-09-15T05:10:52.261Z,2026-09-11T19:36:22-07:00,zh-CN,希望你们可以尽量避免黑屋局的出现，我认为我们玩这个游戏是为了体验搜打撤的乐趣 而且赛季任务希望也能简化 然后巴克什加一个撤离点,苹果玩家-86b576e36686,5,14539312147,搜打撤与经济,负向,低,复核爆率、物价与撤离收益曲线，评估经济回收节奏,,,,,主题命中：撤离点、撤离、搜打撤；负向命中：黑屋,高,1,主题命中：撤离点、撤离、搜打撤；负向命中：黑屋
DFF-000794,苹果应用商店,https://itunes.apple.com/cn/review?id=1642894547&type=Purple%20Software,2026-09-15T05:10:52.261Z,2026-09-11T19:32:52-07:00,zh-CN,实在太好玩了,苹果玩家-d60845b3acd2,5,14539303015,正向反馈,正向,低,沉淀正向口碑素材，并同步研发团队,,,,,正向命中：好玩,中,1,正向命中：好玩
DFF-000795,苹果应用商店,https://itunes.apple.com/cn/review?id=1642894547&type=Purple%20Software,2026-09-15T05:10:52.261Z,2026-09-11T19:30:41-07:00,zh-CN,一局起码出20个大紫60个蓝70个绿,苹果玩家-9742fbcd66fb,1,14539297286,其他,负向,中,进入人工复核队列，补充上下文后再归因,,,,,,低,2,
DFF-000796,苹果应用商店,https://itunes.apple.com/cn/review?id=1642894547&type=Purple%20Software,2026-09-15T05:10:52.261Z,2026-09-11T19:22:56-07:00,zh-CN,快削弱比得比特,苹果玩家-4e441f783df6,1,14539277158,武器与干员平衡,负向,中,结合胜率与出场率评估武器和干员强度,,,,,主题命中：削弱、削,中,2,主题命中：削弱、削
DFF-000797,Steam,https://steamcommunity.com/app/2507950/reviews/?browsefilter=mostrecent,2026-09-15T05:10:52.261Z,2026-09-11T19:22:45.000Z,en,"pretty good game overall, feels smooth",Steam玩家-1064429ec93f,推荐,235035555,正向反馈,正向,低,沉淀正向口碑素材，并同步研发团队,,,,,正向命中：good,中,1,正向命中：good
DFF-000798,苹果应用商店,https://itunes.apple.com/cn/review?id=1642894547&type=Purple%20Software,2026-09-15T05:10:52.261Z,2026-09-11T19:18:32-07:00,zh-CN,暴率太高了，把把给东西,苹果玩家-40608719f4f9,5,14539265649,搜打撤与经济,正向,低,沉淀正向口碑素材，并同步研发团队,,,,,主题命中：暴率,中,1,主题命中：暴率
DFF-000799,苹果应用商店,https://itunes.apple.com/cn/review?id=1642894547&type=Purple%20Software,2026-09-15T05:10:52.261Z,2026-09-11T19:17:55-07:00,zh-CN,非常好玩,苹果玩家-efa7b4887d6c,5,14539264002,正向反馈,正向,低,沉淀正向口碑素材，并同步研发团队,,,,,正向命中：好玩,中,1,正向命中：好玩
DFF-000800,苹果应用商店,https://itunes.apple.com/cn/review?id=1642894547&type=Purple%20Software,2026-09-15T05:10:52.261Z,2026-09-11T19:12:12-07:00,zh-CN,十分好玩,苹果玩家-5d11ad9d10a1,5,14539248905,正向反馈,正向,低,沉淀正向口碑素材，并同步研发团队,,,,,正向命中：好玩,中,1,正向命中：好玩
DFF-000801,苹果应用商店,https://itunes.apple.com/cn/review?id=1642894547&type=Purple%20Software,2026-09-15T05:10:52.261Z,2026-09-11T19:05:56-07:00,zh-CN,建议把 盾狗给加强一点把液氮给削一点，然后再把威龙给加强一点,苹果玩家-6a24c7337c50,5,14539232443,武器与干员平衡,正向,低,沉淀正向口碑素材，并同步研发团队,,,,,主题命中：加强、削、盾、液氮、威龙,高,1,主题命中：加强、削、盾、液氮、威龙
DFF-000802,Steam,https://steamcommunity.com/app/2507950/reviews/?browsefilter=mostrecent,2026-09-15T05:10:52.261Z,2026-09-11T18:58:39.000Z,de,Ich gehöre in eine Klapse diese Chinesen die da campen und one shotten haben nix zu tun lieber spiel ich CS2 als das zu spielen,Steam玩家-ce1ecc9bd804,不推荐,235033829,其他,负向,中,进入人工复核队列，补充上下文后再归因,,,,,,低,2,
DFF-000803,Steam,https://steamcommunity.com/app/2507950/reviews/?browsefilter=mostrecent,2026-09-15T05:10:52.261Z,2026-09-11T18:56:35.000Z,zh-CN,真的很失望，国服有的国际服什么都没有，上个赛季甚至把机密航天又改为限时，这次更新不仅没有把爆破搬过来，甚至连单挑模式都没有，搬代码是什么很难的事吗？兴致勃勃打开游戏，结果什么都没，真的太失望了,Steam玩家-ccc9854d621b,不推荐,235033683,地图与模式,负向,中,汇总热点区域与模式数据，安排地图和玩法迭代,,,,,主题命中：模式、航天；负向命中：失望,高,2,主题命中：模式、航天；负向命中：失望
DFF-000804,苹果应用商店,https://itunes.apple.com/cn/review?id=1642894547&type=Purple%20Software,2026-09-15T05:10:52.261Z,2026-09-11T18:44:05-07:00,zh-CN,流畅度太烂了，不知道为什么我用平板玩不仅回溯卡顿什么bug？都有，还有画质太烂了。,苹果玩家-08188702a635,1,14539174580,性能与优化,负向,高,高优先级：按设备与网络环境复现高频问题，优先修复阻塞型故障,,,,,主题命中：卡顿、bug；负向命中：烂、卡顿,高,3,主题命中：卡顿、bug；负向命中：烂、卡顿
DFF-000805,Steam,https://steamcommunity.com/app/2507950/reviews/?browsefilter=mostrecent,2026-09-15T05:10:52.261Z,2026-09-11T18:40:02.000Z,en,Ass game,Steam玩家-54cfabb39e35,不推荐,235032491,其他,负向,中,进入人工复核队列，补充上下文后再归因,,,,,,低,2,
DFF-000806,苹果应用商店,https://itunes.apple.com/cn/review?id=1642894547&type=Purple%20Software,2026-09-15T05:10:52.261Z,2026-09-11T18:24:58-07:00,zh-CN,真的很好,苹果玩家-45716b56a0d5,5,14539123215,正向反馈,正向,低,沉淀正向口碑素材，并同步研发团队,,,,,,中,1,
DFF-000807,苹果应用商店,https://itunes.apple.com/cn/review?id=1642894547&type=Purple%20Software,2026-09-15T05:10:52.261Z,2026-09-11T18:24:49-07:00,zh-CN,机动性虽然很让人着急，但是打击感没话说，手机端里画质相当好的一款手游，手感也比codm好多了，玩得最有cod味的游戏了,苹果玩家-e237b58fdb6a,3,14539122810,界面与操作体验,中性,低,整理交互问题清单，优化设置、准星与操作反馈,,,,,主题命中：手感、画质,高,1,主题命中：手感、画质
DFF-000808,苹果应用商店,https://itunes.apple.com/cn/review?id=1642894547&type=Purple%20Software,2026-09-15T05:10:52.261Z,2026-09-11T18:23:49-07:00,zh-CN,还有那个什么逆天bug，别人打我的是胸部显示的确是我的头部阴间,苹果玩家-0d4515cc1601,5,14539120148,性能与优化,正向,低,沉淀正向口碑素材，并同步研发团队,,,,,主题命中：bug,中,1,主题命中：bug
DFF-000809,苹果应用商店,https://itunes.apple.com/cn/review?id=1642894547&type=Purple%20Software,2026-09-15T05:10:52.261Z,2026-09-11T18:17:25-07:00,zh-CN,我最近和好友打“咱俩练练”时，我几乎每一句四个回合至少都会有一个回合被吞子弹，希望策划重视一下这个问题，不要寒了广大玩家的心,苹果玩家-846312d0ccde,5,14539102941,武器与干员平衡,正向,低,沉淀正向口碑素材，并同步研发团队,,,,,主题命中：子弹,中,1,主题命中：子弹
DFF-000810,TapTap,https://www.taptap.cn/app/330259/review,2026-09-15T05:10:52.261Z,2026-09-11T17:20:00.000Z,zh-CN,新赛季钓鱼确实有意思，但仅限于9月11日之前。 s11的钓鱼模式确实给三角洲带来了不小的热度。 但是我真想不通哪个神人策划，能想出来给鱼线限购的。 一竿进图钓20条鱼线就爆了，还不能在局内更换鱼线。不消耗鱼线耐久的切线也给修了。 我带根竿出门钓鱼，鱼线断了，在外面还换不了，得回家才能换[表情_大笑]？ 这是正常人能想出来的？你没钓过鱼，不能没见过钓鱼的人吧，谁家钓鱼不多配几卷线的？咋的，就你特殊呗，就你钓鱼线断了专门跑一趟回家换个线出门再钓呗？ 我下图钓鱼，钓鱼几分钟，往钓鱼点跑得将近十分钟，还得提防打钓鱼佬的。浪费时间还没多少收益，我图啥？,TapTap玩家-bcac11bce530,1,50385798,搜打撤与经济,负向,中,复核爆率、物价与撤离收益曲线，评估经济回收节奏,,,,,主题命中：钓鱼；正向命中：有意思,中,2,主题命中：钓鱼；正向命中：有意思
DFF-000811,Steam,https://steamcommunity.com/app/2507950/reviews/?browsefilter=mostrecent,2026-09-15T05:10:52.261Z,2026-09-11T17:16:18.000Z,en,"This season 11 is the buggiest and worse so far. The Thompson and MDR can't be unlocked even after completed Armory challenges. When click on the guns, it say its on seasonal challenge but nothing shows there. Also damn you for removing k416 for Hackclaw eventhoug the new skin in seasonal pass have both in same skins",Steam玩家-d8eb372bf860,不推荐,235026226,任务与成长,负向,中,优化任务节奏、新手引导和奖励获得感,任务与成长,负向,中,是,主题命中：completed、unlock、armory、event,高,2,主题命中：completed、unlock、armory、event
DFF-000812,Steam,https://steamcommunity.com/app/2507950/reviews/?browsefilter=mostrecent,2026-09-15T05:10:52.261Z,2026-09-11T17:03:59.000Z,fr,delta force est un très bon jeux j'ai jouer pendent 5h le gameplay je recommande fortement,Steam玩家-bf45c538267c,推荐,235025304,地图与模式,正向,低,沉淀正向口碑素材，并同步研发团队,,,,,主题命中：gameplay,中,1,主题命中：gameplay
DFF-000813,Steam,https://steamcommunity.com/app/2507950/reviews/?browsefilter=mostrecent,2026-09-15T05:10:52.261Z,2026-09-11T17:01:53.000Z,tr,Çok GB olmasa valla 10 numara oyun,Steam玩家-0bef18c46b16,推荐,235025139,性能与优化,正向,低,沉淀正向口碑素材，并同步研发团队,,,,,主题命中：gb,中,1,主题命中：gb
DFF-000814,Steam,https://steamcommunity.com/app/2507950/reviews/?browsefilter=mostrecent,2026-09-15T05:10:52.261Z,2026-09-11T16:37:03.000Z,zh-CN,不好玩。,Steam玩家-0123af230ab9,不推荐,235023278,其他,负向,中,进入人工复核队列，补充上下文后再归因,,,,,正向命中：好玩,低,2,正向命中：好玩
DFF-000815,Steam,https://steamcommunity.com/app/2507950/reviews/?browsefilter=mostrecent,2026-09-15T05:10:52.261Z,2026-09-11T15:32:32.000Z,zh-CN,依旧最重要的模式，傻福大战场匹配机制就是大芬，谁家占领对面几个飞机在天上飞自己家连个防空的都没有的？A车漏就秒，咋玩？单兵防空武器更是招笑，只要能把那玩意正常飞起来的都会躲。对面人机反载一个比一个猛，自己玩载具时不时来一发，轮到打对面时人机集体装唐，眼睁睁看着自己打的就差一炮了，其他人毫无作为。攻防也是依托狗屎，你妈的能不能多匹配几个真人？自己家风衣跟智障一样，救人不知道救，对面漏大背身都偷不死，真人到地了不封烟救人自己去打？你打得过吗你打？摸金更是神奇，FPS不研究枪法研究阴间点位，又不是彩虹六号能自己装修。技能花里胡哨，不抄彩六的了就开始自己天马行空，数值填贼高被骂了才又回调，前期干员后期完全就是两个时代的人，人家彩六的技能也花里胡哨吧，但是老的干员仍然有很大就业空间，你游麦晓雯开大范围小不知道位置只知道人数和装备，回想直接就位置人数全给你报出来了，老干员海油生存空间吗？你傻福工程位咋打你告诉我，液氮加比特阴间成啥了不知道削，俩老黑一个回响占住电脑房打都打不了，工程位不知道削一下?我打的比较唐，但是一见面没咋对枪直接就死了，有啥乐趣我请问？横竖得时间长点有点参与感吧？红红红摸不出来，架架架打不过，彻夜车不出来，有啥乐趣你告诉我？社区环境更是依托打分，骗杀的，打暗号被刺的老生常谈了，总之谁爱玩谁玩吧。,Steam玩家-35de8b23fbd9,不推荐,235018455,地图与模式,负向,中,汇总热点区域与模式数据，安排地图和玩法迭代,,,,,主题命中：模式、大战场、攻防、点位、载具；负向命中：差,高,2,主题命中：模式、大战场、攻防、点位、载具；负向命中：差
DFF-000816,Steam,https://steamcommunity.com/app/2507950/reviews/?browsefilter=mostrecent,2026-09-15T05:10:52.261Z,2026-09-11T15:23:36.000Z,en,Well if you don't care about getting beamed by cheaters I guess is fine as any other FPS. I just recommend to go outside instead.,Steam玩家-963ea8ecb79e,不推荐,235017770,外挂与安全,负向,高,高优先级：优先排查反作弊链路，公开高频作弊类型处置进度,,,,,主题命中：cheat、cheater；正向命中：recommend,高,3,主题命中：cheat、cheater；正向命中：recommend
DFF-000817,Steam,https://steamcommunity.com/app/2507950/reviews/?browsefilter=mostrecent,2026-09-15T05:10:52.261Z,2026-09-11T15:16:27.000Z,zh-CN,♥♥♥♥,Steam玩家-de0c11a65d1f,不推荐,235017213,其他,负向,中,进入人工复核队列，补充上下文后再归因,,,,,,低,2,
DFF-000818,Steam,https://steamcommunity.com/app/2507950/reviews/?browsefilter=mostrecent,2026-09-15T05:10:52.261Z,2026-09-11T14:49:21.000Z,ru,ГОВНО,Steam玩家-1249a55cf320,推荐,235015249,正向反馈,正向,低,沉淀正向口碑素材，并同步研发团队,,,,,,中,1,
DFF-000819,Steam,https://steamcommunity.com/app/2507950/reviews/?browsefilter=mostrecent,2026-09-15T05:10:52.261Z,2026-09-11T14:35:34.000Z,pl,fajna jest,Steam玩家-491b6be32b82,推荐,235014263,正向反馈,正向,低,沉淀正向口碑素材，并同步研发团队,,,,,,中,1,
DFF-000820,Steam,https://steamcommunity.com/app/2507950/reviews/?browsefilter=mostrecent,2026-09-15T05:10:52.261Z,2026-09-11T14:24:08.000Z,en,"Is good , but need more mods like deathmach",Steam玩家-07501c70a396,推荐,235013444,正向反馈,正向,低,沉淀正向口碑素材，并同步研发团队,,,,,正向命中：good,中,1,正向命中：good
DFF-000821,Steam,https://steamcommunity.com/app/2507950/reviews/?browsefilter=mostrecent,2026-09-15T05:10:52.261Z,2026-09-11T14:20:26.000Z,en,"41 hours and i still cant tell you why i kept playing, something about it pulls you in then never pays off",Steam玩家-889e0c652d16,不推荐,235013172,付费与通行证,负向,中,解释付费价值并监控定价、返场与抽取争议,,,,,主题命中：pay,中,2,主题命中：pay
DFF-000822,Steam,https://steamcommunity.com/app/2507950/reviews/?browsefilter=mostrecent,2026-09-15T05:10:52.261Z,2026-09-11T14:07:49.000Z,zh-CN,搜也搜不爽 打又有银币 撤又撤不出 玩你m,Steam玩家-21c05da07219,不推荐,235012248,其他,负向,中,进入人工复核队列，补充上下文后再归因,,,,,正向命中：爽,低,2,正向命中：爽
DFF-000823,Steam,https://steamcommunity.com/app/2507950/reviews/?browsefilter=mostrecent,2026-09-15T05:10:52.261Z,2026-09-11T14:01:56.000Z,zh-CN,辣鸡游戏 辣鸡策划,Steam玩家-1e6be44b90cc,不推荐,235011823,其他,负向,中,进入人工复核队列，补充上下文后再归因,,,,,,低,2,
DFF-000824,Steam,https://steamcommunity.com/app/2507950/reviews/?browsefilter=mostrecent,2026-09-15T05:10:52.261Z,2026-09-11T13:49:12.000Z,zh-CN,优秀的屎,Steam玩家-3121a24be44b,不推荐,235010962,其他,负向,中,进入人工复核队列，补充上下文后再归因,,,,,正向命中：优秀,低,2,正向命中：优秀
DFF-000825,TapTap,https://www.taptap.cn/app/330259/review,2026-09-15T05:10:52.261Z,2026-09-11T13:42:17.000Z,zh-CN,这赛季组队体验变好了，有旅人兜底，倒地了不用慌，气雾一喷四叶一拉，瞬间回满,TapTap玩家-43db72d92587,5,50383967,匹配与队友,正向,低,沉淀正向口碑素材，并同步研发团队,,,,,主题命中：组队,中,1,主题命中：组队
DFF-000826,Steam,https://steamcommunity.com/app/2507950/reviews/?browsefilter=mostrecent,2026-09-15T05:10:52.261Z,2026-09-11T13:34:56.000Z,ko,네가 뭘 좋아할지 몰라서 최신 FPS 에 재미난건 모두 담았어,Steam玩家-bb31bc98d489,推荐,235009998,正向反馈,正向,低,沉淀正向口碑素材，并同步研发团队,,,,,,中,1,
DFF-000827,Steam,https://steamcommunity.com/app/2507950/reviews/?browsefilter=mostrecent,2026-09-15T05:10:52.261Z,2026-09-11T13:32:11.000Z,en,"It's absolute trash, don't waste your time on it.",Steam玩家-7e102166ffa1,不推荐,235009813,其他,负向,中,进入人工复核队列，补充上下文后再归因,,,,,负向命中：trash,低,2,负向命中：trash
DFF-000828,Steam,https://steamcommunity.com/app/2507950/reviews/?browsefilter=mostrecent,2026-09-15T05:10:52.261Z,2026-09-11T13:15:20.000Z,en,really good game,Steam玩家-8e6bf53cc888,推荐,235008680,正向反馈,正向,低,沉淀正向口碑素材，并同步研发团队,,,,,正向命中：good,中,1,正向命中：good
DFF-000829,Steam,https://steamcommunity.com/app/2507950/reviews/?browsefilter=mostrecent,2026-09-15T05:10:52.261Z,2026-09-11T13:08:17.000Z,zh-CN,5野人发热天热778体育,Steam玩家-6d180d0eff30,推荐,235008184,性能与优化,正向,低,沉淀正向口碑素材，并同步研发团队,,,,,主题命中：发热,中,1,主题命中：发热
DFF-000830,Steam,https://steamcommunity.com/app/2507950/reviews/?browsefilter=mostrecent,2026-09-15T05:10:52.261Z,2026-09-11T12:46:14.000Z,tr,güzel oyun,Steam玩家-bccd86a48196,推荐,235006675,正向反馈,正向,低,沉淀正向口碑素材，并同步研发团队,,,,,正向命中：güzel,中,1,正向命中：güzel
DFF-000831,Steam,https://steamcommunity.com/app/2507950/reviews/?browsefilter=mostrecent,2026-09-15T05:10:52.261Z,2026-09-11T12:32:31.000Z,zh-CN,卡的要命,Steam玩家-7415eafd2633,不推荐,235005858,其他,负向,中,进入人工复核队列，补充上下文后再归因,,,,,,低,2,
DFF-000832,Steam,https://steamcommunity.com/app/2507950/reviews/?browsefilter=mostrecent,2026-09-15T05:10:52.261Z,2026-09-11T12:11:19.000Z,en,Storage requirements is too big now for what its worth,Steam玩家-90575e351689,不推荐,235004610,界面与操作体验,负向,中,整理交互问题清单，优化设置、准星与操作反馈,,,,,主题命中：ui,中,2,主题命中：ui
DFF-000833,Steam,https://steamcommunity.com/app/2507950/reviews/?browsefilter=mostrecent,2026-09-15T05:10:52.261Z,2026-09-11T11:53:44.000Z,zh-CN,xcafda,Steam玩家-c30c5f49381b,推荐,235003593,正向反馈,正向,低,沉淀正向口碑素材，并同步研发团队,,,,,,中,1,
DFF-000834,Steam,https://steamcommunity.com/app/2507950/reviews/?browsefilter=mostrecent,2026-09-15T05:10:52.261Z,2026-09-11T11:22:40.000Z,zh-CN,太好玩了 蒋介石内裤,Steam玩家-48f16b389090,推荐,235002023,正向反馈,正向,低,沉淀正向口碑素材，并同步研发团队,,,,,正向命中：好玩,中,1,正向命中：好玩
DFF-000835,Steam,https://steamcommunity.com/app/2507950/reviews/?browsefilter=mostrecent,2026-09-15T05:10:52.261Z,2026-09-11T11:17:43.000Z,ko,이게 무료인게 말이 안됩니다..,Steam玩家-31c18d03a282,推荐,235001800,正向反馈,正向,低,沉淀正向口碑素材，并同步研发团队,,,,,,中,1,
DFF-000836,Steam,https://steamcommunity.com/app/2507950/reviews/?browsefilter=mostrecent,2026-09-15T05:10:52.261Z,2026-09-11T10:58:17.000Z,zh-CN,藤讯特有的小学生玩家群体和游戏环境，天天搞反人性、反道德，但就是反不了科技,Steam玩家-599dd12a123e,不推荐,235000814,其他,负向,中,进入人工复核队列，补充上下文后再归因,,,,,,低,2,
DFF-000837,Steam,https://steamcommunity.com/app/2507950/reviews/?browsefilter=mostrecent,2026-09-15T05:10:52.261Z,2026-09-11T10:37:37.000Z,zh-CN,外挂是不管的，爆率是低的,Steam玩家-577a105418a1,不推荐,234999826,外挂与安全,负向,高,高优先级：优先排查反作弊链路，公开高频作弊类型处置进度,,,,,主题命中：外挂；负向命中：外挂,中,3,主题命中：外挂；负向命中：外挂
DFF-000838,Steam,https://steamcommunity.com/app/2507950/reviews/?browsefilter=mostrecent,2026-09-15T05:10:52.261Z,2026-09-11T10:25:51.000Z,ko,"전면전할 때 선택한 맵만 플레이 되게 해줬으면 좋겠음 요즘 나오는 신맵에 사람도 없고 시즌 1, 2, 3, 4 맵들이 재미있었던것 같음",Steam玩家-aba9ada23792,不推荐,234999247,其他,负向,中,进入人工复核队列，补充上下文后再归因,,,,,,低,2,
DFF-000839,TapTap,https://www.taptap.cn/app/330259/review,2026-09-15T05:10:52.261Z,2026-09-11T09:51:46.000Z,zh-CN,谁懂啊，四叶叼着包跑过来的时候，真的有种队友靠谱的感动，再也不用手动送包了,TapTap玩家-b45081d391e2,5,50382037,匹配与队友,正向,低,沉淀正向口碑素材，并同步研发团队,,,,,主题命中：队友,中,1,主题命中：队友
DFF-000840,Steam,https://steamcommunity.com/app/2507950/reviews/?browsefilter=mostrecent,2026-09-15T05:10:52.261Z,2026-09-11T09:50:24.000Z,zh-CN,冯在天上呕心沥血自研大作！没有抄袭cod、bf、塔科夫、apex。拥有全员4；M的制作团队和全网最dinner的玩家群体。,Steam玩家-54b23e54225d,不推荐,234997653,其他,负向,中,进入人工复核队列，补充上下文后再归因,,,,,,低,2,
DFF-000841,Steam,https://steamcommunity.com/app/2507950/reviews/?browsefilter=mostrecent,2026-09-15T05:10:52.261Z,2026-09-11T09:34:29.000Z,ru,качество графика,Steam玩家-99c472cc5f92,推荐,234996905,正向反馈,正向,低,沉淀正向口碑素材，并同步研发团队,,,,,,中,1,
DFF-000842,Steam,https://steamcommunity.com/app/2507950/reviews/?browsefilter=mostrecent,2026-09-15T05:10:52.261Z,2026-09-11T09:22:17.000Z,zh-CN,爆率我觉得可以三调一点点都可以,Steam玩家-a9ce68ab4378,推荐,234996346,搜打撤与经济,正向,低,沉淀正向口碑素材，并同步研发团队,搜打撤与经济,中性,低,否,主题命中：爆率,中,1,主题命中：爆率
DFF-000843,Steam,https://steamcommunity.com/app/2507950/reviews/?browsefilter=mostrecent,2026-09-15T05:10:52.261Z,2026-09-11T09:20:54.000Z,zh-CN,;LFLKROEGEK'RE'PGERKEFR,Steam玩家-83f0a411d632,不推荐,234996284,其他,负向,中,进入人工复核队列，补充上下文后再归因,,,,,,低,2,
DFF-000844,Steam,https://steamcommunity.com/app/2507950/reviews/?browsefilter=mostrecent,2026-09-15T05:10:52.261Z,2026-09-11T09:15:32.000Z,zh-CN,....,Steam玩家-50ef30d8046d,不推荐,234996042,其他,负向,中,进入人工复核队列，补充上下文后再归因,,,,,,低,2,
DFF-000845,Steam,https://steamcommunity.com/app/2507950/reviews/?browsefilter=mostrecent,2026-09-15T05:10:52.261Z,2026-09-11T09:05:06.000Z,en,"Season 11? Not an improvement. Just another reason to uninstall. The new map is frustrating, the gameplay feels worse, and the same problems keep coming back every update. Instead of fixing what actually matters, the developers keep throwing in new content and expecting players to be happy. Delta Force has potential, but the execution is a damn mess.",Steam玩家-ccdcef8494a5,不推荐,234995607,匹配与队友,负向,中,分析匹配池与单排体验，降低实力差距和摆烂影响,,,,,主题命中：elo、players,高,2,主题命中：elo、players
DFF-000846,Steam,https://steamcommunity.com/app/2507950/reviews/?browsefilter=mostrecent,2026-09-15T05:10:52.261Z,2026-09-11T09:00:36.000Z,en,"Only bunny hopping and wigling around in attack or defence, really unrealistic. The AA is non-existent so any loser and ♥♥♥♥♥♥ can fly safe all the mission. Moust of the time just run and gun in any direction and get killed from any direction. no head no tail.",Steam玩家-d017bd544e2d,不推荐,234995423,性能与优化,负向,中,按设备与网络环境复现高频问题，优先修复阻塞型故障,,,,,主题命中：ping,中,2,主题命中：ping
DFF-000847,Steam,https://steamcommunity.com/app/2507950/reviews/?browsefilter=mostrecent,2026-09-15T05:10:52.261Z,2026-09-11T08:55:01.000Z,zh-CN,对菜逼的我太不友好了,Steam玩家-714f58a766d1,不推荐,234995133,其他,负向,中,进入人工复核队列，补充上下文后再归因,,,,,,低,2,
DFF-000848,TapTap,https://www.taptap.cn/app/330259/review,2026-09-15T05:10:52.261Z,2026-09-11T08:29:29.000Z,zh-CN,移动端更新之后启动速度快了不少，通勤路上点开就能玩，碎片时间利用率拉满,TapTap玩家-9711a12e7562,5,50381369,正向反馈,正向,低,沉淀正向口碑素材，并同步研发团队,,,,,,中,1,
DFF-000849,Steam,https://steamcommunity.com/app/2507950/reviews/?browsefilter=mostrecent,2026-09-15T05:10:52.261Z,2026-09-11T08:15:40.000Z,pt-BR,achei mt bom,Steam玩家-3321218723f9,推荐,234993387,正向反馈,正向,低,沉淀正向口碑素材，并同步研发团队,,,,,正向命中：bom,中,1,正向命中：bom
DFF-000850,Steam,https://steamcommunity.com/app/2507950/reviews/?browsefilter=mostrecent,2026-09-15T05:10:52.261Z,2026-09-11T08:04:39.000Z,ru,"delta Force — отличная альтернатива для тех, кто устал от последних частей Battlefield или ищет чуть более аркадный и понятный . Проект регулярно обновляется сезонами, предлагая новые карты и оперативников",Steam玩家-d4a588fd9e57,推荐,234992943,正向反馈,正向,低,沉淀正向口碑素材，并同步研发团队,,,,,,中,1,
DFF-000851,Steam,https://steamcommunity.com/app/2507950/reviews/?browsefilter=mostrecent,2026-09-15T05:10:52.261Z,2026-09-11T07:47:38.000Z,zh-CN,没事就踢号 上不去,Steam玩家-9574d500a0a1,不推荐,234992223,其他,负向,中,进入人工复核队列，补充上下文后再归因,,,,,,低,2,
DFF-000852,Steam,https://steamcommunity.com/app/2507950/reviews/?browsefilter=mostrecent,2026-09-15T05:10:52.261Z,2026-09-11T07:42:50.000Z,tr,OYUN İYİ GÖRSEL AÇIDAN GERÇEKLİKDE GÜZEL CALL OF DUTY GİBİ ÜSTÜNE İYİ ÇALIŞILMIŞ BİR OYUN FİZİKLER FALAN İYİ TAVSİYE EDERİN,Steam玩家-db74b22b4d5a,推荐,234992001,正向反馈,正向,低,沉淀正向口碑素材，并同步研发团队,,,,,正向命中：güzel,中,1,正向命中：güzel
DFF-000853,Steam,https://steamcommunity.com/app/2507950/reviews/?browsefilter=mostrecent,2026-09-15T05:10:52.261Z,2026-09-11T07:40:38.000Z,zh-CN,“我们绝对没有暗改，所有的关于正式服的改动都是要发公告的”,Steam玩家-44a21bbcfd5d,不推荐,234991901,武器与干员平衡,负向,中,结合胜率与出场率评估武器和干员强度,,,,,主题命中：改动；负向命中：暗改,中,2,主题命中：改动；负向命中：暗改
DFF-000854,TapTap,https://www.taptap.cn/app/330259/review,2026-09-15T05:10:52.261Z,2026-09-11T06:39:57.000Z,zh-CN,组队语音的质量很好，开黑沟通不炸麦，指挥报点都很清晰，打配合省心很多,TapTap玩家-fa8d86aa3e5a,5,50380525,匹配与队友,正向,低,沉淀正向口碑素材，并同步研发团队,,,,,主题命中：组队,中,1,主题命中：组队
DFF-000855,Steam,https://steamcommunity.com/app/2507950/reviews/?browsefilter=mostrecent,2026-09-15T05:10:52.261Z,2026-09-11T06:17:19.000Z,zh-CN,死码游戏从来没见过优化这么烂的游戏，更个虚幻5卡死你爸的,Steam玩家-4fa4e9db2317,不推荐,234988416,性能与优化,负向,中,按设备与网络环境复现高频问题，优先修复阻塞型故障,,,,,主题命中：优化、卡死；负向命中：烂、卡死,高,2,主题命中：优化、卡死；负向命中：烂、卡死
DFF-000856,TapTap,https://www.taptap.cn/app/330259/review,2026-09-15T05:10:52.261Z,2026-09-11T05:35:47.000Z,zh-CN,新版本的结算页面可以看到更多详细数据，带出多少物资、击杀几个，打完看数据很满足,TapTap玩家-80a8ba7d8b17,4,50380092,搜打撤与经济,正向,低,沉淀正向口碑素材，并同步研发团队,,,,,主题命中：物资,中,1,主题命中：物资
DFF-000857,Steam,https://steamcommunity.com/app/2507950/reviews/?browsefilter=mostrecent,2026-09-15T05:10:52.261Z,2026-09-11T05:21:03.000Z,en,noob,Steam玩家-6fd85efe8e0d,不推荐,234986039,其他,负向,中,进入人工复核队列，补充上下文后再归因,,,,,,低,2,
DFF-000858,Steam,https://steamcommunity.com/app/2507950/reviews/?browsefilter=mostrecent,2026-09-15T05:10:52.261Z,2026-09-11T03:39:12.000Z,pt-BR,Jogo bom,Steam玩家-59b80b91c0d4,推荐,234981286,正向反馈,正向,低,沉淀正向口碑素材，并同步研发团队,,,,,正向命中：bom,中,1,正向命中：bom
DFF-000859,Steam,https://steamcommunity.com/app/2507950/reviews/?browsefilter=mostrecent,2026-09-15T05:10:52.261Z,2026-09-11T03:34:29.000Z,en,great game,Steam玩家-9e0d608ed7d4,推荐,234981051,正向反馈,正向,低,沉淀正向口碑素材，并同步研发团队,,,,,正向命中：great,中,1,正向命中：great
DFF-000860,TapTap,https://www.taptap.cn/app/330259/review,2026-09-15T05:10:52.261Z,2026-09-11T03:15:45.000Z,zh-CN,依旧只要搜得到，就黑屋高压，搜不到打不过撤不了,TapTap玩家-3819ab3d1c8a,1,50379091,客服与封禁,负向,高,高优先级：复核封禁与申诉工单，建立误封复查和响应时限,,,,,主题命中：黑屋；负向命中：黑屋,中,3,主题命中：黑屋；负向命中：黑屋
DFF-000861,Steam,https://steamcommunity.com/app/2507950/reviews/?browsefilter=mostrecent,2026-09-15T05:10:52.261Z,2026-09-11T03:14:02.000Z,en,سؤال حقيقي للعاملين على التحديث الاخير لماذا يجيب أن يكون بحجم 176 قيقا بايت لأنه تحديث ضخم جدا أتنمى أن يكون هناك تبرير و شكرا,Steam玩家-352567aaddd7,推荐,234980085,正向反馈,正向,低,沉淀正向口碑素材，并同步研发团队,,,,,,中,1,
DFF-000862,Steam,https://steamcommunity.com/app/2507950/reviews/?browsefilter=mostrecent,2026-09-15T05:10:52.261Z,2026-09-11T03:08:53.000Z,zh-CN,6666,Steam玩家-806fffe24f0c,推荐,234979838,正向反馈,正向,低,沉淀正向口碑素材，并同步研发团队,,,,,,中,1,
DFF-000863,Steam,https://steamcommunity.com/app/2507950/reviews/?browsefilter=mostrecent,2026-09-15T05:10:52.261Z,2026-09-11T02:55:19.000Z,en,just go play ABI. Its developed better.,Steam玩家-1bf6522249a7,不推荐,234979133,匹配与队友,负向,中,分析匹配池与单排体验，降低实力差距和摆烂影响,,,,,主题命中：elo,中,2,主题命中：elo
DFF-000864,Steam,https://steamcommunity.com/app/2507950/reviews/?browsefilter=mostrecent,2026-09-15T05:10:52.261Z,2026-09-11T02:44:31.000Z,ru,"митеров дахера и больше вроде делают отчет о том сколько забанини а херли толку их меньше не становится. Новая карта мог полная херня и пихают теперь только её почему нельзя сделать выбор карт? ♥♥♥♥ 14 карт и только ""рандом"" (на деле будет попадаться эта говно карта МОГ) самая херовая карта их всех возможных. И опять таки 14 карт из которых от силы играл на пяти. Ещё есть вопрос к разрабам а херли вы удалили мой комент о обновлении скартой Мог? нерлгравилось то что правду написал как она ♥♥♥♥♥♥♥ эта кончиная карта ? акуенные просто разрабы ♥♥♥♥♥ делать игу лучше вам полюбому дахера и больше говорили сделайти возможность выбора карты их у вас ♥♥♥♥♥ 14 а сиграть ты можешь далеко не на всех какого ♥♥♥ нет выбора карты ♥♥♥♥♥ а ? схуяли ♥♥♥♥ ? как этай ♥♥♥♥♥ бесит врде дали возможожность сиграть на картах на 14ти картах но её нет ♥♥♥♥♥ ибо у нас рандом карты ♥♥♥♥♥ нужен ваш рандом я ♥♥♥♥♥ скачал карты не для того чтобы они просто отображались у меня а для того чтобы на них играть",Steam玩家-ac73616fd278,不推荐,234978626,其他,负向,中,进入人工复核队列，补充上下文后再归因,,,,,,低,2,
DFF-000865,Steam,https://steamcommunity.com/app/2507950/reviews/?browsefilter=mostrecent,2026-09-15T05:10:52.261Z,2026-09-11T02:39:40.000Z,es,"juego nefasto, interminable el tutorial para jugar un modo a parte del juego",Steam玩家-c2116a76dfc0,不推荐,234978365,其他,负向,中,进入人工复核队列，补充上下文后再归因,,,,,,低,2,
DFF-000866,Steam,https://steamcommunity.com/app/2507950/reviews/?browsefilter=mostrecent,2026-09-15T05:10:52.261Z,2026-09-11T02:29:16.000Z,zh-CN,画面真实,Steam玩家-7f5aa57c2b74,推荐,234977895,正向反馈,正向,低,沉淀正向口碑素材，并同步研发团队,,,,,正向命中：真实,中,1,正向命中：真实
DFF-000867,Steam,https://steamcommunity.com/app/2507950/reviews/?browsefilter=mostrecent,2026-09-15T05:10:52.261Z,2026-09-11T02:13:01.000Z,en,good soup,Steam玩家-8593840a8dbb,推荐,234977082,正向反馈,正向,低,沉淀正向口碑素材，并同步研发团队,,,,,正向命中：good,中,1,正向命中：good
DFF-000868,Steam,https://steamcommunity.com/app/2507950/reviews/?browsefilter=mostrecent,2026-09-15T05:10:52.261Z,2026-09-11T01:37:55.000Z,zh-CN,还可以解闷用,Steam玩家-f9f0a8f5f0e6,推荐,234975280,正向反馈,正向,低,沉淀正向口碑素材，并同步研发团队,,,,,,中,1,
DFF-000869,Steam,https://steamcommunity.com/app/2507950/reviews/?browsefilter=mostrecent,2026-09-15T05:10:52.261Z,2026-09-11T00:47:44.000Z,de,einfach toll,Steam玩家-7834eb83c17e,推荐,234972735,正向反馈,正向,低,沉淀正向口碑素材，并同步研发团队,,,,,,中,1,
DFF-000870,Steam,https://steamcommunity.com/app/2507950/reviews/?browsefilter=mostrecent,2026-09-15T05:10:52.261Z,2026-09-11T00:38:23.000Z,zh-Hant,只能說外掛行動,Steam玩家-e0e74f1165fa,不推荐,234972254,其他,负向,中,进入人工复核队列，补充上下文后再归因,,,,,,低,2,
DFF-000871,Steam,https://steamcommunity.com/app/2507950/reviews/?browsefilter=mostrecent,2026-09-15T05:10:52.261Z,2026-09-11T00:28:00.000Z,en,They stole my money because I did not get my gun I ordered. I know it was only $2.99 but the point is it is bad enough they hack in the game all the time and the admin does nothing.,Steam玩家-82168029bc51,不推荐,234971695,外挂与安全,负向,高,高优先级：优先排查反作弊链路，公开高频作弊类型处置进度,,,,,主题命中：hack；负向命中：bad,中,3,主题命中：hack；负向命中：bad
DFF-000872,Steam,https://steamcommunity.com/app/2507950/reviews/?browsefilter=mostrecent,2026-09-15T05:10:52.261Z,2026-09-10T23:59:19.000Z,tr,Bağımlılık Yaratıyor,Steam玩家-ce1e24412f1b,推荐,234970203,正向反馈,正向,低,沉淀正向口碑素材，并同步研发团队,,,,,,中,1,
DFF-000873,Steam,https://steamcommunity.com/app/2507950/reviews/?browsefilter=mostrecent,2026-09-15T05:10:52.261Z,2026-09-10T23:47:04.000Z,ja,UIが悪い。友人に教えてもらうことで、楽しさや、出来ることが分かってきた。もしもソロでの初プレイなら、2時間も遊べなかったと思う。高容量にも問題がある。新規参入者が入りづらい環境を自身で構築している。理解度が進めば面白くはなってくる。カジュアルのようでハイコンテクストなゲーム。,Steam玩家-b62cad21a0e8,不推荐,234969564,界面与操作体验,负向,中,整理交互问题清单，优化设置、准星与操作反馈,,,,,主题命中：ui,中,2,主题命中：ui
DFF-000874,Steam,https://steamcommunity.com/app/2507950/reviews/?browsefilter=mostrecent,2026-09-15T05:10:52.261Z,2026-09-10T23:43:29.000Z,pt-BR,"sendo bem sincero gosto do game mas nao vou colocar meu CPF em um jogo que nao conheço os donos e nem a segurança, antes de vim encher o saco em algo com (a mas vc se acha tão importante assim) nao e questao de ser importante ou nao nesse caso e simplesmente vc acreditar que o mundo e puro e sem maldade, se vaza os cpf dos playes a quantidade que eles vao ter da pra fazer muita coisa pois a muito bancos que nao precisa de muita coisa pra criar conta, fora varias lojas on que da pra comprar coisas no cpf... fora isso so esta precisando de uma otimizaçao",Steam玩家-301c065d018d,推荐,234969398,任务与成长,正向,低,沉淀正向口碑素材，并同步研发团队,,,,,主题命中：quest,中,1,主题命中：quest
DFF-000875,Steam,https://steamcommunity.com/app/2507950/reviews/?browsefilter=mostrecent,2026-09-15T05:10:52.261Z,2026-09-10T23:41:06.000Z,zh-CN,qqqqqqqqqqqqqqqqqqqqqqqqqqq,Steam玩家-8bacbb8e4939,推荐,234969276,正向反馈,正向,低,沉淀正向口碑素材，并同步研发团队,其他,中性,低,否,,中,1,
DFF-000876,Steam,https://steamcommunity.com/app/2507950/reviews/?browsefilter=mostrecent,2026-09-15T05:10:52.261Z,2026-09-10T23:32:20.000Z,zh-CN,人性测试器，让你认清人类的道德到底有多低，素质有多差，人之初性本恶,Steam玩家-84119e0615f7,推荐,234968835,正向反馈,正向,低,沉淀正向口碑素材，并同步研发团队,,,,,负向命中：差,中,1,负向命中：差
DFF-000877,Steam,https://steamcommunity.com/app/2507950/reviews/?browsefilter=mostrecent,2026-09-15T05:10:52.261Z,2026-09-10T23:08:15.000Z,pt-BR,"totalmente desbalanceado, as artilharia antiaérea estão muito mau posicionadas não servindo para quase nada, ter que dar de 2 a 3 tiros de awp para derrubar 1 player não faz menor sentido, a arma com maior dano do jogo nao mata com 1 tiro. partidas com muitos hacks e embora tenham vários mapas o sistema do jogo consegue ser incompetente em rotacionar mapas para evitar repetições",Steam玩家-f5421d756f15,不推荐,234967539,外挂与安全,负向,高,高优先级：优先排查反作弊链路，公开高频作弊类型处置进度,,,,,主题命中：hack,中,3,主题命中：hack
DFF-000878,Steam,https://steamcommunity.com/app/2507950/reviews/?browsefilter=mostrecent,2026-09-15T05:10:52.261Z,2026-09-10T22:19:17.000Z,zh-Hant,被蹲閘了,Steam玩家-d5069b49e98e,不推荐,234964453,其他,负向,中,进入人工复核队列，补充上下文后再归因,,,,,,低,2,
DFF-000879,Steam,https://steamcommunity.com/app/2507950/reviews/?browsefilter=mostrecent,2026-09-15T05:10:52.261Z,2026-09-10T22:18:50.000Z,zh-Hant,滾一邊去,Steam玩家-09079925ae0f,不推荐,234964422,其他,负向,中,进入人工复核队列，补充上下文后再归因,,,,,,低,2,
DFF-000880,Steam,https://steamcommunity.com/app/2507950/reviews/?browsefilter=mostrecent,2026-09-15T05:10:52.261Z,2026-09-10T22:09:38.000Z,zh-CN,这特么是第一个，能特么刚开始还没怎么玩就给我封三天的rz游戏，你指的是我进去只要不是人机就有70%的几率一脚踢死我，最高50多w撤离，是特么开挂打出来的？路特么都没认全呢，byd耗着👴硬件的寿命，扫出来这么个够吧是吧。,Steam玩家-43ba7afa8bc5,不推荐,234963705,外挂与安全,负向,高,高优先级：优先排查反作弊链路，公开高频作弊类型处置进度,,,,,主题命中：开挂,中,3,主题命中：开挂
DFF-000881,Steam,https://steamcommunity.com/app/2507950/reviews/?browsefilter=mostrecent,2026-09-15T05:10:52.261Z,2026-09-10T21:58:20.000Z,en,♥♥♥♥ game,Steam玩家-04cc399475ee,不推荐,234962840,其他,负向,中,进入人工复核队列，补充上下文后再归因,,,,,,低,2,
DFF-000882,Steam,https://steamcommunity.com/app/2507950/reviews/?browsefilter=mostrecent,2026-09-15T05:10:52.261Z,2026-09-10T21:55:10.000Z,en,"For a free-to-play game it is quite a good game. Of course, you have a steep learning curve and you will swallow some sh*t before you actually enjoy playing in PvPs, but overall it is quite a good shooter. a little too much technical and tedious stuff for my taste (all this weaponary and equipment), but you'll figure it out eventually. Give it a try. it is free afterall...",Steam玩家-418d59ff199e,推荐,234962638,武器与干员平衡,正向,低,沉淀正向口碑素材，并同步研发团队,,,,,主题命中：weapon；正向命中：enjoy、good,中,1,主题命中：weapon；正向命中：enjoy、good
DFF-000883,Steam,https://steamcommunity.com/app/2507950/reviews/?browsefilter=mostrecent,2026-09-15T05:10:52.261Z,2026-09-10T21:41:32.000Z,pt-BR,"pior sbmm da historia dos fps, 0 balanceamento, o jogo é bom mas não existe balanceamento, nem um fps é tão desbalanceado quanto esse",Steam玩家-31974fc9f397,不推荐,234961646,武器与干员平衡,负向,中,结合胜率与出场率评估武器和干员强度,,,,,主题命中：balance；正向命中：bom,中,2,主题命中：balance；正向命中：bom
DFF-000884,Steam,https://steamcommunity.com/app/2507950/reviews/?browsefilter=mostrecent,2026-09-15T05:10:52.261Z,2026-09-10T21:21:13.000Z,en,TOOOOO MANY CHEATERS and IT TAKES 30 mins to find a game....,Steam玩家-3c3f58946e95,不推荐,234960102,外挂与安全,负向,高,高优先级：优先排查反作弊链路，公开高频作弊类型处置进度,,,,,主题命中：cheat、cheater,高,3,主题命中：cheat、cheater
DFF-000885,Steam,https://steamcommunity.com/app/2507950/reviews/?browsefilter=mostrecent,2026-09-15T05:10:52.261Z,2026-09-10T21:17:51.000Z,en,"Dear all Trick or treaters, Im coming back for that ass. If i aint get that butt last year, Then this year its gettin' smashed. I aint pullin' up in no granny costume, That ♥♥♥♥ hard to run in. Im pulling up in a tracksuit, And we really gon' get this fun in.",Steam玩家-caa78746c6f2,不推荐,234959851,界面与操作体验,负向,中,整理交互问题清单，优化设置、准星与操作反馈,,,,,主题命中：ui；正向命中：fun,中,2,主题命中：ui；正向命中：fun
DFF-000886,Steam,https://steamcommunity.com/app/2507950/reviews/?browsefilter=mostrecent,2026-09-15T05:10:52.261Z,2026-09-10T20:44:07.000Z,en,For a free to play game how can you complain! A+! Although wouldn't be a bad idea to make some more smaller maps with less players in it like 6 v 6 or 12 v 12 with no AI's in it! Having to many bots in the game! Gets rid of the thrill and adrenaline rush and the game dies out very quickly because of that reason! And it's falling into the same path as fortnite because of that sole reason!,Steam玩家-cab53c42fa78,推荐,234956666,匹配与队友,负向,低,分析匹配池与单排体验，降低实力差距和摆烂影响,,,,,主题命中：bot、bots、players；负向命中：bad,高,1,主题命中：bot、bots、players；负向命中：bad
DFF-000887,Steam,https://steamcommunity.com/app/2507950/reviews/?browsefilter=mostrecent,2026-09-15T05:10:52.261Z,2026-09-10T20:23:21.000Z,tr,"thats enough!! when you add new map stop forcing us to play in the same map always, you are killing game experience. i am already tired of this. First Italy map (Collesium) now this escort map ( i dont even know its name) i am tired of playing that narrow corridor map. let us remove 1 or 2 maps from the pool. not gonna play again!!",Steam玩家-c07b819dd803,不推荐,234953557,地图与模式,负向,中,汇总热点区域与模式数据，安排地图和玩法迭代,,,,,主题命中：map；正向命中：top,中,2,主题命中：map；正向命中：top
DFF-000888,Steam,https://steamcommunity.com/app/2507950/reviews/?browsefilter=mostrecent,2026-09-15T05:10:52.261Z,2026-09-10T20:17:11.000Z,ru,"конченное дерьмо с ботами и хуглотами ускоглазыми в батлл режиме, разработчикам отдельный салам удачного сосания ♥♥♥ и хорошего баланса оружия худшее говно из худших",Steam玩家-0acbbb932e12,不推荐,234952843,其他,负向,中,进入人工复核队列，补充上下文后再归因,,,,,,低,2,
DFF-000889,Steam,https://steamcommunity.com/app/2507950/reviews/?browsefilter=mostrecent,2026-09-15T05:10:52.261Z,2026-09-10T20:07:48.000Z,en,"I won't lie I've spent $1,000+ on cosmetics because I'm a degenerate.",Steam玩家-b7847d31314c,推荐,234951731,正向反馈,正向,低,沉淀正向口碑素材，并同步研发团队,,,,,,中,1,
DFF-000890,Steam,https://steamcommunity.com/app/2507950/reviews/?browsefilter=mostrecent,2026-09-15T05:10:52.261Z,2026-09-10T19:59:49.000Z,ru,"В каждой катке в не замисимости от того идешь легкий режим, рейтинг или нет, против тебя закидывают последние звание, чела который всю жизнь не выходит из дома, и только и делает что играет на легких картах с закупом 1млн +",Steam玩家-0198651204e6,不推荐,234950316,其他,负向,中,进入人工复核队列，补充上下文后再归因,,,,,,低,2,
DFF-000891,Steam,https://steamcommunity.com/app/2507950/reviews/?browsefilter=mostrecent,2026-09-15T05:10:52.261Z,2026-09-10T19:59:09.000Z,ru,игра полная ♥♥♥♥♥ в каждой игре ♥♥♥♥♥ какой закуп 3 типа ♥♥♥♥♥ которые убивают тебя без шанса и сносят ♥♥♥♥♥ 120 хп когда ты 0.1 ебашишь им ебучие дети войны,Steam玩家-c6661512bf7b,不推荐,234950162,其他,负向,中,进入人工复核队列，补充上下文后再归因,,,,,,低,2,
DFF-000892,Steam,https://steamcommunity.com/app/2507950/reviews/?browsefilter=mostrecent,2026-09-15T05:10:52.261Z,2026-09-10T19:40:27.000Z,pl,"polecam gierkę, trzyma kontent zawartości w uniwersum",Steam玩家-26eb2fd0fcf7,推荐,234948074,正向反馈,正向,低,沉淀正向口碑素材，并同步研发团队,,,,,,中,1,
DFF-000893,Steam,https://steamcommunity.com/app/2507950/reviews/?browsefilter=mostrecent,2026-09-15T05:10:52.261Z,2026-09-10T19:22:03.000Z,tr,daha basit arayüz,Steam玩家-5053624290e1,推荐,234946132,正向反馈,正向,低,沉淀正向口碑素材，并同步研发团队,,,,,,中,1,
DFF-000894,Steam,https://steamcommunity.com/app/2507950/reviews/?browsefilter=mostrecent,2026-09-15T05:10:52.261Z,2026-09-10T18:49:35.000Z,de,The game is fun and captures the classic battlefield vibe quite well - but can we just acknowledge how absurd a 200 GB hard disk requirement is? It's just going up with every update.,Steam玩家-0dc8e44c4c85,不推荐,234941791,性能与优化,负向,中,按设备与网络环境复现高频问题，优先修复阻塞型故障,,,,,主题命中：200 gb、gb；正向命中：fun,高,2,主题命中：200 gb、gb；正向命中：fun
DFF-000895,Steam,https://steamcommunity.com/app/2507950/reviews/?browsefilter=mostrecent,2026-09-15T05:10:52.261Z,2026-09-10T18:47:35.000Z,ko,할만하다,Steam玩家-c97630a98bdb,推荐,234941521,正向反馈,正向,低,沉淀正向口碑素材，并同步研发团队,,,,,,中,1,
DFF-000896,Steam,https://steamcommunity.com/app/2507950/reviews/?browsefilter=mostrecent,2026-09-15T05:10:52.261Z,2026-09-10T18:33:38.000Z,arabic,gooood,Steam玩家-cf916f8550e6,推荐,234939529,正向反馈,正向,低,沉淀正向口碑素材，并同步研发团队,,,,,,中,1,
DFF-000897,Steam,https://steamcommunity.com/app/2507950/reviews/?browsefilter=mostrecent,2026-09-15T05:10:52.261Z,2026-09-10T17:53:13.000Z,ru,"Честно, я не понимаю хейт этого шутера, мне заходит на ура",Steam玩家-d070145c85a3,推荐,234933505,正向反馈,正向,低,沉淀正向口碑素材，并同步研发团队,,,,,,中,1,
DFF-000898,Steam,https://steamcommunity.com/app/2507950/reviews/?browsefilter=mostrecent,2026-09-15T05:10:52.261Z,2026-09-10T17:13:58.000Z,en,temu battlefield but better somehow,Steam玩家-5d93564d3b5f,推荐,234927625,正向反馈,正向,低,沉淀正向口碑素材，并同步研发团队,,,,,,中,1,
DFF-000899,Steam,https://steamcommunity.com/app/2507950/reviews/?browsefilter=mostrecent,2026-09-15T05:10:52.261Z,2026-09-10T16:51:04.000Z,en,Ruined by greed...,Steam玩家-d305a7115f4a,不推荐,234924974,界面与操作体验,负向,中,整理交互问题清单，优化设置、准星与操作反馈,,,,,主题命中：ui,中,2,主题命中：ui
DFF-000900,Steam,https://steamcommunity.com/app/2507950/reviews/?browsefilter=mostrecent,2026-09-15T05:10:52.261Z,2026-09-10T16:25:42.000Z,en,hi the game after s11 update hit 99% OF RAM usage i have 16gb 2x8 only steam and game runing in baground game run on ssd 1tb gpu rtx 3060 cpu i5 10400F,Steam玩家-e37dae7ca99b,推荐,234922403,性能与优化,正向,低,沉淀正向口碑素材，并同步研发团队,,,,,主题命中：gb,中,1,主题命中：gb
DFF-000901,Steam,https://steamcommunity.com/app/2507950/reviews/?browsefilter=mostrecent,2026-09-15T05:10:52.261Z,2026-09-10T16:20:57.000Z,en,"After so long of playing this game, its very sad that i can't put up with the performance issues any longer. its just horrible!!",Steam玩家-ae790b7a13e3,不推荐,234922057,其他,负向,中,进入人工复核队列，补充上下文后再归因,,,,,,低,2,
DFF-000902,Steam,https://steamcommunity.com/app/2507950/reviews/?browsefilter=mostrecent,2026-09-15T05:10:52.261Z,2026-09-10T16:16:54.000Z,en,game too big garbage update useless car gun lock behind event despite already unlock it in armory event is weekly so you cant use new gun right away garbage map defender sided and needlessly big shotgun nerf while MCXLT still the best gun in the game new character is bugged and bad new update at a useless car assault rifle better than any gun game full of bot bad optimization,Steam玩家-8722bc121401,不推荐,234921779,任务与成长,混合,高,高优先级：优化任务节奏、新手引导和奖励获得感,,,,,主题命中：unlock、armory、event；正向命中：best；负向命中：bad、garbage,高,3,主题命中：unlock、armory、event；正向命中：best；负向命中：bad、garbage
DFF-000903,Steam,https://steamcommunity.com/app/2507950/reviews/?browsefilter=mostrecent,2026-09-15T05:10:52.261Z,2026-09-10T16:12:43.000Z,en,absolutely getting r@ped from every sides or from the back,Steam玩家-0fd33dd06d06,推荐,234921495,正向反馈,正向,低,沉淀正向口碑素材，并同步研发团队,,,,,,中,1,
DFF-000904,Steam,https://steamcommunity.com/app/2507950/reviews/?browsefilter=mostrecent,2026-09-15T05:10:52.261Z,2026-09-10T16:01:23.000Z,ru,кто со мной играть и прокачиватся беру любых,Steam玩家-56cd5bad59ff,推荐,234920709,正向反馈,正向,低,沉淀正向口碑素材，并同步研发团队,匹配与队友,中性,低,否,,中,1,
DFF-000905,TapTap,https://www.taptap.cn/app/330259/review,2026-09-15T05:10:52.261Z,2026-09-10T15:57:23.000Z,zh-CN,哈夫克的破产补助在持续生效，连续几局炸仓都有缓冲，不会一把破产直接被游戏劝退,TapTap玩家-81485990f2df,5,50376692,其他,负向,低,进入人工复核队列，补充上下文后再归因,,,,,负向命中：劝退,低,1,负向命中：劝退
DFF-000906,Steam,https://steamcommunity.com/app/2507950/reviews/?browsefilter=mostrecent,2026-09-15T05:10:52.261Z,2026-09-10T15:38:34.000Z,zh-CN,游戏是抄的，策划冯是飞的，宣传组是燃成舍利子，这*游戏赶紧给那些做视频的，和明日方舟联动磕一个吧,Steam玩家-2325b2e79cda,不推荐,234919237,付费与通行证,负向,中,解释付费价值并监控定价、返场与抽取争议,,,,,主题命中：联动,中,2,主题命中：联动
DFF-000907,Steam,https://steamcommunity.com/app/2507950/reviews/?browsefilter=mostrecent,2026-09-15T05:10:52.261Z,2026-09-10T15:33:24.000Z,en,"game gajelas memek, disuruh klik beli item duitnya gacukup dipaksa suruh ngeklik memek puki sifilis gonore anyinggg",Steam玩家-a7e0609e5876,不推荐,234918885,界面与操作体验,负向,中,整理交互问题清单，优化设置、准星与操作反馈,,,,,主题命中：ui,中,2,主题命中：ui
DFF-000908,Steam,https://steamcommunity.com/app/2507950/reviews/?browsefilter=mostrecent,2026-09-15T05:10:52.261Z,2026-09-10T15:04:06.000Z,zh-CN,低配置没有游戏体验,Steam玩家-288e9a17a59d,不推荐,234916976,其他,负向,中,进入人工复核队列，补充上下文后再归因,,,,,,低,2,
DFF-000909,Steam,https://steamcommunity.com/app/2507950/reviews/?browsefilter=mostrecent,2026-09-15T05:10:52.261Z,2026-09-10T14:55:12.000Z,th,โง่มาก,Steam玩家-05a75bc20443,不推荐,234916425,其他,负向,中,进入人工复核队列，补充上下文后再归因,,,,,,低,2,
DFF-000910,TapTap,https://www.taptap.cn/app/330259/review,2026-09-15T05:10:52.261Z,2026-09-10T14:55:05.000Z,zh-CN,孩子们，三角洲是最好玩的游戏，尤其是这个新出的钓鱼活动，不用怕没装备，会有人机给你来送装备，不论你来干什么，不论你的队友是不是坏人，人机都会跑过来打你几枪，告诉你的位置。 这个钓鱼活动更是厉害，我们伟大的策划，为了增加真实性，在今天把各个钓点给搞混了，并且每一局每一个钓点都是随机的爆率，就像现实中一样，既有运气非常好的，看着感觉就好像是气运之子一样的人，可以轻松钓到红鱼。也有大多数，不管装备有多好，用的饵料和鱼线有多厉害，却仍然只能钓上来小白鱼的路人。 也不用害怕会遇到坏人，坏人只要干了以下这些事，就会被我们优秀的匹配机制匹配到和他相同的人群里：1.攻击一个没有攻击你的跑刀仔。2.带的装备非常好，好到这场对局里没人能打赢你。3.局内表现看着好像是不想打人只想搜东西，实际上是不想让别人搜东西，但又打不过别人，只能躲在边上看的发“新年快乐”胆小鬼。 我们的策划真的非常优秀，他明白小孩子们不能打太多的游戏，也明白小孩子们不一定适合打游戏，更明白小孩子们是很想打游戏的，于是贴心的给每个队里都匹配了一个小孩子，非常照顾孩子们的身心发展健康。 我们最优秀的游戏，还有着非常优秀的经济系统，无论是钓鱼的商店还是装备的商店和玩家交易行，都可以保证你的资金稳定发展，稳稳的一条直线，既不会让你因为一个大红或者是打赢一场对局而发财，造成装备碾压，其他玩家打不过你的情况。也不会出现其他玩家装备太差，导致打不过你的情况。 并且我们的玩家交易行，拥有着最真实公平的来源供给，我们拥有上百亿把m14，平均每个玩家可以分到1万吧，并且这上百亿把m14均是由我们最优秀的玩家所提供的。 即便是钓鱼商店的经济系统，也是非常的优秀，最厉害的鱼线，为了避免拉开经济过高的情况，策划十分贴心的让最强的人每周只能买三次，一次只能用20下，并且，为了避免经济过高的情况，会贴心的安排一些坏人来制裁。 同样的，因为经济过高的情况实在过于棘手，所以策划还非常贴心的安排每一场高投入的钓鱼对局，也就是最好的鱼竿加最好的零件再加上最好的饵料，也仅仅只是会比普通玩家高一点点，甚至经常出现入不敷出的情况，来保证了经济上的平衡。 综上所述，我们的游戏真的非常健康，非常优秀，大家一定要来玩啊,TapTap玩家-a6ace8f84cf0,5,50376140,搜打撤与经济,混合,中,复核爆率、物价与撤离收益曲线，评估经济回收节奏,,,,,主题命中：爆率、经济、交易行、大红、钓鱼；正向命中：好玩、优秀、真实；负向命中：差,高,2,主题命中：爆率、经济、交易行、大红、钓鱼；正向命中：好玩、优秀、真实；负向命中：差
DFF-000911,Steam,https://steamcommunity.com/app/2507950/reviews/?browsefilter=mostrecent,2026-09-15T05:10:52.261Z,2026-09-10T14:42:16.000Z,ru,прикольная время убивалка,Steam玩家-7a8f9a8ae434,推荐,234915573,正向反馈,正向,低,沉淀正向口碑素材，并同步研发团队,,,,,,中,1,
DFF-000912,Steam,https://steamcommunity.com/app/2507950/reviews/?browsefilter=mostrecent,2026-09-15T05:10:52.261Z,2026-09-10T14:32:27.000Z,en,so good,Steam玩家-d4f38359910e,推荐,234914920,正向反馈,正向,低,沉淀正向口碑素材，并同步研发团队,,,,,正向命中：good,中,1,正向命中：good
DFF-000913,Steam,https://steamcommunity.com/app/2507950/reviews/?browsefilter=mostrecent,2026-09-15T05:10:52.261Z,2026-09-10T14:13:58.000Z,zh-CN,游戏环境是真的差，突击位带头冲上去，1换1. 很快灭队之后，队友贴脸看着我死，就是不救。 ID：“看鼠鼠偷摸大红”；“串串香倪尔“。知道你们户口本上太孤单了，打个游戏都能恶意报复社会。,Steam玩家-49fd4c408216,不推荐,234913721,匹配与队友,负向,中,分析匹配池与单排体验，降低实力差距和摆烂影响,,,,,主题命中：队友；负向命中：差,中,2,主题命中：队友；负向命中：差
DFF-000914,Steam,https://steamcommunity.com/app/2507950/reviews/?browsefilter=mostrecent,2026-09-15T05:10:52.261Z,2026-09-10T14:10:46.000Z,zh-CN,感谢策划,Steam玩家-c4276a62d5e3,不推荐,234913493,其他,负向,中,进入人工复核队列，补充上下文后再归因,,,,,,低,2,
DFF-000915,Steam,https://steamcommunity.com/app/2507950/reviews/?browsefilter=mostrecent,2026-09-15T05:10:52.261Z,2026-09-10T13:59:30.000Z,zh-CN,这是个本质赌博游戏，它以赌博玩法吸引玩家的能力很强，但游戏的平衡性，社区环境，游戏环境都奇差无比，无朋友引荐的情况不建议入坑，入坑长久的玩家不建议痴迷，玩该游戏请务必多留意自己的心理健康,Steam玩家-0b98b61d9f25,不推荐,234912781,武器与干员平衡,负向,中,结合胜率与出场率评估武器和干员强度,,,,,主题命中：平衡；负向命中：差、坑,中,2,主题命中：平衡；负向命中：差、坑
DFF-000916,Steam,https://steamcommunity.com/app/2507950/reviews/?browsefilter=mostrecent,2026-09-15T05:10:52.261Z,2026-09-10T13:59:08.000Z,pt-BR,"Mano, que jogo incrivelmente travado, tive 2 computadores num tempo de 2~3 anos, o primeiro com com um Xeon 2640V3, 16Gb ram, usando uma RX6600M e o jogo travava pra Karalho, mas outros jogos, Battlefield 1/3/4/5/6/2048, COD, Pubg, Star wars Battlefront 1/2, e outros jogos nunca travavam assim. Mas agora, eu com meu segundo PC que é um Ryzen 5500, 16Gb 3200Mhz, uma RX 9060 XT 16GB nao da pra jogar nem 1 partida que ele trava e o filho da puta tem a AUDÀCIA DE DIZER que não ter ESPAÇO NA MEMÒRIA DA GPU, A FILHA DA PUTA COM 16GB GDDR6 NAO TEM ESPAÇO????? Sinceramente eu desisti de tentar jogar esse Jogo, voltarei ao meu BF1 e ao BF6 que eu sei que vai rodar MUITO MELHOR nao sei qual o defeito disso, se é o jogo que tem birra comigo ou o jogo é travado assim mesmo... se alguem puder me ajudar eu agradeço",Steam玩家-2dd17d8cc59a,不推荐,234912761,外挂与安全,负向,高,高优先级：优先排查反作弊链路，公开高频作弊类型处置进度,,,,,主题命中：esp,中,3,主题命中：esp
DFF-000917,Steam,https://steamcommunity.com/app/2507950/reviews/?browsefilter=mostrecent,2026-09-15T05:10:52.261Z,2026-09-10T13:40:34.000Z,ru,последняя обнова на 100 гб и все игра перестала играть урон пропал оптимизации тоже и синхранизация !!!разрабы исправте пожалуйста !!! такую красивую игру запороть !!!,Steam玩家-f57fe2eb7b2d,不推荐,234911644,其他,负向,中,进入人工复核队列，补充上下文后再归因,,,,,,低,2,
DFF-000918,Steam,https://steamcommunity.com/app/2507950/reviews/?browsefilter=mostrecent,2026-09-15T05:10:52.261Z,2026-09-10T13:37:32.000Z,ru,еще одна тупорылая ♥♥♥♥♥ с своим собственным лаунчером,Steam玩家-c4b9ddaa28c6,不推荐,234911460,其他,负向,中,进入人工复核队列，补充上下文后再归因,,,,,,低,2,
DFF-000919,Steam,https://steamcommunity.com/app/2507950/reviews/?browsefilter=mostrecent,2026-09-15T05:10:52.261Z,2026-09-10T13:33:06.000Z,ru,"""Будьте вежливы и придерживайтесь правил и рекомендаций."" не позволяет описать это позорище геймдева",Steam玩家-d49b1473c06a,不推荐,234911200,其他,负向,中,进入人工复核队列，补充上下文后再归因,,,,,,低,2,
DFF-000920,TapTap,https://www.taptap.cn/app/330259/review,2026-09-15T05:10:52.261Z,2026-09-10T13:03:22.000Z,zh-CN,先叠甲 s1元老 目前s11赛季三天做完3x3 策划如果不好好思考怎么续命这个游戏玩家也快流失完了 1.当初说削弱了ai，老玩家能明显感觉到ai加强了多次 回坑发现现在ai小兵，100m能冲锋枪锁头，盾兵全自动，在清两三队的情况下，残血被ai杀不在少数 2.继续强调策划说不会暗改这一问题，敢问策划 有多少玩家发现做完3x3之后爆率直线下降，做3x3的过程中都有九格大红，做完之后没见过 3.货币体系崩盘 只要有活动 枪械配件大幅下跌 子弹消耗大涨到天价，全身装备比不上子弹消耗 4.外挂问题 护航问题，外挂问题官方有作为我们看得到 但是一到周末绝密，玩家都称为科技航天，恨不得每把都有挂，其次三角洲俱乐部遍地，普通玩家被炸鱼策划无作为，试问哪家游戏公司会默认俱乐部护航炸鱼这种行为，普通玩家只能思考俱乐部和游戏公司中的利益关系。 综上 普通玩家现在只建议跑刀娱乐，不要上强度消耗哈弗币,TapTap玩家-0ec627e34eaf,1,50375088,武器与干员平衡,负向,高,高优先级：结合胜率与出场率评估武器和干员强度,,,,,主题命中：枪械、冲锋枪、削弱、加强、削、盾、子弹；负向命中：坑、崩、外挂、暗改,高,3,主题命中：枪械、冲锋枪、削弱、加强、削、盾、子弹；负向命中：坑、崩、外挂、暗改
DFF-000921,Steam,https://steamcommunity.com/app/2507950/reviews/?browsefilter=mostrecent,2026-09-15T05:10:52.261Z,2026-09-10T13:02:02.000Z,ru,"The game is absolutely amazing🔥 It really surprised me in the best way. The graphics, gunplay, sound, and atmosphere are all top-notch. I especially love that it feels like a real large-scale battle rather than just another ordinary shooter.",Steam玩家-07e6edcee24b,推荐,234909511,外挂与安全,正向,高,高优先级：优先排查反作弊链路，公开高频作弊类型处置进度,,,,,主题命中：esp；正向命中：best、love、amazing、top,中,3,主题命中：esp；正向命中：best、love、amazing、top
DFF-000922,Steam,https://steamcommunity.com/app/2507950/reviews/?browsefilter=mostrecent,2026-09-15T05:10:52.261Z,2026-09-10T12:48:26.000Z,zh-CN,草泥马傻逼腾讯。更新之后每天都要崩溃掉线，草泥马B的上去就被打死。你妈隔壁的不会做优化做尼玛B游戏，草拟吗的B,Steam玩家-707dfbe6b823,不推荐,234908832,性能与优化,负向,严重,立即跟进：按设备与网络环境复现高频问题，优先修复阻塞型故障,,,,,主题命中：优化、崩溃；负向命中：崩；严重度命中：崩溃,高,4,主题命中：优化、崩溃；负向命中：崩；严重度命中：崩溃
DFF-000923,Steam,https://steamcommunity.com/app/2507950/reviews/?browsefilter=mostrecent,2026-09-15T05:10:52.261Z,2026-09-10T12:37:07.000Z,zh-CN,完全是依托构式,Steam玩家-699daccdbc4a,不推荐,234908281,其他,负向,中,进入人工复核队列，补充上下文后再归因,,,,,,低,2,
DFF-000924,Steam,https://steamcommunity.com/app/2507950/reviews/?browsefilter=mostrecent,2026-09-15T05:10:52.261Z,2026-09-10T12:35:58.000Z,zh-CN,我尼玛真服了，这游戏新手有个玩吗，天天被抽死，我也很绝望啊，毫无头绪,Steam玩家-f9fedb8b9860,不推荐,234908212,任务与成长,负向,中,优化任务节奏、新手引导和奖励获得感,,,,,主题命中：新手,中,2,主题命中：新手
DFF-000925,Steam,https://steamcommunity.com/app/2507950/reviews/?browsefilter=mostrecent,2026-09-15T05:10:52.261Z,2026-09-10T12:17:49.000Z,zh-CN,垃圾游戏,Steam玩家-f6c922b6a3de,不推荐,234907284,其他,负向,中,进入人工复核队列，补充上下文后再归因,,,,,负向命中：垃圾,低,2,负向命中：垃圾
DFF-000926,Steam,https://steamcommunity.com/app/2507950/reviews/?browsefilter=mostrecent,2026-09-15T05:10:52.261Z,2026-09-10T11:43:57.000Z,en,good game,Steam玩家-260dcb4ff48a,推荐,234905678,正向反馈,正向,低,沉淀正向口碑素材，并同步研发团队,,,,,正向命中：good,中,1,正向命中：good
DFF-000927,Steam,https://steamcommunity.com/app/2507950/reviews/?browsefilter=mostrecent,2026-09-15T05:10:52.261Z,2026-09-10T11:43:14.000Z,fr,FULL BOT,Steam玩家-e584b447fdaf,不推荐,234905649,匹配与队友,负向,中,分析匹配池与单排体验，降低实力差距和摆烂影响,,,,,主题命中：bot,中,2,主题命中：bot
DFF-000928,Steam,https://steamcommunity.com/app/2507950/reviews/?browsefilter=mostrecent,2026-09-15T05:10:52.261Z,2026-09-10T11:39:58.000Z,zh-CN,玩玩就行，别上头,Steam玩家-c96094fffd07,不推荐,234905491,其他,负向,中,进入人工复核队列，补充上下文后再归因,,,,,正向命中：上头,低,2,正向命中：上头
DFF-000929,Steam,https://steamcommunity.com/app/2507950/reviews/?browsefilter=mostrecent,2026-09-15T05:10:52.261Z,2026-09-10T11:39:48.000Z,czech,MNAU MNAU BUBLI BUBLI MNAU,Steam玩家-4488614dbb7b,推荐,234905483,正向反馈,正向,低,沉淀正向口碑素材，并同步研发团队,,,,,,中,1,
DFF-000930,Steam,https://steamcommunity.com/app/2507950/reviews/?browsefilter=mostrecent,2026-09-15T05:10:52.261Z,2026-09-10T11:38:53.000Z,zh-CN,sshi,Steam玩家-74d4fc334017,不推荐,234905437,其他,负向,中,进入人工复核队列，补充上下文后再归因,,,,,,低,2,
DFF-000931,Steam,https://steamcommunity.com/app/2507950/reviews/?browsefilter=mostrecent,2026-09-15T05:10:52.261Z,2026-09-10T11:33:47.000Z,tr,güzel.,Steam玩家-8dfae6d5219c,推荐,234905227,正向反馈,正向,低,沉淀正向口碑素材，并同步研发团队,,,,,正向命中：güzel,中,1,正向命中：güzel
DFF-000932,Steam,https://steamcommunity.com/app/2507950/reviews/?browsefilter=mostrecent,2026-09-15T05:10:52.261Z,2026-09-10T11:13:51.000Z,zh-CN,你真行琳琅天上，啥都没干玩了一把直接封号，真牛,Steam玩家-f8f92093a9f3,不推荐,234904357,客服与封禁,负向,高,高优先级：复核封禁与申诉工单，建立误封复查和响应时限,,,,,主题命中：封号；负向命中：封号,中,3,主题命中：封号；负向命中：封号
DFF-000933,Steam,https://steamcommunity.com/app/2507950/reviews/?browsefilter=mostrecent,2026-09-15T05:10:52.261Z,2026-09-10T10:42:51.000Z,en,"So delta force was always about operations to me, while playing it I made some friends and played with them for a while. It was fun at the start but I was just never able to transcend from easy to the normal mode, forget hard. Of course I am not the best fps player but I was determined to get good at it since I liked it so much, but that never happened, all the fun I had was in the Zero Dam cause it was easy to go into with a bad kit and even if you die the loss wasn't that great. One or two games at normal and I lost everything, again back to zdm. I always wanted to play space city or that prison map or the night mode but I just couldn't, I was too scared to take in a good kit and lose everything. The cheater/hacker problems will always be there since its a free game but I won't go Into that. Well, it was great until I got bored of zdm and my friends also just left for other games, they had the same problem as me. I am writing this after quitting the game for a while now, after 400hrs maybe it just wasn't for me.",Steam玩家-3b76447c88c1,不推荐,234903169,外挂与安全,混合,高,高优先级：优先排查反作弊链路，公开高频作弊类型处置进度,,,,,主题命中：hack、hacker、cheat、cheater；正向命中：best、fun、good、great；负向命中：bad,高,3,主题命中：hack、hacker、cheat、cheater；正向命中：best、fun、good、great；负向命中：bad
DFF-000934,Steam,https://steamcommunity.com/app/2507950/reviews/?browsefilter=mostrecent,2026-09-15T05:10:52.261Z,2026-09-10T09:57:34.000Z,ko,잠수함 패치 부터 쉐도우 벤? 이유없는 벤시스템 무한 로딩,Steam玩家-373cb1114886,不推荐,234901445,其他,负向,中,进入人工复核队列，补充上下文后再归因,,,,,,低,2,
DFF-000935,Steam,https://steamcommunity.com/app/2507950/reviews/?browsefilter=mostrecent,2026-09-15T05:10:52.261Z,2026-09-10T09:18:47.000Z,zh-CN,很垃圾的策划，垃圾的匹配机制，一百多万的战备，队友仍有烂仔，完事对面还很猛，我的战备匹配池加到对面去了吗,Steam玩家-e856beb8aa72,不推荐,234900022,匹配与队友,负向,中,分析匹配池与单排体验，降低实力差距和摆烂影响,,,,,主题命中：匹配、队友；负向命中：垃圾、烂,高,2,主题命中：匹配、队友；负向命中：垃圾、烂
DFF-000936,TapTap,https://www.taptap.cn/app/330259/review,2026-09-15T05:10:52.261Z,2026-09-10T08:56:06.000Z,zh-CN,玩啥啊？本就是被钓鱼吸引回来的开服老玩家，钓了两天爆率也不说了，还把快速近战不消耗鱼线耐久给修掉了，我说，一根鱼竿20次，两根高碳两根金属的也才80次，咋地你家默认鱼线能保证给红鱼拉上来是吧？塔蚂的你红鱼能卖大几百我就不说啥了，我认了，结果红鱼还是4000块，你限制你*呢？钓个鱼给你家祖坟钓上来了吗？开服玩到现在，被恶心到现在，这是最你*恶心的一次，玩你*啊？,TapTap玩家-635e789c15fa,1,50373143,搜打撤与经济,负向,中,复核爆率、物价与撤离收益曲线，评估经济回收节奏,,,,,主题命中：爆率、钓鱼、卖；负向命中：恶心,高,2,主题命中：爆率、钓鱼、卖；负向命中：恶心
DFF-000937,Steam,https://steamcommunity.com/app/2507950/reviews/?browsefilter=mostrecent,2026-09-15T05:10:52.261Z,2026-09-10T08:43:17.000Z,th,หาห้องไป5ตา ได้เล่นด่านเดิม5ตา กูถามจริง อัพเดทเพิ่มมาเกือบ200GB มีอะไรดีขึ้นที่มันจับต้องได้บ้าง,Steam玩家-c721f7e881a8,不推荐,234898725,性能与优化,负向,中,按设备与网络环境复现高频问题，优先修复阻塞型故障,性能与优化,负向,中,是,主题命中：gb,中,2,主题命中：gb
DFF-000938,Steam,https://steamcommunity.com/app/2507950/reviews/?browsefilter=mostrecent,2026-09-15T05:10:52.261Z,2026-09-10T08:38:52.000Z,zh-CN,封禁我账号 你看我战绩那个像开东西了,Steam玩家-7cc9c53bdc41,不推荐,234898554,客服与封禁,负向,高,高优先级：复核封禁与申诉工单，建立误封复查和响应时限,,,,,主题命中：封禁,中,3,主题命中：封禁
DFF-000939,Steam,https://steamcommunity.com/app/2507950/reviews/?browsefilter=mostrecent,2026-09-15T05:10:52.261Z,2026-09-10T08:35:44.000Z,en,Trash game just like indians with scamming tons of Chinese players who cant help but cheat its in there blood. I'll que Na and fight Chinese cheaters and get qued with Spanish players who just yell in the mic to res them. Horrid and i mean Horrid que times im talking 20m some times to get into a game and die to a cheater legit the most unfun iv had in a long time. You run into dude's who have 1.3k games and 0 kd the whole season since they have bots that just walk and loot and reset then sell them to cheaters for like 10 bucks and i dont get my gear back when the cheaters get banned since this game has a cheater comp system that just never works. ♥♥♥♥ this game i dont recommend this game to a single person.,Steam玩家-8c389f6873f3,不推荐,234898430,匹配与队友,混合,低,分析匹配池与单排体验，降低实力差距和摆烂影响,,,,,主题命中：bot、bots、players；正向命中：fun、recommend；负向命中：trash,高,1,主题命中：bot、bots、players；正向命中：fun、recommend；负向命中：trash
DFF-000940,Steam,https://steamcommunity.com/app/2507950/reviews/?browsefilter=mostrecent,2026-09-15T05:10:52.261Z,2026-09-10T08:30:26.000Z,en,nice game,Steam玩家-c48556c67eff,推荐,234898266,正向反馈,正向,低,沉淀正向口碑素材，并同步研发团队,,,,,正向命中：nice,中,1,正向命中：nice
DFF-000941,Steam,https://steamcommunity.com/app/2507950/reviews/?browsefilter=mostrecent,2026-09-15T05:10:52.261Z,2026-09-10T08:03:46.000Z,ko,게임은 진짜 재미있는데 게임을 못하고 있습니다 런처 켜지고 실행 누르니까 1초 켜지다가 혼자 게임 종료시키네요 웃긴 게 플탐은 늘어나고 참 게임은 재밌는데 실행이 안되는 개웃긴 상황입니다 이거 떄문에 포맷도 했는데 시간만 날리고 댐은 못가는.....,Steam玩家-120db4cbaa10,推荐,234897399,正向反馈,正向,低,沉淀正向口碑素材，并同步研发团队,,,,,,中,1,
DFF-000942,Steam,https://steamcommunity.com/app/2507950/reviews/?browsefilter=mostrecent,2026-09-15T05:10:52.261Z,2026-09-10T07:49:55.000Z,en,"Game play is easy, everything else in the menue is not so easy to work out or how to navigate it. If you are like me just click everythinhg.",Steam玩家-d56849d6c495,推荐,234896939,正向反馈,正向,低,沉淀正向口碑素材，并同步研发团队,,,,,,中,1,
DFF-000943,TapTap,https://www.taptap.cn/app/330259/review,2026-09-15T05:10:52.261Z,2026-09-10T07:45:42.000Z,zh-CN,长弓溪谷静水湾傍晚的光影绝了，夕阳洒在水面上，甩两杆的功夫心情都变好了,TapTap玩家-0afd0153ff8c,5,50372587,地图与模式,正向,低,沉淀正向口碑素材，并同步研发团队,地图与模式,正向,低,是,主题命中：长弓,中,1,主题命中：长弓
DFF-000944,Steam,https://steamcommunity.com/app/2507950/reviews/?browsefilter=mostrecent,2026-09-15T05:10:52.261Z,2026-09-10T07:11:11.000Z,en,♥♥♥♥♥♥♥ hackers,Steam玩家-549121292ece,不推荐,234895730,外挂与安全,负向,高,高优先级：优先排查反作弊链路，公开高频作弊类型处置进度,,,,,主题命中：hack、hacker,高,3,主题命中：hack、hacker
DFF-000945,Steam,https://steamcommunity.com/app/2507950/reviews/?browsefilter=mostrecent,2026-09-15T05:10:52.261Z,2026-09-10T07:04:55.000Z,zh-CN,好玩是好玩，就是外挂有点多,Steam玩家-dd661459ab1c,推荐,234895555,外挂与安全,混合,高,高优先级：优先排查反作弊链路，公开高频作弊类型处置进度,,,,,主题命中：外挂；正向命中：好玩；负向命中：外挂,中,3,主题命中：外挂；正向命中：好玩；负向命中：外挂
DFF-000946,Steam,https://steamcommunity.com/app/2507950/reviews/?browsefilter=mostrecent,2026-09-15T05:10:52.261Z,2026-09-10T07:01:23.000Z,en,cool game,Steam玩家-fff3cd94aa9e,推荐,234895444,正向反馈,正向,低,沉淀正向口碑素材，并同步研发团队,,,,,,中,1,
DFF-000947,Steam,https://steamcommunity.com/app/2507950/reviews/?browsefilter=mostrecent,2026-09-15T05:10:52.261Z,2026-09-10T06:50:37.000Z,en,"If you're looking for a tactical extraction shooter with some unique abilities, run far away. This is closer to an arcade twitch-reaction CoD shooter with operator abilities that know exactly where you are and guns that kill you in 0.2 seconds. The gear system is laughably unbalanced, especially the jump from Easy to Normal. ""Ranked"" is a lie that does effectively nothing but tell you how long someone has been sweating this game. Just play ABI instead.",Steam玩家-1197772a38a2,不推荐,234895093,匹配与队友,负向,中,分析匹配池与单排体验，降低实力差距和摆烂影响,,,,,主题命中：rank、ranked,高,2,主题命中：rank、ranked
DFF-000948,Steam,https://steamcommunity.com/app/2507950/reviews/?browsefilter=mostrecent,2026-09-15T05:10:52.261Z,2026-09-10T06:35:35.000Z,fr,"Après quelques heures de jeu, j'abandonne. Je vais être honnête, ce genre de jeu n'est clairement pas fait pour moi. Étant joueur clavier-souris, j'ai trouvé la configuration des touches beaucoup trop chargée. Il y a énormément de commandes pour les différents mouvements et actions du personnage, et au final je me retrouve régulièrement à me mélanger les touches et à perdre mes repères. À cela s'ajoute le matchmaking, où l'on peut rapidement tomber sur des joueurs extrêmement tryharders, et parfois sur des comportements qui donnent franchement l'impression de jouer contre des tricheurs. Quand tu enchaînes les parties dans ces conditions, ça devient rapidement frustrant et ça gâche complètement le plaisir. Personnellement, le jeu m'a énormément fait penser à Call of Duty, avec cette sensation de tomber régulièrement sur des joueurs qui jouent à un niveau complètement différent ou sur des comportements suspects. Résultat : je rage beaucoup trop et je ne prends tout simplement plus de plaisir à jouer. Après quelques heures, j'ai donc préféré abandonner. ❌ Pour ma part, je déconseille le jeu. Maintenant, cela reste mon expérience personnelle. Si vous aimez les FPS nerveux, le gameplay compétitif et ce type d'ambiance, testez-le vous-même. Vous pourriez très bien accrocher. Mais pour moi : non merci. Je passe mon chemin. 🎮",Steam玩家-07a51f790ff1,不推荐,234894620,匹配与队友,负向,中,分析匹配池与单排体验，降低实力差距和摆烂影响,,,,,主题命中：matchmaking,中,2,主题命中：matchmaking
DFF-000949,TapTap,https://www.taptap.cn/app/330259/review,2026-09-15T05:10:52.261Z,2026-09-10T06:34:13.000Z,zh-CN,分段换弹习惯之后，残血对枪容错更高，关键时刻省下换弹时间直接完成反杀,TapTap玩家-267688f3a4a4,5,50371959,正向反馈,正向,低,沉淀正向口碑素材，并同步研发团队,,,,,,中,1,
DFF-000950,Steam,https://steamcommunity.com/app/2507950/reviews/?browsefilter=mostrecent,2026-09-15T05:10:52.261Z,2026-09-10T05:43:23.000Z,ja,別のアカウントで1000時間以上やってますが 最近は、ウォーフェアでは同じマップばかり出て 同じマップは５連続とか出て、たまに違うマップが出る感じ 同じマップばかりで嫌になる この問題を、海外でも文句言われまくってるのに 全く解消しようとしない ゲームのグラフィックは良いけど運営がダメすぎる マッチングを担当する担当者をクビにしたほうがいい それと突撃兵がウォーフェアで使う意味は低い点を解決しようとしない bfシックスみたいにリスポーンビーコン使えるようにすればいいのに,Steam玩家-f757e6435ffc,不推荐,234893004,其他,负向,中,进入人工复核队列，补充上下文后再归因,,,,,,低,2,
DFF-000951,Steam,https://steamcommunity.com/app/2507950/reviews/?browsefilter=mostrecent,2026-09-15T05:10:52.261Z,2026-09-10T05:42:52.000Z,en,very good shooting physics and nice sound,Steam玩家-ca02f50b191f,推荐,234892990,正向反馈,正向,低,沉淀正向口碑素材，并同步研发团队,,,,,正向命中：nice、good,中,1,正向命中：nice、good
DFF-000952,Steam,https://steamcommunity.com/app/2507950/reviews/?browsefilter=mostrecent,2026-09-15T05:10:52.261Z,2026-09-10T05:38:28.000Z,es,"Muy buen juego, solo es mejor con amigos.",Steam玩家-a1d9e3077cb8,推荐,234892812,正向反馈,正向,低,沉淀正向口碑素材，并同步研发团队,,,,,,中,1,
DFF-000953,Steam,https://steamcommunity.com/app/2507950/reviews/?browsefilter=mostrecent,2026-09-15T05:10:52.261Z,2026-09-10T05:36:04.000Z,en,Good,Steam玩家-41c459173826,推荐,234892728,正向反馈,正向,低,沉淀正向口碑素材，并同步研发团队,,,,,正向命中：good,中,1,正向命中：good
DFF-000954,Steam,https://steamcommunity.com/app/2507950/reviews/?browsefilter=mostrecent,2026-09-15T05:10:52.261Z,2026-09-10T05:27:38.000Z,en,"First I get my ears blasted with no choice to lower the volume. Now 15 minutes of play time and already crashed upon completing the tutorial. I decide to launch again to give it another shot. I want to go change my settings but no I'm forced to press ready. For a company that aims to make it ""playable for everyone"" they seem pretty petty.",Steam玩家-aae44532e4cd,不推荐,234892438,性能与优化,负向,中,按设备与网络环境复现高频问题，优先修复阻塞型故障,,,,,主题命中：crash,中,2,主题命中：crash
DFF-000955,Steam,https://steamcommunity.com/app/2507950/reviews/?browsefilter=mostrecent,2026-09-15T05:10:52.261Z,2026-09-10T04:20:29.000Z,zh-CN,策划不让玩家玩的舒服，舒服的点全要改动，鱼线要限制，小兵要加强，33要变难，爆率要调低，一切有意思的东西都加上了普通玩家跨不过去的门槛，不是朋友和摸金玩法顶着真玩不下去,Steam玩家-321221b0eb2a,不推荐,234890127,搜打撤与经济,正向,低,沉淀正向口碑素材，并同步研发团队,,,,,主题命中：爆率、摸金；正向命中：舒服、有意思,高,1,主题命中：爆率、摸金；正向命中：舒服、有意思
DFF-000956,Steam,https://steamcommunity.com/app/2507950/reviews/?browsefilter=mostrecent,2026-09-15T05:10:52.261Z,2026-09-10T04:16:06.000Z,en,good,Steam玩家-e1c736f3d0c9,推荐,234889987,正向反馈,正向,低,沉淀正向口碑素材，并同步研发团队,,,,,正向命中：good,中,1,正向命中：good
DFF-000957,Steam,https://steamcommunity.com/app/2507950/reviews/?browsefilter=mostrecent,2026-09-15T05:10:52.261Z,2026-09-10T03:52:20.000Z,en,great game,Steam玩家-bb75e2432522,推荐,234889129,正向反馈,正向,低,沉淀正向口碑素材，并同步研发团队,,,,,正向命中：great,中,1,正向命中：great
DFF-000958,TapTap,https://www.taptap.cn/app/330259/review,2026-09-15T05:10:52.261Z,2026-09-10T03:32:07.000Z,zh-CN,好不容易出个好玩的钓鱼，今天更新把切线的bug修复了，然后也不修复红线秒断的bug，然后也不增加线的使用次数，也不更新局内换线，但凡对玩家好一点的东西都不愿意更新，你就继续守着你的猛攻玩家吧,TapTap玩家-9e0dfad51ef0,1,50370468,性能与优化,负向,中,按设备与网络环境复现高频问题，优先修复阻塞型故障,,,,,主题命中：bug；正向命中：好玩,中,2,主题命中：bug；正向命中：好玩
DFF-000959,Steam,https://steamcommunity.com/app/2507950/reviews/?browsefilter=mostrecent,2026-09-15T05:10:52.261Z,2026-09-10T03:17:54.000Z,en,"This game isn't for new players. If this is your first time playing, I'm sorry, but go find a different game to play. I'm not new but I am returning after a long while. It's just a terrible game. I would rather play HellDivers 2 than this garbage.",Steam玩家-59f290bd178a,不推荐,234887806,匹配与队友,负向,高,高优先级：分析匹配池与单排体验，降低实力差距和摆烂影响,,,,,主题命中：players；负向命中：garbage、terrible,中,3,主题命中：players；负向命中：garbage、terrible
DFF-000960,Steam,https://steamcommunity.com/app/2507950/reviews/?browsefilter=mostrecent,2026-09-15T05:10:52.261Z,2026-09-10T03:01:25.000Z,zh-CN,玩了很久了 入坑原因是在B站看到相关二传视频 觉得有意思2025年6月1日首次下载尝试游玩 爆率 外挂 朋友 环境 还有我最习以为常的干员 这成为了我不想玩这个游戏 并且又一次对腾讯游戏失望的看法 （以前玩过逆战 枪神纪 英雄联盟 CF QQ飞车） 爆率： 以前大伙都是抢保险 因为只要抢到了保险 基本上就能吃到一个小金 甚至能拿到红和非洲之星 现在我不再相信保险 因为它几乎只给紫色了 曾经最渴望的非洲之心 在我游戏玩了1560小时才在保险里出一颗 现在我已经对大保险没期待了 机密的大保险不出货 绝密的大保险浪费时间 外挂： 从我入坑的时候没感觉到什么外挂 但是遇到过寻宝鼠 追着我的滑膛枪 然后把我打死了 我举报他 然后对方封号30天 但是没返还我装备 虽然那些装备也没多少钱 野牛能值什么哈夫币呢？ 但是我的滑膛枪没了 即便到现在我依旧记得 再往后被打死也没怀疑过对方是外挂 只是觉得技不如人 或者我这波没处理好 我能做的更好的！再然后就是潮汐监狱的版本 那时候挂是真多 有人隔着70米 我在撤离点水底下 人家威龙把我锁死了 我为了看看是不是挂 把ID记下来 没事就看看 然后对方几个月没玩 号没封 包括后面再航天遇到一个40级开着范围伤害的威龙 也是这样 开挂 然后冷号不玩（三角洲外挂得看近期对局 所以你懂得 冷号不给他检查就行） 自从s9到现在 我不知道对方是不是挂 即便对方有抽搐 我也不知道是不是回放bug 哪怕我笃定对放是挂 我没见到一个人封号的 大部分就是1-3天 从s9到现在我举报的人中就一个不当演员的挂返还装备 我不相信三角洲的反作弊 哦 对了 三角洲给我金士顿固态扫爆一个 我找金士顿售后换新了 朋友/环境/经历： 记得那时候觉得地图很大 哪里都是没去过的地方 我喜欢皇后酒店 和撤离路上的风景 也不知道什么要捡 什么不要捡 慢慢学习 熟悉地图 学会搜刮 跑一趟能吃50w就很开心了有时候还能遇到一些送我小金的敌人 再往后 开始游玩机密 但是打不过人 只敢走外围 找物资吃 几乎打不过人 那时候资产少也赚不到什么哈夫币 不敢起装 因为破产太容易了 直到在大坝遇到了一个教我盾的玩家 后面他教我玩盾赚钱 那时候盾很强 有很高的减伤 居然不需要武器和护甲 光靠盾牌就能赚钱 我就开始学习玩盾 但我老是见面就睡觉 然后就一直练 侧盾晃盾飞盾 铁丝网连招 还有盾的站位 终于能在机密稍微稳定的赚哈夫币了 那时候是最快乐的时光了 不是很厉害 所以不会想太多 也不会压力人 固排也都是些萌新朋友大伙都玩盾或者跟在我盾后面就能追着人跑 玩的很开心 一把带上药也就十几万 那时候专门研究低价值性价比武器 输了也没挫败感 那时候敌人也有很多友善的 有时候甚至不用打打杀杀 再往后开始在机密赚到哈夫币就偶尔打打绝密 因为我需要火箭燃料升级仓库 那时候还在习惯卡战备 不好打那些会玩的航天本地人 基本上我一直在暴毙 有好几次看见火箭燃料却没本事带出来 为了能带出来火箭燃料在新地图学习打法思路 学习点位和道具 慢慢的能和航天本地人碰一碰了 但是我一开始的那些休闲朋友无法适应打架的强度 时常争吵 慢慢的就走远了 我也不想回去跑刀 一把50-100w的日子了 我也攒了几千万哈夫币了 我就开始了航天慢慢野排找队友的路 也开始习惯绝密的强度 于是乎开始天天打绝密 也慢慢结识了新的固排 配合很好 有时候能绝密航天连续清图撤离 绝密航天清图撤离真的好肥 但是我玩的太久了 我的固排平均玩几局就下了 于是他们不在的日子我就去绝密航天单排跑跑刀 有时候遇到大哥放我 带我吃剩饭 有时候吃了点东西就丢包撤离 路上遇到同行互相丢小金 拉闸混烟撤离 那时候环境很好 那时候我喜欢带三幻神进去送好人 外挂也没那么多 干员角色没那么多极端的（现在看来出现盾那时候就开始极端了）影响最大的就是疾风 银翼 比特 无名了 外加策划故意污染环境 护航 外挂 寻宝 AI吸附 还有神人匹配系统 一整个高压锅 玩的越来越累 以至于现在的三角洲对我来说没有好玩放松的地方了 又或者说 我找不到最开始陪我普通机密一起开开心心玩的哥们了 一个人太无聊了 现在跑刀不带枪几乎跑不出来 我一直拿三角洲打发时间 现在三角洲玩了没多久就会生气 现在起装打架遇到过吸附 遇到过十几级的号结果就是1 - 3天封号又或者野排队友各种牛鬼蛇神 红蛋吸血跑刀抢丢包的 现在我跑刀遇到敌人也不再那么友善 同行也变成了修脚的 暗号也变成了背刺 我倒是从来没背刺过 不希望看到好人心寒 但是环境变了... 现在野排真的太离谱了打野排10局能撤离2局顶天了 我也想去大厅一起玩 但是吃了两次挂车警告了 我也不敢随便进大厅一起玩了 玩的菜不舒服 玩的太强又怕人家是外挂追缴我 我原本的朋友固排不见了 有的去现实对线了 有的退游了 我的现金资产有好几亿了 打死我 我无所谓但是玩家背刺越来越多 但对我来说这个游戏越来越不好玩了 游戏： 每个赛季都要加强的人机 每个赛季都要涨的物价 每个赛季都要出的畸形干员 每个赛季都要暗改的深蓝 最近老是平地举盾被爆头 还有就是二次肘击假肘假盾 还有老生常谈的钩爪 玩盾太享受了！每个赛季都要适应 但是想想玩威龙的玩家在这个环境下 我们玩盾的还好点 hh.. 这游戏已经让我感觉不到曾经的快乐 曾经和陌生人一起撤离分享物资 和那些有道德标准的人互相尊重了.. 只剩下阴间 背刺 以及策划最乐意见到的军备竞赛回收哈夫币和撤离失败 Bug是不修的 航天基地火箭发射平台水下还能有土遁就好笑给我打死了就更好笑了那个声音消失bug也不修 疾风开大走我们队伍脸上一点声音没有 挨打也没声音 被打死了然后 饿啊~ 真NB 而且去年灭鼠提纯 今年又搞回收 一整个左右脑互搏 还用AI生成图片提高产能 真投入这一块 游戏地图完全是大逃杀的感觉 特别是机密绝密地图 恨不得变成pubg 如果这个游戏一开始是这样的 我肯定不会来玩 但我是见过这个游戏从好玩的样子一步步变成这样的 而我只是玩家 我无能为力 只能眼睁睁看着这个曾经好玩的游戏 变得越来越陌生 哦对了 我是steam 低人一等 福利少很多 没有小程序 很难卡邮件,Steam玩家-6f2cbc1a7736,不推荐,234887137,搜打撤与经济,混合,高,高优先级：复核爆率、物价与撤离收益曲线，评估经济回收节奏,,,,,主题命中：爆率、物资、物价、哈夫币、保险、撤离点、撤离、小金、非洲之心；正向命中：好玩、喜欢、期待、舒服、有意思；负向命中：失望、无聊、生气、离谱、退游、坑、封号、外挂、作弊、暗改、追缴,高,3,主题命中：爆率、物资、物价、哈夫币、保险、撤离点、撤离、小金、非洲之心；正向命中：好玩、喜欢、期待、舒服、有意思；负向命中：失望、无聊、生气、离谱、退游、坑、封号、外挂、作弊、暗改、追缴
DFF-000961,Steam,https://steamcommunity.com/app/2507950/reviews/?browsefilter=mostrecent,2026-09-15T05:10:52.261Z,2026-09-10T02:54:55.000Z,ko,권총이나 샷건 들고 존버 타다가 존나패면 쌉게이 같긴해도 그렇게 맛있는게없다 개븅신들은 못하는게임이니까 너가 병신인거같으면 깔지마 짱깨게임인데 재밌다 ㅇㅇ,Steam玩家-45aab55d7cf8,推荐,234886849,正向反馈,正向,低,沉淀正向口碑素材，并同步研发团队,,,,,,中,1,
DFF-000962,Steam,https://steamcommunity.com/app/2507950/reviews/?browsefilter=mostrecent,2026-09-15T05:10:52.261Z,2026-09-10T02:07:59.000Z,en,"I would love to reccomend this game out to other people but if you're on NA the servers are dead for warfare (i dont play extraction shooter mode so idk about that) but the people who do populate warfare on NA are either mega super sweats who this is their whole life, or chinese players who are so blatantly hacking and not banned. Don't bother if you're looking for a Battlefield-esq playstyle for free, just spend the 40$ and go play wardogs.",Steam玩家-a1bbaccc38de,不推荐,234884910,匹配与队友,负向,中,分析匹配池与单排体验，降低实力差距和摆烂影响,,,,,主题命中：bot、players；正向命中：love,高,2,主题命中：bot、players；正向命中：love
DFF-000963,Steam,https://steamcommunity.com/app/2507950/reviews/?browsefilter=mostrecent,2026-09-15T05:10:52.261Z,2026-09-10T01:26:38.000Z,zh-Hant,一个破游戏，安装完220G，你这写88G骗狗呢？,Steam玩家-4fd4d1b5a554,不推荐,234883173,其他,负向,中,进入人工复核队列，补充上下文后再归因,,,,,,低,2,
DFF-000964,TapTap,https://www.taptap.cn/app/330259/review,2026-09-15T05:10:52.261Z,2026-09-10T01:26:13.000Z,zh-CN,建议优化战利品锁包机制：伤害最高玩家锁定盒内单件最高价值物品 目前野排最大痛点：主力玩家打出大部分伤害把敌人打残，队友仅仅补最后一枪完成击杀，就拥有同等舔包权限，直接拿走盒子里最贵的装备，造成大量矛盾吵架。现有的战利品锁包只能限制零贡献混子，无法解决这种K头抢物资问题。 提议机制： 1. 击杀一名敌人之后，统计对这名敌人造成总伤害最高的玩家，自动锁定该敌人盒子内单件价值最高的1件物品。 2. 物品判定规则：敌人身上穿戴的满改枪械、护甲，视为一整件独立物品，不允许在盒子内拆解配件，拾取到个人背包后才能拆配件；拆解放置在背包格子的配件，单独算作单件物品，单独计价。 3. 其余有助攻标记的队友，可以正常拾取盒子剩下全部物资；仅这件锁定的高价物品，只有总伤害最高的玩家能够拾取。 方案优势： ✅不会废掉辅助干员，助攻队友依旧能拿护甲、普通配件、弹药，保留辅助收益； ✅不会出现“故意留血不补枪”恶性内卷，只争夺一件最贵物品，其余物资所有人可以捡； ✅增加盒子内禁止拆枪的限制，杜绝玩家拆枪拆分高价配件绕过锁定规则； ✅解决野排玩家最反感的“大量输出，队友补一枪抢走大红”的痛点。 举个实战例子：3v3团战，工程干员打70%伤害，队友补最后一枪击杀。盒子里有一把满改枪（单件价值最高），系统把这把枪锁定给工程。队友可以拾取护甲子弹杂物，但是拿不走这把满改枪。 希望策划可以参考这个折中方案，优化野排体验，减少队伍矛盾。,TapTap玩家-7f274817a867,5,50369464,武器与干员平衡,正向,低,沉淀正向口碑素材，并同步研发团队,,,,,主题命中：干员、枪械、盾、伤害、子弹,高,1,主题命中：干员、枪械、盾、伤害、子弹
DFF-000965,Steam,https://steamcommunity.com/app/2507950/reviews/?browsefilter=mostrecent,2026-09-15T05:10:52.261Z,2026-09-10T00:52:58.000Z,pt-BR,toop,Steam玩家-dd3fdf9cda4e,推荐,234881712,正向反馈,正向,低,沉淀正向口碑素材，并同步研发团队,,,,,,中,1,
DFF-000966,TapTap,https://www.taptap.cn/app/330259/review,2026-09-15T05:10:52.261Z,2026-09-10T00:52:34.000Z,zh-CN,全面战争一进去就闪退，要重启游戏重重连，电脑是，手机也是这bug还不修复,TapTap玩家-2351d81cfca8,1,50369276,性能与优化,负向,严重,立即跟进：按设备与网络环境复现高频问题，优先修复阻塞型故障,,,,,主题命中：闪退、bug；严重度命中：闪退,高,4,主题命中：闪退、bug；严重度命中：闪退
DFF-000967,Steam,https://steamcommunity.com/app/2507950/reviews/?browsefilter=mostrecent,2026-09-15T05:10:52.261Z,2026-09-10T00:50:03.000Z,en,remember u are not bad u jst need to learn your oponents,Steam玩家-a48cf978d19b,推荐,234881569,其他,负向,低,进入人工复核队列，补充上下文后再归因,,,,,负向命中：bad,低,1,负向命中：bad
DFF-000968,Steam,https://steamcommunity.com/app/2507950/reviews/?browsefilter=mostrecent,2026-09-15T05:10:52.261Z,2026-09-10T00:31:22.000Z,en,Amazing extraction shooter even when compared ones that are not free-to-play! It can be very unforgiving but it gives good options for all play styles and skill levels.,Steam玩家-fa2e88b925a3,推荐,234880765,搜打撤与经济,正向,低,沉淀正向口碑素材，并同步研发团队,,,,,主题命中：extraction；正向命中：amazing、good,中,1,主题命中：extraction；正向命中：amazing、good
DFF-000969,Steam,https://steamcommunity.com/app/2507950/reviews/?browsefilter=mostrecent,2026-09-15T05:10:52.261Z,2026-09-10T00:05:53.000Z,en,i love this game,Steam玩家-23026771ad53,推荐,234879676,正向反馈,正向,低,沉淀正向口碑素材，并同步研发团队,,,,,正向命中：love,中,1,正向命中：love
DFF-000970,Steam,https://steamcommunity.com/app/2507950/reviews/?browsefilter=mostrecent,2026-09-15T05:10:52.261Z,2026-09-09T23:35:46.000Z,pt-BR,SIM...,Steam玩家-f582caee3cde,推荐,234878362,正向反馈,正向,低,沉淀正向口碑素材，并同步研发团队,,,,,,中,1,
DFF-000971,Steam,https://steamcommunity.com/app/2507950/reviews/?browsefilter=mostrecent,2026-09-15T05:10:52.261Z,2026-09-09T23:33:10.000Z,zh-CN,玩了三天莫名其妙说行为数据异常给我封了，早知道不下这个游戏了,Steam玩家-5be78f9f5178,不推荐,234878236,性能与优化,负向,中,按设备与网络环境复现高频问题，优先修复阻塞型故障,客服与封禁,负向,高,否,主题命中：异常,中,2,主题命中：异常
DFF-000972,Steam,https://steamcommunity.com/app/2507950/reviews/?browsefilter=mostrecent,2026-09-15T05:10:52.261Z,2026-09-09T23:30:18.000Z,zh-Hant,垃圾中嘅垃圾,Steam玩家-54952219a7af,不推荐,234878106,其他,负向,中,进入人工复核队列，补充上下文后再归因,,,,,负向命中：垃圾,低,2,负向命中：垃圾
DFF-000973,Steam,https://steamcommunity.com/app/2507950/reviews/?browsefilter=mostrecent,2026-09-15T05:10:52.261Z,2026-09-09T22:46:51.000Z,en,superb,Steam玩家-cb3eee0ebb61,推荐,234875950,正向反馈,正向,低,沉淀正向口碑素材，并同步研发团队,,,,,,中,1,
DFF-000974,Steam,https://steamcommunity.com/app/2507950/reviews/?browsefilter=mostrecent,2026-09-15T05:10:52.261Z,2026-09-09T22:06:22.000Z,es,más de 140GB para un juego peormente optimizado que he jugado en mi vida,Steam玩家-4625621960de,不推荐,234873974,性能与优化,负向,中,按设备与网络环境复现高频问题，优先修复阻塞型故障,,,,,主题命中：optimizado、gb,高,2,主题命中：optimizado、gb
DFF-000975,Steam,https://steamcommunity.com/app/2507950/reviews/?browsefilter=mostrecent,2026-09-15T05:10:52.261Z,2026-09-09T21:56:45.000Z,en,255 GB? ♥♥♥♥ U,Steam玩家-a550a92f042a,不推荐,234873476,性能与优化,负向,中,按设备与网络环境复现高频问题，优先修复阻塞型故障,,,,,主题命中：gb,中,2,主题命中：gb
DFF-000976,Steam,https://steamcommunity.com/app/2507950/reviews/?browsefilter=mostrecent,2026-09-15T05:10:52.261Z,2026-09-09T21:52:32.000Z,en,Game is super buggy. Do not spend money in here.,Steam玩家-f9c27d0e463f,不推荐,234873261,性能与优化,负向,中,按设备与网络环境复现高频问题，优先修复阻塞型故障,,,,,主题命中：bug,中,2,主题命中：bug
DFF-000977,Steam,https://steamcommunity.com/app/2507950/reviews/?browsefilter=mostrecent,2026-09-15T05:10:52.261Z,2026-09-09T21:25:35.000Z,en,fun and free,Steam玩家-369995abf456,推荐,234871810,正向反馈,正向,低,沉淀正向口碑素材，并同步研发团队,,,,,正向命中：fun,中,1,正向命中：fun
DFF-000978,Steam,https://steamcommunity.com/app/2507950/reviews/?browsefilter=mostrecent,2026-09-15T05:10:52.261Z,2026-09-09T20:59:37.000Z,ru,♥♥♥♥♥,Steam玩家-6ffa10992a1d,不推荐,234870325,其他,负向,中,进入人工复核队列，补充上下文后再归因,,,,,,低,2,
DFF-000979,Steam,https://steamcommunity.com/app/2507950/reviews/?browsefilter=mostrecent,2026-09-15T05:10:52.261Z,2026-09-09T20:49:58.000Z,fr,"Après plus de 500 heures de jeu, je donne mon avis sur ce qui est, pour moi et sans exagérer, le meilleur extraction shooter actuellement sur le marché depuis la chute d'EFT. Le jeu est extrêmement polyvalent : il propose un mode Guerre, un mode Campagne et un mode Extraction, ce qui permet à chaque profil de joueur d'y trouver son compte. Pour ce qui est de la partie Extraction Shooter : Le gameplay est ultra addictif. Le système de rareté des objets est particulièrement réussi. La variété des cartes et des quêtes offre une excellente durée de vie au titre. Cependant, le jeu présente selon moi deux défauts majeurs : Le matchmaking : Il est parfois tellement déséquilibré qu'on a juste envie d'abandonner (FF). L'absence de mode solo dédié : Quand on lance en solo, on se retrouve obligatoirement face à des escouades de 3 joueurs, ce qui rend certaines parties particulièrement ardues. Hormis ces deux points, les cheaters se font de plus en plus rares et l'équipe de développement reste très à l'écoute de sa communauté. Rien à redire, je recommande à 100 % !",Steam玩家-d80752a4dfc4,推荐,234869783,外挂与安全,正向,高,高优先级：优先排查反作弊链路，公开高频作弊类型处置进度,,,,,主题命中：cheat、cheater；正向命中：excellent,高,3,主题命中：cheat、cheater；正向命中：excellent
DFF-000980,Steam,https://steamcommunity.com/app/2507950/reviews/?browsefilter=mostrecent,2026-09-15T05:10:52.261Z,2026-09-09T20:41:52.000Z,en,mixing CS + Point blank,Steam玩家-b36c7a45ec87,推荐,234869332,正向反馈,正向,低,沉淀正向口碑素材，并同步研发团队,,,,,,中,1,
DFF-000981,Steam,https://steamcommunity.com/app/2507950/reviews/?browsefilter=mostrecent,2026-09-15T05:10:52.261Z,2026-09-09T20:22:36.000Z,pt-BR,otimo,Steam玩家-9d2bc15b2d72,推荐,234868209,正向反馈,正向,低,沉淀正向口碑素材，并同步研发团队,,,,,,中,1,
DFF-000982,Steam,https://steamcommunity.com/app/2507950/reviews/?browsefilter=mostrecent,2026-09-15T05:10:52.261Z,2026-09-09T19:42:28.000Z,zh-CN,不亏是腾讯游戏，游戏环境和他的品牌口碑一模一样的，动态控制胜率，恶心 强行扫盘，固态硬盘这价格，你tm就扫吧 MD，如果不是一直玩的游戏被腾讯百万阴兵搞得玩不了，玩个p的三角洲,Steam玩家-f8708f892cc0,不推荐,234863869,付费与通行证,负向,严重,立即跟进：解释付费价值并监控定价、返场与抽取争议,,,,,主题命中：价格；负向命中：恶心、玩不了；严重度命中：玩不了,中,4,主题命中：价格；负向命中：恶心、玩不了；严重度命中：玩不了
DFF-000983,Steam,https://steamcommunity.com/app/2507950/reviews/?browsefilter=mostrecent,2026-09-15T05:10:52.261Z,2026-09-09T19:37:07.000Z,zh-CN,这下知道免费黑鹰为什么坠落了，比世纪初fps的那种原始野蛮的游戏设计还烂啊,Steam玩家-092fa19617e1,不推荐,234863529,其他,负向,中,进入人工复核队列，补充上下文后再归因,,,,,负向命中：烂,低,2,负向命中：烂
DFF-000984,Steam,https://steamcommunity.com/app/2507950/reviews/?browsefilter=mostrecent,2026-09-15T05:10:52.261Z,2026-09-09T19:29:32.000Z,tr,battlefıeld6 ya para vercegınıze bunu alın,Steam玩家-2e9445f4b0f6,推荐,234863105,正向反馈,正向,低,沉淀正向口碑素材，并同步研发团队,,,,,,中,1,
DFF-000985,Steam,https://steamcommunity.com/app/2507950/reviews/?browsefilter=mostrecent,2026-09-15T05:10:52.261Z,2026-09-09T19:18:37.000Z,ru,"Симулятор подгрузок и слива каток,не рекомендую.",Steam玩家-814250b81ef9,不推荐,234862421,其他,负向,中,进入人工复核队列，补充上下文后再归因,,,,,,低,2,
DFF-000986,Steam,https://steamcommunity.com/app/2507950/reviews/?browsefilter=mostrecent,2026-09-15T05:10:52.261Z,2026-09-09T18:52:05.000Z,en,"Great game, but a lot of hackers!",Steam玩家-2ee033495352,推荐,234860720,外挂与安全,正向,高,高优先级：优先排查反作弊链路，公开高频作弊类型处置进度,,,,,主题命中：hack、hacker；正向命中：great,高,3,主题命中：hack、hacker；正向命中：great
DFF-000987,Steam,https://steamcommunity.com/app/2507950/reviews/?browsefilter=mostrecent,2026-09-15T05:10:52.261Z,2026-09-09T18:44:32.000Z,ru,200 ГИГОВ!!!! ЧТО ТАМ НА 200 ГИГОВ?!,Steam玩家-a8409fd5e9e1,不推荐,234860236,其他,负向,中,进入人工复核队列，补充上下文后再归因,,,,,,低,2,
DFF-000988,Steam,https://steamcommunity.com/app/2507950/reviews/?browsefilter=mostrecent,2026-09-15T05:10:52.261Z,2026-09-09T18:38:54.000Z,ru,КРОСС ПЛЕЙ ПОЗОР ВОНЮЧИЙ,Steam玩家-02e7de1eca80,不推荐,234859891,其他,负向,中,进入人工复核队列，补充上下文后再归因,,,,,,低,2,
DFF-000989,Steam,https://steamcommunity.com/app/2507950/reviews/?browsefilter=mostrecent,2026-09-15T05:10:52.261Z,2026-09-09T18:26:40.000Z,uk,Щоб пограти треба пропустити купу загрузок і нескіпаємих роліков. Нащо так перенавантажувати,Steam玩家-6ceaaa09cad1,不推荐,234859078,其他,负向,中,进入人工复核队列，补充上下文后再归因,,,,,,低,2,
DFF-000990,Steam,https://steamcommunity.com/app/2507950/reviews/?browsefilter=mostrecent,2026-09-15T05:10:52.261Z,2026-09-09T18:15:21.000Z,en,Phone game,Steam玩家-067e4683bd4d,不推荐,234858411,其他,负向,中,进入人工复核队列，补充上下文后再归因,,,,,,低,2,
DFF-000991,Steam,https://steamcommunity.com/app/2507950/reviews/?browsefilter=mostrecent,2026-09-15T05:10:52.261Z,2026-09-09T18:13:26.000Z,zh-CN,一个人不知道怎么玩,Steam玩家-53e520bb04d0,推荐,234858276,正向反馈,正向,低,沉淀正向口碑素材，并同步研发团队,,,,,,中,1,
DFF-000992,Steam,https://steamcommunity.com/app/2507950/reviews/?browsefilter=mostrecent,2026-09-15T05:10:52.261Z,2026-09-09T18:13:14.000Z,de,es ist gut,Steam玩家-dfb52993d923,推荐,234858262,正向反馈,正向,低,沉淀正向口碑素材，并同步研发团队,,,,,,中,1,
DFF-000993,TapTap,https://www.taptap.cn/app/330259/review,2026-09-15T05:10:52.261Z,2026-09-09T18:07:15.000Z,zh-CN,钓鱼图鉴那块，上下切换就白屏闪一下纯油饼,TapTap玩家-38931ffbde66,2,50368298,搜打撤与经济,负向,低,复核爆率、物价与撤离收益曲线，评估经济回收节奏,,,,,主题命中：钓鱼,中,1,主题命中：钓鱼
DFF-000994,Steam,https://steamcommunity.com/app/2507950/reviews/?browsefilter=mostrecent,2026-09-15T05:10:52.261Z,2026-09-09T17:42:56.000Z,ru,"Вышел новый сезон. Наобещали сто одно добавление, а по итогу в начале сезона не добавили и половины. Теперь ЕЩЕ месяц ждать остальных нововведений, спасибо",Steam玩家-1b583d39af42,不推荐,234856359,其他,负向,中,进入人工复核队列，补充上下文后再归因,,,,,,低,2,
DFF-000995,Steam,https://steamcommunity.com/app/2507950/reviews/?browsefilter=mostrecent,2026-09-15T05:10:52.261Z,2026-09-09T17:32:28.000Z,en,"Worst devs I ever seen. The game has 300gb and it looks like cs souce, you need to download other extra maps that you get main missions on, each 40+ gb. Dogshyte developers. Each update is 80+ gb and offers nothing. Trash game dont waste your time. Also you have so much PAY TO WIN in the store, don`t even bother downloading this piece of filth.",Steam玩家-406a36e05fa3,不推荐,234855669,性能与优化,负向,高,高优先级：按设备与网络环境复现高频问题，优先修复阻塞型故障,,,,,主题命中：loading、download、gb；负向命中：trash、worst,高,3,主题命中：loading、download、gb；负向命中：trash、worst
DFF-000996,Steam,https://steamcommunity.com/app/2507950/reviews/?browsefilter=mostrecent,2026-09-15T05:10:52.261Z,2026-09-09T17:15:42.000Z,th,NEW UPDATE SEASON11 GAME SO LAG DEV PLZ FIX IT !!!!!!!!!!! I LOVE THIS GAME,Steam玩家-c887b7766669,推荐,234854565,性能与优化,正向,低,沉淀正向口碑素材，并同步研发团队,,,,,主题命中：lag；正向命中：love,中,1,主题命中：lag；正向命中：love
DFF-000997,Steam,https://steamcommunity.com/app/2507950/reviews/?browsefilter=mostrecent,2026-09-15T05:10:52.261Z,2026-09-09T17:07:39.000Z,de,great,Steam玩家-5e334fc2683f,推荐,234854075,正向反馈,正向,低,沉淀正向口碑素材，并同步研发团队,,,,,正向命中：great,中,1,正向命中：great
DFF-000998,Steam,https://steamcommunity.com/app/2507950/reviews/?browsefilter=mostrecent,2026-09-15T05:10:52.261Z,2026-09-09T16:55:46.000Z,zh-CN,固态硬盘给我扫坏了，真该亖啊三角洲，做33都没这么破防，但是做33进图模型刷不出来磁盘占用100%真有你的，别的游戏吃cpu，吃内存，吃显卡，你吃硬盘？三角洲你还是早点凉吧...卸载游戏就是最后一次开智了...,Steam玩家-115cab117443,不推荐,234853306,性能与优化,负向,中,按设备与网络环境复现高频问题，优先修复阻塞型故障,,,,,主题命中：内存,中,2,主题命中：内存
DFF-000999,Steam,https://steamcommunity.com/app/2507950/reviews/?browsefilter=mostrecent,2026-09-15T05:10:52.261Z,2026-09-09T16:50:01.000Z,en,Cool,Steam玩家-433b62f7af15,推荐,234852927,正向反馈,正向,低,沉淀正向口碑素材，并同步研发团队,,,,,,中,1,
DFF-001000,Steam,https://steamcommunity.com/app/2507950/reviews/?browsefilter=mostrecent,2026-09-15T05:10:52.261Z,2026-09-09T16:38:09.000Z,pt-BR,"desempenho horrivel, o jogo rodava de boa na minha placa rtx 2060. Agora está travando a todo o tempo, mesmo com os graficos no baixo com o dlss ativado.",Steam玩家-d423a2dd06b2,不推荐,234852161,其他,负向,中,进入人工复核队列，补充上下文后再归因,,,,,,低,2,
DFF-001001,Steam,https://steamcommunity.com/app/2507950/reviews/?browsefilter=mostrecent,2026-09-15T05:10:52.261Z,2026-09-09T16:37:43.000Z,zh-CN,无线进入观察期，根本出不来。无线进入观察期，根本出不来无线进入观察期，根本出不来无线进入观察期，根本出不来无线进入观察期，根本出不来无线进入观察期，根本出不来无线进入观察期，根本出不来无线进入观察期，根本出不来无线进入观察期，根本出不来,Steam玩家-a516004a587e,不推荐,234852128,客服与封禁,负向,高,高优先级：复核封禁与申诉工单，建立误封复查和响应时限,客服与封禁,负向,严重,否,主题命中：观察期；负向命中：观察期,中,3,主题命中：观察期；负向命中：观察期
DFF-001002,Steam,https://steamcommunity.com/app/2507950/reviews/?browsefilter=mostrecent,2026-09-15T05:10:52.261Z,2026-09-09T16:36:43.000Z,zh-CN,就这么说，官方平台异地冻结扫脸就可以解冻，steam直接封禁一天，多次之后就3天,Steam玩家-519462f41d5c,不推荐,234852059,客服与封禁,负向,高,高优先级：复核封禁与申诉工单，建立误封复查和响应时限,,,,,主题命中：封禁,中,3,主题命中：封禁
DFF-001003,Steam,https://steamcommunity.com/app/2507950/reviews/?browsefilter=mostrecent,2026-09-15T05:10:52.261Z,2026-09-09T16:22:32.000Z,ru,warfare mod is full of sweats and bots. The vehicles are really busted and op (especially aerial vehicles). Even for free its not worth your time. Also youre requried to make an account before playing,Steam玩家-77a0c2174e8f,不推荐,234851086,匹配与队友,负向,中,分析匹配池与单排体验，降低实力差距和摆烂影响,,,,,主题命中：bot、bots,高,2,主题命中：bot、bots
DFF-001004,Steam,https://steamcommunity.com/app/2507950/reviews/?browsefilter=mostrecent,2026-09-15T05:10:52.261Z,2026-09-09T16:15:08.000Z,th,อัพเดท11 แม่งเปิด dlss ไม่ได้ บอกfixนั่นfixนี่ เข้าเกมไปแม่งอย่างกระตุกอะ,Steam玩家-9eb9ccabaefe,不推荐,234850606,其他,负向,中,进入人工复核队列，补充上下文后再归因,,,,,,低,2,
DFF-001005,Steam,https://steamcommunity.com/app/2507950/reviews/?browsefilter=mostrecent,2026-09-15T05:10:52.261Z,2026-09-09T16:07:20.000Z,ru,"Залупа полная. Зачем эту игру создали? Если ты, ♥♥♥♥, новичок, то ты ♥♥♥ че сделаешь. Катку выиграл — и все, тебе ♥♥♥♥♥♥. Я крайне не советую эту игру. Я вообще не понимаю, как она, ♥♥♥♥♥, дышит.",Steam玩家-6b3e656faaec,不推荐,234850062,其他,负向,中,进入人工复核队列，补充上下文后再归因,,,,,,低,2,
DFF-001006,Steam,https://steamcommunity.com/app/2507950/reviews/?browsefilter=mostrecent,2026-09-15T05:10:52.261Z,2026-09-09T16:02:18.000Z,en,cOOl,Steam玩家-5beb36eb55c9,推荐,234849687,正向反馈,正向,低,沉淀正向口碑素材，并同步研发团队,,,,,,中,1,
DFF-001007,Steam,https://steamcommunity.com/app/2507950/reviews/?browsefilter=mostrecent,2026-09-15T05:10:52.261Z,2026-09-09T15:47:10.000Z,en,hacker and cheater report on game no ban,Steam玩家-7b548db0ff23,不推荐,234848606,外挂与安全,负向,高,高优先级：优先排查反作弊链路，公开高频作弊类型处置进度,,,,,主题命中：hack、hacker、cheat、cheater,高,3,主题命中：hack、hacker、cheat、cheater
DFF-001008,Steam,https://steamcommunity.com/app/2507950/reviews/?browsefilter=mostrecent,2026-09-15T05:10:52.261Z,2026-09-09T15:45:51.000Z,fr,bien,Steam玩家-18df68046612,推荐,234848498,正向反馈,正向,低,沉淀正向口碑素材，并同步研发团队,,,,,,中,1,
DFF-001009,Steam,https://steamcommunity.com/app/2507950/reviews/?browsefilter=mostrecent,2026-09-15T05:10:52.261Z,2026-09-09T15:33:48.000Z,en,Amazing game <3,Steam玩家-07901e6b7c65,推荐,234847576,正向反馈,正向,低,沉淀正向口碑素材，并同步研发团队,,,,,正向命中：amazing,中,1,正向命中：amazing
DFF-001010,Steam,https://steamcommunity.com/app/2507950/reviews/?browsefilter=mostrecent,2026-09-15T05:10:52.261Z,2026-09-09T15:29:20.000Z,zh-CN,我就是那一坨，第三赛季到现在11赛季，一个心都没摸出。甚至，我很确切的说还有多个种类的大红都没摸出来,Steam玩家-0a363a4deb31,推荐,234847251,搜打撤与经济,负向,低,复核爆率、物价与撤离收益曲线，评估经济回收节奏,,,,,主题命中：大红；负向命中：一坨,中,1,主题命中：大红；负向命中：一坨
DFF-001011,Steam,https://steamcommunity.com/app/2507950/reviews/?browsefilter=mostrecent,2026-09-15T05:10:52.261Z,2026-09-09T15:08:30.000Z,es,MUY BUEN JUEGO,Steam玩家-87333da7db44,推荐,234845837,正向反馈,正向,低,沉淀正向口碑素材，并同步研发团队,,,,,,中,1,
DFF-001012,Steam,https://steamcommunity.com/app/2507950/reviews/?browsefilter=mostrecent,2026-09-15T05:10:52.261Z,2026-09-09T15:08:14.000Z,en,best,Steam玩家-485cd804efd0,推荐,234845822,正向反馈,正向,低,沉淀正向口碑素材，并同步研发团队,,,,,正向命中：best,中,1,正向命中：best
DFF-001013,Steam,https://steamcommunity.com/app/2507950/reviews/?browsefilter=mostrecent,2026-09-15T05:10:52.261Z,2026-09-09T15:01:23.000Z,en,"I love the complexity of the match, not just a simple online FPS match",Steam玩家-478744178943,推荐,234845350,正向反馈,正向,低,沉淀正向口碑素材，并同步研发团队,,,,,正向命中：love,中,1,正向命中：love
DFF-001014,Steam,https://steamcommunity.com/app/2507950/reviews/?browsefilter=mostrecent,2026-09-15T05:10:52.261Z,2026-09-09T15:01:20.000Z,ko,비콘 존나게 어렵네 진짜,Steam玩家-cef1734afd79,推荐,234845345,正向反馈,正向,低,沉淀正向口碑素材，并同步研发团队,,,,,,中,1,
DFF-001015,Steam,https://steamcommunity.com/app/2507950/reviews/?browsefilter=mostrecent,2026-09-15T05:10:52.261Z,2026-09-09T14:20:51.000Z,zh-CN,超级舒服,Steam玩家-0bbaa322c94b,推荐,234842909,正向反馈,正向,低,沉淀正向口碑素材，并同步研发团队,,,,,正向命中：舒服,中,1,正向命中：舒服
DFF-001016,Steam,https://steamcommunity.com/app/2507950/reviews/?browsefilter=mostrecent,2026-09-15T05:10:52.261Z,2026-09-09T14:14:14.000Z,de,most enemy players are just wall hackers they jump around a corner and oneshot you,Steam玩家-8897b69effaf,不推荐,234842493,外挂与安全,负向,高,高优先级：优先排查反作弊链路，公开高频作弊类型处置进度,,,,,主题命中：hack、hacker,高,3,主题命中：hack、hacker
DFF-001017,Steam,https://steamcommunity.com/app/2507950/reviews/?browsefilter=mostrecent,2026-09-15T05:10:52.261Z,2026-09-09T14:05:34.000Z,zh-CN,腾讯的游戏都是一样你的通病,Steam玩家-e5dd239f5117,不推荐,234842004,其他,负向,中,进入人工复核队列，补充上下文后再归因,,,,,,低,2,
DFF-001018,Steam,https://steamcommunity.com/app/2507950/reviews/?browsefilter=mostrecent,2026-09-15T05:10:52.261Z,2026-09-09T13:43:59.000Z,en,"Good game, but please fix the matchmaking",Steam玩家-46215b3a8f34,推荐,234840668,匹配与队友,正向,低,沉淀正向口碑素材，并同步研发团队,,,,,主题命中：matchmaking；正向命中：good,中,1,主题命中：matchmaking；正向命中：good
DFF-001019,Steam,https://steamcommunity.com/app/2507950/reviews/?browsefilter=mostrecent,2026-09-15T05:10:52.261Z,2026-09-09T13:42:21.000Z,ru,конченый мусор регистрация попаданий говно карты говно обнова на 100 гб одна новая карта и два оружия,Steam玩家-a174a1a6898a,不推荐,234840573,其他,负向,中,进入人工复核队列，补充上下文后再归因,,,,,,低,2,
DFF-001020,Steam,https://steamcommunity.com/app/2507950/reviews/?browsefilter=mostrecent,2026-09-15T05:10:52.261Z,2026-09-09T13:41:55.000Z,de,"Man muss sich schon einarbeiten in das Game. Es schenkt einem nichts und man muss sicher Frustresistent sein. Aber wenn man mal drinne ist, bockt es !",Steam玩家-a48e82c52f94,推荐,234840546,正向反馈,正向,低,沉淀正向口碑素材，并同步研发团队,,,,,,中,1,
DFF-001021,Steam,https://steamcommunity.com/app/2507950/reviews/?browsefilter=mostrecent,2026-09-15T05:10:52.261Z,2026-09-09T13:37:38.000Z,zh-CN,老是闪退,Steam玩家-bd939ac41f97,不推荐,234840297,性能与优化,负向,严重,立即跟进：按设备与网络环境复现高频问题，优先修复阻塞型故障,,,,,主题命中：闪退；严重度命中：闪退,中,4,主题命中：闪退；严重度命中：闪退
DFF-001022,Steam,https://steamcommunity.com/app/2507950/reviews/?browsefilter=mostrecent,2026-09-15T05:10:52.261Z,2026-09-09T13:30:29.000Z,zh-CN,"sb游戏，新手一点体验都没有，人都不知道在哪,,,,cnmsb",Steam玩家-1af3c8960a8d,不推荐,234839885,任务与成长,负向,中,优化任务节奏、新手引导和奖励获得感,,,,,主题命中：新手,中,2,主题命中：新手
DFF-001023,Steam,https://steamcommunity.com/app/2507950/reviews/?browsefilter=mostrecent,2026-09-15T05:10:52.261Z,2026-09-09T13:28:57.000Z,en,best,Steam玩家-9c5f9c11a3a6,推荐,234839797,正向反馈,正向,低,沉淀正向口碑素材，并同步研发团队,,,,,正向命中：best,中,1,正向命中：best
DFF-001024,Steam,https://steamcommunity.com/app/2507950/reviews/?browsefilter=mostrecent,2026-09-15T05:10:52.261Z,2026-09-09T13:27:04.000Z,th,เกมหมา,Steam玩家-a9f7fbf7443c,推荐,234839710,正向反馈,正向,低,沉淀正向口碑素材，并同步研发团队,,,,,,中,1,
DFF-001025,Steam,https://steamcommunity.com/app/2507950/reviews/?browsefilter=mostrecent,2026-09-15T05:10:52.261Z,2026-09-09T13:09:08.000Z,zh-CN,搭粉，啥呀这是，拉完了三角洲,Steam玩家-d9f0c204d557,不推荐,234838682,其他,负向,中,进入人工复核队列，补充上下文后再归因,,,,,,低,2,
DFF-001026,Steam,https://steamcommunity.com/app/2507950/reviews/?browsefilter=mostrecent,2026-09-15T05:10:52.261Z,2026-09-09T13:01:51.000Z,pt-BR,Muito bom! uma mistura de todos elementos bons dos jogos de fps,Steam玩家-9b81242e2269,推荐,234838254,界面与操作体验,正向,低,沉淀正向口碑素材，并同步研发团队,,,,,主题命中：ui；正向命中：bom,中,1,主题命中：ui；正向命中：bom
DFF-001027,Steam,https://steamcommunity.com/app/2507950/reviews/?browsefilter=mostrecent,2026-09-15T05:10:52.261Z,2026-09-09T12:48:26.000Z,ru,"игра с самой хуевой регистрацией попаданий что я видел. Пинг 30, а ощущение что 200-300, убивают за стенами и видят раньше чем я вообще увижу пиксель",Steam玩家-93c6d94c3d19,不推荐,234837538,其他,负向,中,进入人工复核队列，补充上下文后再归因,,,,,,低,2,
DFF-001028,Steam,https://steamcommunity.com/app/2507950/reviews/?browsefilter=mostrecent,2026-09-15T05:10:52.261Z,2026-09-09T12:41:06.000Z,zh-Hant,操你媽搜打撤打個教學也能出bug，卡在配裝那裏，説什麽倉庫滿了，但又不讓我按其他按鈕，連切換回大戰場模式也做不了，什麽SB遊戲，做游戲的人是不是腦癱？,Steam玩家-b6795b518211,不推荐,234837113,性能与优化,负向,中,按设备与网络环境复现高频问题，优先修复阻塞型故障,,,,,主题命中：bug,中,2,主题命中：bug
DFF-001029,Steam,https://steamcommunity.com/app/2507950/reviews/?browsefilter=mostrecent,2026-09-15T05:10:52.261Z,2026-09-09T12:39:17.000Z,fr,supeeeeeeeeeeeeeeeer,Steam玩家-15ad834989bd,推荐,234837027,正向反馈,正向,低,沉淀正向口碑素材，并同步研发团队,,,,,,中,1,
DFF-001030,Steam,https://steamcommunity.com/app/2507950/reviews/?browsefilter=mostrecent,2026-09-15T05:10:52.261Z,2026-09-09T12:34:28.000Z,dutch,"Delta Force heeft in de basis alles in huis om een fantastische shooter te zijn: de gunplay voelt strak en de graphics zijn ♥♥♥ in orde. Maar de modus Havoc Warfare—en dan met name de map The Mog—is op dit moment een absolute sfeerconstructie en een belediging voor infanterie-spelers.De voertuigbalans en het mapdesign slaan hier helemaal nergens op. Het ontwerp dwingt spelers over open vlaktes zonder fatsoenlijke dekking, waardoor je pure opvulling bent voor de killstreaks van vijandelijke tanks.Het meest achterlijke voorbeeld hiervan is de dynamiek rondom sectoren zoals C2. Als de vijand C2 eenmaal inneemt, word je als verliezend team niet eens de kans gegund om fatsoenlijk terug te trekken naar de basis. Je wordt direct bij het spawnen of teruglopen compleet klemgezet en neergemaaid door een muur van tanks die de spawn-outgangen kapotcampen. Er is géén ademruimte, géén alternatieve route en nul tactische vrijheid.En het houdt niet op bij één sector: deze eentonige, frustrerende ellende herhaalt zich simpelweg meerdere keren binnen exact hetzelfde potje. De game verplaatst de spawn, de tanks rijden sneller naar de volgende sector dan dat jij kunt rennen, en de vicieuze cirkel begint direct weer opnieuw. Het resultaat? Zodra de vijand de overhand heeft en de cyclus zich herhaalt, klapt de rest van de map binnen 3 minuten volledig in elkaar omdat er geen schijn van kans is op een comeback. Het is een zielloze, frustrerende vertoning die de game razendsnel kapotmaakt.In plaats van tactische vuurgevechten ben je de hele wedstrijd veredeld vuilnisman voor vijandelijke tanks. Je móét wel als anti-tank Engineer spawnen, om vervolgens te zien hoe je raketten simpelweg worden geabsorbeerd door belachelijke actieve verdedigingssystemen (ADS) van voertuigen die na schade binnen no-time weer zijn gerepareerd.Ontwikkelaars, stop met het aanpassen van kleine percentages in de marge. Fix de absurde map-flow, geef infanterie fatsoenlijke vluchtroutes en beschermde spawns bij het verliezen van een sector, of geef ons gewoon een permanente modus zónder voertuigen.In de huidige staat is deze game niet leuk, maar puur slecht voor je bloeddruk. Bespaar jezelf de frustratie, gooi hem van je harde schijf en laat deze game links liggen totdat de ontwikkelaars daadwerkelijk naar de community luisteren.",Steam玩家-196eae005d52,不推荐,234836798,外挂与安全,负向,高,高优先级：优先排查反作弊链路，公开高频作弊类型处置进度,地图与模式,混合,中,否,主题命中：esp；正向命中：top,中,3,主题命中：esp；正向命中：top
DFF-001031,Steam,https://steamcommunity.com/app/2507950/reviews/?browsefilter=mostrecent,2026-09-15T05:10:52.261Z,2026-09-09T12:31:26.000Z,ru,qwewqeqweqweqweqweqweqewqewwqeqweqweqweqwwq,Steam玩家-1116a7ca3b01,推荐,234836641,正向反馈,正向,低,沉淀正向口碑素材，并同步研发团队,,,,,,中,1,
DFF-001032,Steam,https://steamcommunity.com/app/2507950/reviews/?browsefilter=mostrecent,2026-09-15T05:10:52.261Z,2026-09-09T12:30:47.000Z,fr,calité graphique incroyable et gamplay entraînent,Steam玩家-4fe32aecf469,推荐,234836610,正向反馈,正向,低,沉淀正向口碑素材，并同步研发团队,,,,,,中,1,
DFF-001033,Steam,https://steamcommunity.com/app/2507950/reviews/?browsefilter=mostrecent,2026-09-15T05:10:52.261Z,2026-09-09T12:17:01.000Z,pt-BR,"O jogo é divertido, tem uma boa variedade de armas e uma excelente customização de armas, porém o que me fez parar de jogar o jogo é fato de cair sempre nos mesmos 2 mapas, mesmo baixando todos os mapas, o que deixa o jogo enjoativo e repetitivo.",Steam玩家-4404ca0d1c4a,推荐,234835942,地图与模式,正向,低,沉淀正向口碑素材，并同步研发团队,,,,,主题命中：map,中,1,主题命中：map
DFF-001034,Steam,https://steamcommunity.com/app/2507950/reviews/?browsefilter=mostrecent,2026-09-15T05:10:52.261Z,2026-09-09T11:58:56.000Z,ru,Все понравилось,Steam玩家-7909f161c238,推荐,234835116,正向反馈,正向,低,沉淀正向口碑素材，并同步研发团队,,,,,,中,1,
DFF-001035,Steam,https://steamcommunity.com/app/2507950/reviews/?browsefilter=mostrecent,2026-09-15T05:10:52.261Z,2026-09-09T11:27:50.000Z,ru,вы че ебланы ♥♥♥♥♥ ладно я на мобилке ахуел обнову ставить ♥♥♥ забил но ♥♥♥♥♥ 100гб на пк вы че говно дуете идиоты пару скинов карта и че я теперь вторую игру скачивать должен идите ♥♥♥♥♥ в ♥♥♥♥♥ в нее играть,Steam玩家-8ba01be09c57,不推荐,234833686,其他,负向,中,进入人工复核队列，补充上下文后再归因,,,,,,低,2,
DFF-001036,Steam,https://steamcommunity.com/app/2507950/reviews/?browsefilter=mostrecent,2026-09-15T05:10:52.261Z,2026-09-09T11:25:52.000Z,zh-CN,"傻逼游戏，防作弊耽误两个小时也进不去教程也是一坨，系统重装过f1,f2 根本进不去，整这么复杂也没见开挂的少",Steam玩家-ab48d550f569,不推荐,234833610,外挂与安全,负向,严重,立即跟进：优先排查反作弊链路，公开高频作弊类型处置进度,,,,,主题命中：开挂、作弊；负向命中：一坨、作弊；严重度命中：进不去,高,4,主题命中：开挂、作弊；负向命中：一坨、作弊；严重度命中：进不去
DFF-001037,Steam,https://steamcommunity.com/app/2507950/reviews/?browsefilter=mostrecent,2026-09-15T05:10:52.261Z,2026-09-09T10:58:25.000Z,ru,после обновления не заходит в игру,Steam玩家-45822efe9940,不推荐,234832443,其他,负向,中,进入人工复核队列，补充上下文后再归因,,,,,,低,2,
DFF-001038,Steam,https://steamcommunity.com/app/2507950/reviews/?browsefilter=mostrecent,2026-09-15T05:10:52.261Z,2026-09-09T10:54:11.000Z,zh-Hant,good game,Steam玩家-8e0882a161e1,推荐,234832251,正向反馈,正向,低,沉淀正向口碑素材，并同步研发团队,,,,,正向命中：good,中,1,正向命中：good
DFF-001039,Steam,https://steamcommunity.com/app/2507950/reviews/?browsefilter=mostrecent,2026-09-15T05:10:52.261Z,2026-09-09T10:51:59.000Z,zh-CN,保持现在战争风格，不要丧尸，不要未来宇宙。,Steam玩家-f5d0955ca1ce,推荐,234832153,正向反馈,正向,低,沉淀正向口碑素材，并同步研发团队,,,,,,中,1,
DFF-001040,Steam,https://steamcommunity.com/app/2507950/reviews/?browsefilter=mostrecent,2026-09-15T05:10:52.261Z,2026-09-09T10:48:02.000Z,zh-CN,赛季任务+魔怔匹配机制+挂狗透视锁头产生的连锁反应，我觉得我玩这游戏是我有病,Steam玩家-ddc2e9ea88c0,不推荐,234831990,外挂与安全,负向,高,高优先级：优先排查反作弊链路，公开高频作弊类型处置进度,,,,,主题命中：挂狗、透视、锁头,高,3,主题命中：挂狗、透视、锁头
DFF-001041,Steam,https://steamcommunity.com/app/2507950/reviews/?browsefilter=mostrecent,2026-09-15T05:10:52.261Z,2026-09-09T10:44:14.000Z,zh-CN,没爆率 关黑屋 外挂满天飞 但是该玩还得玩,Steam玩家-f233ba19c93e,不推荐,234831827,外挂与安全,负向,高,高优先级：优先排查反作弊链路，公开高频作弊类型处置进度,,,,,主题命中：外挂；负向命中：外挂、黑屋,中,3,主题命中：外挂；负向命中：外挂、黑屋
DFF-001042,Steam,https://steamcommunity.com/app/2507950/reviews/?browsefilter=mostrecent,2026-09-15T05:10:52.261Z,2026-09-09T10:42:10.000Z,en,W game,Steam玩家-3c01d8247c02,推荐,234831746,正向反馈,正向,低,沉淀正向口碑素材，并同步研发团队,,,,,,中,1,
DFF-001043,Steam,https://steamcommunity.com/app/2507950/reviews/?browsefilter=mostrecent,2026-09-15T05:10:52.261Z,2026-09-09T10:21:54.000Z,zh-CN,爆率是没有的，玩家是相互恶心的，外挂是不管的,Steam玩家-835cb25444e4,不推荐,234830940,外挂与安全,负向,高,高优先级：优先排查反作弊链路，公开高频作弊类型处置进度,,,,,主题命中：外挂；负向命中：恶心、外挂,中,3,主题命中：外挂；负向命中：恶心、外挂
DFF-001044,Steam,https://steamcommunity.com/app/2507950/reviews/?browsefilter=mostrecent,2026-09-15T05:10:52.261Z,2026-09-09T10:15:52.000Z,zh-CN,喜欢上这游戏了,Steam玩家-d913d44d2808,推荐,234830705,正向反馈,正向,低,沉淀正向口碑素材，并同步研发团队,,,,,正向命中：喜欢,中,1,正向命中：喜欢
DFF-001045,Steam,https://steamcommunity.com/app/2507950/reviews/?browsefilter=mostrecent,2026-09-15T05:10:52.261Z,2026-09-09T10:05:31.000Z,th,"Don't play this game. There are way too many hackers. They are constantly using cheats to farm money and missions to sell accounts. Because of this, normal players can't even play the other stages—veterans just hang around the early levels to farm new players. Do yourself a favor and go play something else, it's way more fun.",Steam玩家-a4fbf7e21903,不推荐,234830270,外挂与安全,负向,高,高优先级：优先排查反作弊链路，公开高频作弊类型处置进度,,,,,主题命中：hack、hacker、cheat；正向命中：fun,高,3,主题命中：hack、hacker、cheat；正向命中：fun
DFF-001046,Steam,https://steamcommunity.com/app/2507950/reviews/?browsefilter=mostrecent,2026-09-15T05:10:52.261Z,2026-09-09T10:02:52.000Z,uk,Гамно,Steam玩家-6a12a4a2da5a,不推荐,234830181,其他,负向,中,进入人工复核队列，补充上下文后再归因,,,,,,低,2,
DFF-001047,Steam,https://steamcommunity.com/app/2507950/reviews/?browsefilter=mostrecent,2026-09-15T05:10:52.261Z,2026-09-09T09:30:35.000Z,en,Great game!,Steam玩家-3ded6b08b62e,推荐,234828947,正向反馈,正向,低,沉淀正向口碑素材，并同步研发团队,,,,,正向命中：great,中,1,正向命中：great
DFF-001048,Steam,https://steamcommunity.com/app/2507950/reviews/?browsefilter=mostrecent,2026-09-15T05:10:52.261Z,2026-09-09T09:28:59.000Z,en,its a very good game but its always laggy for me,Steam玩家-9d659427f9b0,推荐,234828872,性能与优化,混合,低,按设备与网络环境复现高频问题，优先修复阻塞型故障,,,,,主题命中：lag；正向命中：good；负向命中：laggy,中,1,主题命中：lag；正向命中：good；负向命中：laggy
DFF-001049,Steam,https://steamcommunity.com/app/2507950/reviews/?browsefilter=mostrecent,2026-09-15T05:10:52.261Z,2026-09-09T09:27:43.000Z,tr,Her seferınde 100GB guncelleme mı olur anasını satayım hileleri. 4v4 12v12 başlayan bozuk lobileri saymıyorum bile.,Steam玩家-50f087589793,不推荐,234828841,性能与优化,负向,中,按设备与网络环境复现高频问题，优先修复阻塞型故障,,,,,主题命中：gb,中,2,主题命中：gb
DFF-001050,Steam,https://steamcommunity.com/app/2507950/reviews/?browsefilter=mostrecent,2026-09-15T05:10:52.261Z,2026-09-09T09:09:26.000Z,th,เกมเหี้ยไรไฟล์200gbให้กูเล่นแค่แมพใหม่แมพเดียว ถ้ามึงจะทำแบบนี้มึงก็ช่วยลบไฟล์แมพอื่นออกไปเลยเถอะเปลืองที่ชิบหาย,Steam玩家-d5a84ddcd073,不推荐,234828197,性能与优化,负向,中,按设备与网络环境复现高频问题，优先修复阻塞型故障,,,,,主题命中：gb,中,2,主题命中：gb
DFF-001051,Steam,https://steamcommunity.com/app/2507950/reviews/?browsefilter=mostrecent,2026-09-15T05:10:52.261Z,2026-09-09T09:06:21.000Z,en,"A ♥♥♥♥♥♥♥ 100GB update just to play one stupid map. They call it “random”, random my ass. It’s the same ♥♥♥♥♥♥♥ map every time.",Steam玩家-58611677a3f0,不推荐,234828081,性能与优化,负向,中,按设备与网络环境复现高频问题，优先修复阻塞型故障,,,,,主题命中：gb update、gb,高,2,主题命中：gb update、gb
DFF-001052,Steam,https://steamcommunity.com/app/2507950/reviews/?browsefilter=mostrecent,2026-09-15T05:10:52.261Z,2026-09-09T09:01:10.000Z,zh-CN,sb登不上去,Steam玩家-28e102767f40,不推荐,234827891,其他,负向,中,进入人工复核队列，补充上下文后再归因,,,,,,低,2,
DFF-001053,Steam,https://steamcommunity.com/app/2507950/reviews/?browsefilter=mostrecent,2026-09-15T05:10:52.261Z,2026-09-09T08:59:10.000Z,zh-CN,一进对局就闪退,Steam玩家-e24415dbc23d,不推荐,234827813,性能与优化,负向,严重,立即跟进：按设备与网络环境复现高频问题，优先修复阻塞型故障,,,,,主题命中：闪退；严重度命中：闪退,中,4,主题命中：闪退；严重度命中：闪退
DFF-001054,Steam,https://steamcommunity.com/app/2507950/reviews/?browsefilter=mostrecent,2026-09-15T05:10:52.261Z,2026-09-09T08:36:17.000Z,en,ga leee,Steam玩家-6989eb4233f0,推荐,234827002,正向反馈,正向,低,沉淀正向口碑素材，并同步研发团队,,,,,,中,1,
DFF-001055,Steam,https://steamcommunity.com/app/2507950/reviews/?browsefilter=mostrecent,2026-09-15T05:10:52.261Z,2026-09-09T08:27:19.000Z,tr,akıcı bıir oyun karkterler ♥♥♥ iyi ve güzel,Steam玩家-22a03fe0795c,推荐,234826718,正向反馈,正向,低,沉淀正向口碑素材，并同步研发团队,,,,,正向命中：güzel,中,1,正向命中：güzel
DFF-001056,Steam,https://steamcommunity.com/app/2507950/reviews/?browsefilter=mostrecent,2026-09-15T05:10:52.261Z,2026-09-09T08:26:49.000Z,ko,이유 없이 쉐벤하고 정지시킴 이유 물어봐도 안알려줌 vpn 광고하면서 vpn 쓰지말라함 운영 개병신겜아님?,Steam玩家-8e87dd6f4aa2,不推荐,234826702,其他,负向,中,进入人工复核队列，补充上下文后再归因,,,,,,低,2,
DFF-001057,Steam,https://steamcommunity.com/app/2507950/reviews/?browsefilter=mostrecent,2026-09-15T05:10:52.261Z,2026-09-09T08:13:09.000Z,es-419,De los mejores juegos para pobres!,Steam玩家-bbe62520fd87,推荐,234826271,正向反馈,正向,低,沉淀正向口碑素材，并同步研发团队,,,,,,中,1,
DFF-001058,Steam,https://steamcommunity.com/app/2507950/reviews/?browsefilter=mostrecent,2026-09-15T05:10:52.261Z,2026-09-09T08:07:16.000Z,es-419,"Después de 1388 horas creo que ya puedo decir que el juego me gusta bastante jajaja. Lo empecé sin esperar demasiado y terminé quedándome mucho más de lo que pensaba. El modo extracción es lo que más me gusta, sobre todo esa sensación de ir bien equipado, conseguir buen loot y tener que decidir si seguir buscando o mejor salir vivo. Tiene sus detalles y cosas que podrían mejorar, pero para mí sigue siendo un shooter bastante divertido y al que siempre termino regresando después de un tiempo. Si te gustan los shooters y los juegos de extracción, yo sí lo recomiendo. Y bueno, 1388 horas creo que hablan por sí solas. 😂",Steam玩家-c1765851c8ef,推荐,234826068,外挂与安全,正向,高,高优先级：优先排查反作弊链路，公开高频作弊类型处置进度,,,,,主题命中：esp,中,3,主题命中：esp
DFF-001059,Steam,https://steamcommunity.com/app/2507950/reviews/?browsefilter=mostrecent,2026-09-15T05:10:52.261Z,2026-09-09T08:05:03.000Z,ko,이게 무료게임이라고?? 말이 안된다 막 5만원씩 써서 fps 게임 사지 말고 이거부터 해보세요. 진짜 다신 못나올 무료게임 레전드(나중에 유료로 바뀔지도...?),Steam玩家-ff61392a0b2d,推荐,234826001,正向反馈,正向,低,沉淀正向口碑素材，并同步研发团队,正向反馈,正向,低,是,,中,1,
DFF-001060,Steam,https://steamcommunity.com/app/2507950/reviews/?browsefilter=mostrecent,2026-09-15T05:10:52.261Z,2026-09-09T08:03:56.000Z,en,nice game,Steam玩家-c86d937d2a7b,推荐,234825966,正向反馈,正向,低,沉淀正向口碑素材，并同步研发团队,,,,,正向命中：nice,中,1,正向命中：nice
DFF-001061,Steam,https://steamcommunity.com/app/2507950/reviews/?browsefilter=mostrecent,2026-09-15T05:10:52.261Z,2026-09-09T08:01:45.000Z,zh-CN,大战场能不优化一下老是卡死断触,Steam玩家-3246f12f902f,不推荐,234825896,性能与优化,负向,中,按设备与网络环境复现高频问题，优先修复阻塞型故障,,,,,主题命中：优化、卡死；负向命中：卡死,高,2,主题命中：优化、卡死；负向命中：卡死
DFF-001062,Steam,https://steamcommunity.com/app/2507950/reviews/?browsefilter=mostrecent,2026-09-15T05:10:52.261Z,2026-09-09T07:59:35.000Z,en,sucskl.....,Steam玩家-288c84e1e4b8,不推荐,234825834,其他,负向,中,进入人工复核队列，补充上下文后再归因,,,,,,低,2,
DFF-001063,Steam,https://steamcommunity.com/app/2507950/reviews/?browsefilter=mostrecent,2026-09-15T05:10:52.261Z,2026-09-09T07:42:42.000Z,fr,que des cheaters impossible de faire une partie correcte,Steam玩家-1dc71e0b8d9e,不推荐,234825247,外挂与安全,负向,高,高优先级：优先排查反作弊链路，公开高频作弊类型处置进度,,,,,主题命中：cheat、cheater,高,3,主题命中：cheat、cheater
DFF-001064,Steam,https://steamcommunity.com/app/2507950/reviews/?browsefilter=mostrecent,2026-09-15T05:10:52.261Z,2026-09-09T07:41:23.000Z,ja,ウォーフェア専で久々にインストールしたらオペレーションズのチュートリアルを強制されたぜ! 金の延べ棒盗んでやっと終わりかと思ったら操作をロックされて再出撃を強制されたぜ! 仕方がねェから装備を受け取って出撃しようとしたら「倉庫がいっぱいです」って出て装備が受け取れないぜ! 装備を受け取る以外の操作を受け付けないからモードチェンジも倉庫整理もできないぜ! 詰んだぜ! ランチャーからカスタマーサービス飛ぼうとしたらランチャーがクラッシュしたぜ! 最高だぜ! いろいろガチャガチャやったらアイテムの詳細ウィンドが出てきて そこから取引所を開くことで操作のロックが解除されてESCとかほかの操作が利くようになったぜ! 相変わらず戦車と裏どりに対処しない味方だらけで最高だぜ!,Steam玩家-e440468ecf08,不推荐,234825201,界面与操作体验,负向,中,整理交互问题清单，优化设置、准星与操作反馈,,,,,主题命中：操作,中,2,主题命中：操作
DFF-001065,Steam,https://steamcommunity.com/app/2507950/reviews/?browsefilter=mostrecent,2026-09-15T05:10:52.261Z,2026-09-09T06:41:51.000Z,indonesian,"Bug appear after update,everytime warfare is done going to lobby, just quit it self into windows WTF you doing dev?",Steam玩家-1ad36dd77231,不推荐,234823224,性能与优化,负向,中,按设备与网络环境复现高频问题，优先修复阻塞型故障,,,,,主题命中：bug,中,2,主题命中：bug
DFF-001066,Steam,https://steamcommunity.com/app/2507950/reviews/?browsefilter=mostrecent,2026-09-15T05:10:52.261Z,2026-09-09T06:20:47.000Z,en,tbh im doing this rewiev just for the achievement but its a really good game,Steam玩家-222d50fa8930,推荐,234822547,正向反馈,正向,低,沉淀正向口碑素材，并同步研发团队,,,,,正向命中：good,中,1,正向命中：good
DFF-001067,Steam,https://steamcommunity.com/app/2507950/reviews/?browsefilter=mostrecent,2026-09-15T05:10:52.261Z,2026-09-09T06:11:48.000Z,ko,운영자가 병신임,Steam玩家-ed1fb0ab9dbd,不推荐,234822258,其他,负向,中,进入人工复核队列，补充上下文后再归因,,,,,,低,2,
DFF-001068,Steam,https://steamcommunity.com/app/2507950/reviews/?browsefilter=mostrecent,2026-09-15T05:10:52.261Z,2026-09-09T06:06:13.000Z,ru,115гб патч в котором добавляют буквально пару скинов и один ивент? Давно я настолько рукожопых разрабов не видел,Steam玩家-090a03ca8ef2,不推荐,234822096,其他,负向,中,进入人工复核队列，补充上下文后再归因,,,,,,低,2,
DFF-001069,Steam,https://steamcommunity.com/app/2507950/reviews/?browsefilter=mostrecent,2026-09-15T05:10:52.261Z,2026-09-09T06:02:10.000Z,zh-CN,外挂一堆，爆率一坨,Steam玩家-1f3cae86a032,不推荐,234821967,外挂与安全,负向,高,高优先级：优先排查反作弊链路，公开高频作弊类型处置进度,,,,,主题命中：外挂；负向命中：一坨、外挂,中,3,主题命中：外挂；负向命中：一坨、外挂
DFF-001070,Steam,https://steamcommunity.com/app/2507950/reviews/?browsefilter=mostrecent,2026-09-15T05:10:52.261Z,2026-09-09T05:56:55.000Z,zh-CN,..........,Steam玩家-3f823a161b2e,推荐,234821829,正向反馈,正向,低,沉淀正向口碑素材，并同步研发团队,,,,,,中,1,
DFF-001071,Steam,https://steamcommunity.com/app/2507950/reviews/?browsefilter=mostrecent,2026-09-15T05:10:52.261Z,2026-09-09T05:54:44.000Z,zh-CN,游戏越来越垃圾，莫名其妙各种观察局,Steam玩家-13b29d4e3ff7,不推荐,234821777,其他,负向,中,进入人工复核队列，补充上下文后再归因,,,,,负向命中：垃圾,低,2,负向命中：垃圾
DFF-001072,Steam,https://steamcommunity.com/app/2507950/reviews/?browsefilter=mostrecent,2026-09-15T05:10:52.261Z,2026-09-09T05:48:13.000Z,en,"The game is just OK Personally I decide not to put in more hours because I just didn't like it, but its free, download and try, not loosing anything. The positives. It worked. I didn't ran into any bugs. It has decent graphics. Smooth 120fps all the time. If you like some COD or some arcade shooters or even some hero shooters, it might actually be a decent extraction shooter for you. its surprisingly good for a free game. The negatives. The guns felt weak, just didn't like the sound and the feel of them, plus end game builds shoot with zero recoil and deal lot of damage, so the TTK is also super short and no armor will save you. Some character abilities are just way stronger then others so 90% of the time you run into the same ones, but that just meta. My most negative moments by far was the first map. I truly believe that 90% of the players who try this game will never reach the 2nd map, because they are just getting farmed and are pushed away by end game players. First 2/3 hours you gone play with bots against other players and bots, its ok, feels ok and you fighting mostly same level and same gear players. Then once you reach certain rank It gives less bots and drop you in lobbies with gamers. These guys have endgame builds and shoot lazers and will kill 90% of the time. You go in you die, you go in you die over and over and over again. Because turns out, the first map is the smallest so all end game players go to PVP there. And many of them go to EASY mode, where you are thrown in at the start, they farm you for weapon skins. They need kills with specific weapons to unlock skins and you are the most fast and easy way how to do it. Having a bad new player experience, well sorry brother, this gremlin with 2k hours needs a new skin so its time for you to suffer. IF you are a new player, get away from the first map as soon as possible and don't go back there once you reach some 100hours of game time, because the other maps had some noobs like me, less fights, more time for you get use to the game. Over all its a decent game, either you like it or you don't is up to your preference.",Steam玩家-77ea6141ec55,不推荐,234821562,匹配与队友,混合,低,分析匹配池与单排体验，降低实力差距和摆烂影响,,,,,主题命中：bot、bots、rank、players；正向命中：good；负向命中：bad,高,1,主题命中：bot、bots、rank、players；正向命中：good；负向命中：bad
DFF-001073,Steam,https://steamcommunity.com/app/2507950/reviews/?browsefilter=mostrecent,2026-09-15T05:10:52.261Z,2026-09-09T05:22:40.000Z,en,"Really good game with well physics. The graphics are really good. However, if you do want a good experience, you'll want a well PC Spec.",Steam玩家-df16d3e001da,推荐,234820755,正向反馈,正向,低,沉淀正向口碑素材，并同步研发团队,,,,,正向命中：good,中,1,正向命中：good
DFF-001074,Steam,https://steamcommunity.com/app/2507950/reviews/?browsefilter=mostrecent,2026-09-15T05:10:52.261Z,2026-09-09T04:47:22.000Z,zh-CN,远看是山，近看是屎,Steam玩家-321a0fc1ab96,不推荐,234819611,其他,负向,中,进入人工复核队列，补充上下文后再归因,,,,,,低,2,
DFF-001075,Steam,https://steamcommunity.com/app/2507950/reviews/?browsefilter=mostrecent,2026-09-15T05:10:52.261Z,2026-09-09T04:36:49.000Z,zh-CN,grfdtgf,Steam玩家-56cf379d9b02,不推荐,234819255,其他,负向,中,进入人工复核队列，补充上下文后再归因,,,,,,低,2,
DFF-001076,Steam,https://steamcommunity.com/app/2507950/reviews/?browsefilter=mostrecent,2026-09-15T05:10:52.261Z,2026-09-09T04:34:30.000Z,en,Horrid Game 1/10 Play EU Servers,Steam玩家-e20182c1c9bc,推荐,234819165,性能与优化,正向,低,沉淀正向口碑素材，并同步研发团队,,,,,主题命中：server,中,1,主题命中：server
DFF-001077,Steam,https://steamcommunity.com/app/2507950/reviews/?browsefilter=mostrecent,2026-09-15T05:10:52.261Z,2026-09-09T04:06:59.000Z,zh-CN,Trash,Steam玩家-d2c7be50ea15,不推荐,234818211,其他,负向,中,进入人工复核队列，补充上下文后再归因,,,,,负向命中：trash,低,2,负向命中：trash
DFF-001078,Steam,https://steamcommunity.com/app/2507950/reviews/?browsefilter=mostrecent,2026-09-15T05:10:52.261Z,2026-09-09T03:52:33.000Z,en,Unc Friendly,Steam玩家-6c39292a87b1,推荐,234817647,正向反馈,正向,低,沉淀正向口碑素材，并同步研发团队,,,,,,中,1,
DFF-001079,Steam,https://steamcommunity.com/app/2507950/reviews/?browsefilter=mostrecent,2026-09-15T05:10:52.261Z,2026-09-09T03:48:48.000Z,ko,전면전할거면 절대 하지마시고 배필하세요 ㅋ 그냥 어줍잖게 따라했으니까. 그냥 맵파일 용량만차지하고 계속 몇개로 돌림빵함 ㅋ 그마저도 5090으로 돌려도 프레임 작살라는 에쇽 걍노잼 해보면앎 사람이없어서 매칭이안되는 이유가 있음 ㅋ,Steam玩家-d17d325e403d,不推荐,234817494,其他,负向,中,进入人工复核队列，补充上下文后再归因,,,,,,低,2,
DFF-001080,Steam,https://steamcommunity.com/app/2507950/reviews/?browsefilter=mostrecent,2026-09-15T05:10:52.261Z,2026-09-09T03:22:23.000Z,en,THIS GAME ♥♥♥♥♥♥♥ SUCK ALL YOU DO IS GET KILLED BY HACKERS AND GET SPAWN CAMPED AND GET SNIPED BY A RECON ITS NOT WORTH THE 295GB AND THE ♥♥♥♥♥♥♥ ♥♥♥♥♥ SUPORT CLASS FLYES ACROSE THE MAP AND KILLS YOU AND SAYS THERE GOOD AT THE GAME WITH THERE HACKS,Steam玩家-401cde55a224,不推荐,234816429,外挂与安全,负向,高,高优先级：优先排查反作弊链路，公开高频作弊类型处置进度,,,,,主题命中：hack、hacker；正向命中：good,高,3,主题命中：hack、hacker；正向命中：good
DFF-001081,Steam,https://steamcommunity.com/app/2507950/reviews/?browsefilter=mostrecent,2026-09-15T05:10:52.261Z,2026-09-09T03:03:17.000Z,pt-BR,gostei,Steam玩家-f5f362a02351,推荐,234815702,正向反馈,正向,低,沉淀正向口碑素材，并同步研发团队,,,,,,中,1,
DFF-001082,Steam,https://steamcommunity.com/app/2507950/reviews/?browsefilter=mostrecent,2026-09-15T05:10:52.261Z,2026-09-09T03:02:21.000Z,zh-CN,一坨 懂得都懂,Steam玩家-7b4d10c4eba3,不推荐,234815664,其他,负向,中,进入人工复核队列，补充上下文后再归因,,,,,负向命中：一坨,低,2,负向命中：一坨
DFF-001083,Steam,https://steamcommunity.com/app/2507950/reviews/?browsefilter=mostrecent,2026-09-15T05:10:52.261Z,2026-09-09T02:49:33.000Z,pt-BR,Nota 5 de 0 a 100,Steam玩家-209a6a250beb,不推荐,234815177,其他,负向,中,进入人工复核队列，补充上下文后再归因,,,,,,低,2,
DFF-001084,Steam,https://steamcommunity.com/app/2507950/reviews/?browsefilter=mostrecent,2026-09-15T05:10:52.261Z,2026-09-09T02:45:29.000Z,es,"muy buen juego la vcrdad, mejor que el warzone",Steam玩家-16b9dfde4b0a,推荐,234814989,正向反馈,正向,低,沉淀正向口碑素材，并同步研发团队,,,,,,中,1,
DFF-001085,Steam,https://steamcommunity.com/app/2507950/reviews/?browsefilter=mostrecent,2026-09-15T05:10:52.261Z,2026-09-09T02:43:27.000Z,zh-CN,狗屎中的狗屎,Steam玩家-724758b4d0cf,不推荐,234814899,其他,负向,中,进入人工复核队列，补充上下文后再归因,,,,,,低,2,
DFF-001086,Steam,https://steamcommunity.com/app/2507950/reviews/?browsefilter=mostrecent,2026-09-15T05:10:52.261Z,2026-09-09T02:19:33.000Z,en,"The game is good, nice game play and all but if you want to download all the resources that gonna take like >300GB of space, why??? the game optimization are so ass. 255GB at first is acceptable but there's more to download inside the game itself this is ridiculous",Steam玩家-e1c905d3e371,不推荐,234813857,性能与优化,正向,低,沉淀正向口碑素材，并同步研发团队,,,,,主题命中：optimization、download、gb；正向命中：nice、good,高,1,主题命中：optimization、download、gb；正向命中：nice、good
DFF-001087,Steam,https://steamcommunity.com/app/2507950/reviews/?browsefilter=mostrecent,2026-09-15T05:10:52.261Z,2026-09-09T02:16:19.000Z,zh-CN,遇到G连举报按钮都没有,Steam玩家-6ce948ccf1aa,不推荐,234813717,其他,负向,中,进入人工复核队列，补充上下文后再归因,,,,,,低,2,
DFF-001088,TapTap,https://www.taptap.cn/app/330259/review,2026-09-15T05:10:52.261Z,2026-09-09T02:05:20.000Z,zh-CN,用联想y700开了一个新号玩，刚创名字就封号，神了。,TapTap玩家-9c0a09b7ff17,1,50360898,客服与封禁,负向,高,高优先级：复核封禁与申诉工单，建立误封复查和响应时限,,,,,主题命中：封号；负向命中：封号,中,3,主题命中：封号；负向命中：封号
DFF-001089,Steam,https://steamcommunity.com/app/2507950/reviews/?browsefilter=mostrecent,2026-09-15T05:10:52.261Z,2026-09-09T01:38:19.000Z,en,"If you enjoy getting shot the moment you turn a corner, as if everyone’s equipped with wall hacks, this is your dream game. If you’ve been longing for matchmaking that’s apparently on an extended beach vacation, look no further. The game? A complete joke. The anti-cheat? Also a joke. Save yourself the headache and avoid this digital dumpster fire entirely.",Steam玩家-9586d3a19272,不推荐,234812123,外挂与安全,混合,严重,立即跟进：优先排查反作弊链路，公开高频作弊类型处置进度,外挂与安全,负向,严重,否,主题命中：hack、cheat；正向命中：enjoy；负向命中：avoid、dumpster fire；严重度命中：complete joke、dumpster fire、avoid,高,4,主题命中：hack、cheat；正向命中：enjoy；负向命中：avoid、dumpster fire；严重度命中：complete joke、dumpster fire、avoid
DFF-001090,Steam,https://steamcommunity.com/app/2507950/reviews/?browsefilter=mostrecent,2026-09-15T05:10:52.261Z,2026-09-09T01:36:55.000Z,en,WHY DO I HAVE TO PLAY A GACHA FOR A SKIN?,Steam玩家-420126aeabab,不推荐,234812045,付费与通行证,负向,中,解释付费价值并监控定价、返场与抽取争议,,,,,主题命中：skin,中,2,主题命中：skin
DFF-001091,Steam,https://steamcommunity.com/app/2507950/reviews/?browsefilter=mostrecent,2026-09-15T05:10:52.261Z,2026-09-09T01:15:41.000Z,en,love it,Steam玩家-e35275346f86,推荐,234811090,正向反馈,正向,低,沉淀正向口碑素材，并同步研发团队,,,,,正向命中：love,中,1,正向命中：love
DFF-001092,Steam,https://steamcommunity.com/app/2507950/reviews/?browsefilter=mostrecent,2026-09-15T05:10:52.261Z,2026-09-09T00:27:23.000Z,en,Just play warfare N other game modes. Stay away from the extraction shooter mode,Steam玩家-c78c44edf647,推荐,234808901,搜打撤与经济,正向,低,沉淀正向口碑素材，并同步研发团队,,,,,主题命中：extraction,中,1,主题命中：extraction
DFF-001093,Steam,https://steamcommunity.com/app/2507950/reviews/?browsefilter=mostrecent,2026-09-15T05:10:52.261Z,2026-09-09T00:13:54.000Z,fr,"un jeu plutôt bon vu le fait qu'il est gratuit, je ne sais pas ce que les autres ont a se plaindre de hackers ils y en a quelque uns mais c'est loin d'être aussi grave que les gens ne le laissent paraître. bonne variété d'armes et de modes de jeu. a mon avis c'est très fluide et le jeu en vaut plutôt sa taille. Les développeurs écoute modérément les joueurs mais le jeu reste de très bonne qualité. juste assurez vous d'avoir un plutôt bon pc le jeu peut être assez lourd sur la carte graphique.",Steam玩家-8406d3000df4,推荐,234808318,外挂与安全,正向,高,高优先级：优先排查反作弊链路，公开高频作弊类型处置进度,,,,,主题命中：hack、hacker,高,3,主题命中：hack、hacker
DFF-001094,Steam,https://steamcommunity.com/app/2507950/reviews/?browsefilter=mostrecent,2026-09-15T05:10:52.261Z,2026-09-09T00:13:01.000Z,ru,"Какой ужас и балаган, ужасная физика",Steam玩家-43bcadaef60a,不推荐,234808279,其他,负向,中,进入人工复核队列，补充上下文后再归因,,,,,,低,2,
DFF-001095,Steam,https://steamcommunity.com/app/2507950/reviews/?browsefilter=mostrecent,2026-09-15T05:10:52.261Z,2026-09-09T00:02:41.000Z,en,"i know alot of people complain about certain aspects of this game. But for what it offers, its not bad. Its fun, grindy, and a solid multiplayer",Steam玩家-9772fe7e043c,推荐,234807833,其他,混合,低,进入人工复核队列，补充上下文后再归因,,,,,正向命中：fun、solid；负向命中：bad,低,1,正向命中：fun、solid；负向命中：bad
DFF-001096,Steam,https://steamcommunity.com/app/2507950/reviews/?browsefilter=mostrecent,2026-09-15T05:10:52.261Z,2026-09-08T23:55:52.000Z,zh-CN,垃圾爆率,Steam玩家-cae284a66600,不推荐,234807515,搜打撤与经济,负向,中,复核爆率、物价与撤离收益曲线，评估经济回收节奏,,,,,主题命中：爆率；负向命中：垃圾,中,2,主题命中：爆率；负向命中：垃圾
DFF-001097,Steam,https://steamcommunity.com/app/2507950/reviews/?browsefilter=mostrecent,2026-09-15T05:10:52.261Z,2026-09-08T23:49:57.000Z,pt-BR,muito ta para joga,Steam玩家-7a814302ad4a,推荐,234807276,界面与操作体验,正向,低,沉淀正向口碑素材，并同步研发团队,,,,,主题命中：ui,中,1,主题命中：ui
DFF-001098,Steam,https://steamcommunity.com/app/2507950/reviews/?browsefilter=mostrecent,2026-09-15T05:10:52.261Z,2026-09-08T23:30:48.000Z,pt-BR,"DELTA LIXO DELTA BOT JOGO LIMITA QUANTIDADE DE JOGADORES EM PARTIDA...10 , 15 PLAYERS NO MAX ROTAÇÃO DOS MAPAS NAO EXISTE , OU VOCE JOGA TRINCHEIRA OU RUINAS VICTORY UNITE- NUNCA CONSEGUI JOGAR 3232 HORAS DESPERDIÇADAS NAO RECOMENDO",Steam玩家-e1cc350c6138,不推荐,234806438,匹配与队友,负向,中,分析匹配池与单排体验，降低实力差距和摆烂影响,,,,,主题命中：bot、players,高,2,主题命中：bot、players
DFF-001099,Steam,https://steamcommunity.com/app/2507950/reviews/?browsefilter=mostrecent,2026-09-15T05:10:52.261Z,2026-09-08T23:17:53.000Z,it,"⭐ Tante idee, ma qualcosa non torna 🎯💥 Delta Force prova a proporre un mix tra sparatutto competitivo e battaglie su larga scala, ma personalmente non mi ha convinto abbastanza. Le sparatorie sono abbastanza divertenti e le modalità offrono una buona varietà, soprattutto quando si riesce a creare una partita equilibrata. Anche l'idea delle battaglie con tanti giocatori è interessante e può regalare qualche momento spettacolare. Il problema è che manca quella sensazione che ti fa venire voglia di continuare a giocare per ore. Il gameplay può diventare ripetitivo abbastanza velocemente e alcune meccaniche non mi sono sembrate particolarmente soddisfacenti. Anche il bilanciamento e alcuni aspetti tecnici non aiutano, lasciando spesso la sensazione che il gioco abbia ancora bisogno di qualche miglioramento. Nel complesso non è un disastro, ma mi aspettavo qualcosa di più. Può divertire per qualche partita, soprattutto con gli amici, ma personalmente non mi ha lasciato molto. Voto: 5/10 🎯 Un FPS con delle buone idee, ma che secondo me non riesce ancora a distinguersi abbastanza dalla concorrenza. Entro per fare ""solo una partita"". La faccio. Chiudo il gioco. Non mi manca. Direi che abbiamo un problema. 😂",Steam玩家-83243437a079,不推荐,234805839,匹配与队友,负向,中,分析匹配池与单排体验，降低实力差距和摆烂影响,,,,,主题命中：elo,中,2,主题命中：elo
DFF-001100,Steam,https://steamcommunity.com/app/2507950/reviews/?browsefilter=mostrecent,2026-09-15T05:10:52.261Z,2026-09-08T23:09:31.000Z,en,good,Steam玩家-18086f23fc47,推荐,234805490,正向反馈,正向,低,沉淀正向口碑素材，并同步研发团队,,,,,正向命中：good,中,1,正向命中：good
DFF-001101,Steam,https://steamcommunity.com/app/2507950/reviews/?browsefilter=mostrecent,2026-09-15T05:10:52.261Z,2026-09-08T23:05:59.000Z,en,"The number of cheaters in the game makes it unplayable. Reporting cheaters usually has no effect. The funniest thing is that in ranked mode, you can watch the kill cam, see if somebody is cheating and make a decision before you reprot. Yet even that kind of proof doesn’t seem to motivate the developers to actually do something about the cheaters...waste of time",Steam玩家-05b7c50f39f8,不推荐,234805342,匹配与队友,混合,严重,立即跟进：分析匹配池与单排体验，降低实力差距和摆烂影响,,,,,主题命中：elo、rank、ranked；正向命中：fun；负向命中：unplayable；严重度命中：unplayable,高,4,主题命中：elo、rank、ranked；正向命中：fun；负向命中：unplayable；严重度命中：unplayable
DFF-001102,Steam,https://steamcommunity.com/app/2507950/reviews/?browsefilter=mostrecent,2026-09-15T05:10:52.261Z,2026-09-08T23:04:03.000Z,en,"i really like this game a lot. my husband loves to play it & he wanted me to play it with him really bad. i was hesitant at first, but then i decided to try it one day & now it's one of my favorite games. and i love to play it with him. anyways - it's really fun & i like it a lot. okay bye!",Steam玩家-ddc587f3c1a8,推荐,234805250,其他,混合,低,进入人工复核队列，补充上下文后再归因,,,,,正向命中：fun、love；负向命中：bad,低,1,正向命中：fun、love；负向命中：bad
DFF-001103,Steam,https://steamcommunity.com/app/2507950/reviews/?browsefilter=mostrecent,2026-09-15T05:10:52.261Z,2026-09-08T22:57:27.000Z,en,im 65 yrs old and i love this game,Steam玩家-506a625d7fb2,推荐,234804966,正向反馈,正向,低,沉淀正向口碑素材，并同步研发团队,,,,,正向命中：love,中,1,正向命中：love
DFF-001104,Steam,https://steamcommunity.com/app/2507950/reviews/?browsefilter=mostrecent,2026-09-15T05:10:52.261Z,2026-09-08T22:53:44.000Z,en,so every UPDATE i have to basically download the game again the game is 120g and i have to UPDATE 120 FIX your Game pls,Steam玩家-d52b7d24716d,不推荐,234804781,性能与优化,负向,中,按设备与网络环境复现高频问题，优先修复阻塞型故障,,,,,主题命中：download,中,2,主题命中：download
DFF-001105,Steam,https://steamcommunity.com/app/2507950/reviews/?browsefilter=mostrecent,2026-09-15T05:10:52.261Z,2026-09-08T22:50:46.000Z,en,Tons of fun gett'in goop and gett'in out. Feels like your in it.,Steam玩家-431f30e635f7,推荐,234804641,正向反馈,正向,低,沉淀正向口碑素材，并同步研发团队,,,,,正向命中：fun,中,1,正向命中：fun
DFF-001106,Steam,https://steamcommunity.com/app/2507950/reviews/?browsefilter=mostrecent,2026-09-15T05:10:52.261Z,2026-09-08T22:38:28.000Z,pt-BR,e bom,Steam玩家-6162df0f2ca4,推荐,234804058,正向反馈,正向,低,沉淀正向口碑素材，并同步研发团队,,,,,正向命中：bom,中,1,正向命中：bom
DFF-001107,Steam,https://steamcommunity.com/app/2507950/reviews/?browsefilter=mostrecent,2026-09-15T05:10:52.261Z,2026-09-08T22:30:26.000Z,pt-BR,"top negocio é bom, guerra frenetica o tempo todo baita jogo, modo extraçao redondinho",Steam玩家-8053550d06b5,推荐,234803674,正向反馈,正向,低,沉淀正向口碑素材，并同步研发团队,,,,,正向命中：top、bom,中,1,正向命中：top、bom
DFF-001108,Steam,https://steamcommunity.com/app/2507950/reviews/?browsefilter=mostrecent,2026-09-15T05:10:52.261Z,2026-09-08T21:31:31.000Z,en,my balls hurt,Steam玩家-cdd873ebf881,不推荐,234800757,其他,负向,中,进入人工复核队列，补充上下文后再归因,,,,,,低,2,
DFF-001109,Steam,https://steamcommunity.com/app/2507950/reviews/?browsefilter=mostrecent,2026-09-15T05:10:52.261Z,2026-09-08T21:17:15.000Z,ru,GooD!!!,Steam玩家-a9b7cb2ca199,推荐,234800003,正向反馈,正向,低,沉淀正向口碑素材，并同步研发团队,,,,,正向命中：good,中,1,正向命中：good
DFF-001110,Steam,https://steamcommunity.com/app/2507950/reviews/?browsefilter=mostrecent,2026-09-15T05:10:52.261Z,2026-09-08T20:57:46.000Z,es,"tengo 190 horas en este juego que me entretenia bastante, pero esta ultima actualizacion se fueron al carajo con los gb",Steam玩家-b86e66b5dc33,不推荐,234798933,性能与优化,负向,中,按设备与网络环境复现高频问题，优先修复阻塞型故障,,,,,主题命中：gb,中,2,主题命中：gb
DFF-001111,Steam,https://steamcommunity.com/app/2507950/reviews/?browsefilter=mostrecent,2026-09-15T05:10:52.261Z,2026-09-08T20:39:50.000Z,en,Delta Force is an online first person shooter video game packed with action and unexpected events. I got this game a few weeks ago and LOVE it. I play all the time. I recommend this game to others. It is a very great game - and it's free!,Steam玩家-0708e2246394,推荐,234797918,任务与成长,正向,低,沉淀正向口碑素材，并同步研发团队,,,,,主题命中：event；正向命中：love、recommend、great,中,1,主题命中：event；正向命中：love、recommend、great
DFF-001112,Steam,https://steamcommunity.com/app/2507950/reviews/?browsefilter=mostrecent,2026-09-15T05:10:52.261Z,2026-09-08T20:01:08.000Z,zh-CN,垃圾项目组，脑子有屎，攻防出新地图又长又臭脑子怎么想的，攻防完了押车，既要防车坏，又要清人，还要够人数车才能动，你塞那么多人机，人机明白吗？人机随车不行，非要玩家随车才行，开随机地图十次九次是摩格旧城区，你干脆直接摩格旧城区得了，摩格旧城区是琳琅天上的爹？？平衡也是坨屎，整个逼钓鱼，搜打撤的游戏加入休闲元素，琳琅天上觉得自己老有操作了，脑瘫行为，打普通的现在没什么人自雷了，改他妈的去钓鱼去了，治好了都流口水,Steam玩家-d0e23bc79dc0,不推荐,234795563,地图与模式,负向,中,汇总热点区域与模式数据，安排地图和玩法迭代,,,,,主题命中：地图、攻防、新地图；负向命中：垃圾,高,2,主题命中：地图、攻防、新地图；负向命中：垃圾
DFF-001113,Steam,https://steamcommunity.com/app/2507950/reviews/?browsefilter=mostrecent,2026-09-15T05:10:52.261Z,2026-09-08T19:50:12.000Z,fr,jeu différent des autres fps des skin supers beaux et en vrai c'est drole juste les joueurs sont trop chauds 7/10,Steam玩家-60f9a0c8bea3,推荐,234794909,付费与通行证,正向,低,沉淀正向口碑素材，并同步研发团队,,,,,主题命中：skin,中,1,主题命中：skin
DFF-001114,Steam,https://steamcommunity.com/app/2507950/reviews/?browsefilter=mostrecent,2026-09-15T05:10:52.261Z,2026-09-08T19:24:52.000Z,en,Successful Extractions give the happy Tingles,Steam玩家-293ed4ac8aff,推荐,234793377,搜打撤与经济,正向,低,沉淀正向口碑素材，并同步研发团队,,,,,主题命中：extraction,中,1,主题命中：extraction
DFF-001115,Steam,https://steamcommunity.com/app/2507950/reviews/?browsefilter=mostrecent,2026-09-15T05:10:52.261Z,2026-09-08T19:21:30.000Z,zh-CN,傻逼优化，这个赛季更新居然改成全屏无法打开帧生成~~~,Steam玩家-4f08858d35fa,不推荐,234793135,性能与优化,负向,中,按设备与网络环境复现高频问题，优先修复阻塞型故障,,,,,主题命中：优化,中,2,主题命中：优化
DFF-001116,Steam,https://steamcommunity.com/app/2507950/reviews/?browsefilter=mostrecent,2026-09-15T05:10:52.261Z,2026-09-08T19:16:50.000Z,zh-CN,优化越来越差,Steam玩家-87cb5fa858bb,不推荐,234792849,性能与优化,负向,中,按设备与网络环境复现高频问题，优先修复阻塞型故障,,,,,主题命中：优化；负向命中：差,中,2,主题命中：优化；负向命中：差
DFF-001117,Steam,https://steamcommunity.com/app/2507950/reviews/?browsefilter=mostrecent,2026-09-15T05:10:52.261Z,2026-09-08T19:11:34.000Z,fr,"176 GB update that FAILED TWICE, go ♥♥♥♥ yourself.",Steam玩家-0f44cbdb6d82,不推荐,234792538,性能与优化,负向,中,按设备与网络环境复现高频问题，优先修复阻塞型故障,,,,,主题命中：gb update、gb,高,2,主题命中：gb update、gb
DFF-001118,Steam,https://steamcommunity.com/app/2507950/reviews/?browsefilter=mostrecent,2026-09-15T05:10:52.261Z,2026-09-08T18:53:09.000Z,en,junge 104gb update ihr affensöhne,Steam玩家-e9b049456d3e,推荐,234791323,性能与优化,正向,低,沉淀正向口碑素材，并同步研发团队,性能与优化,负向,中,否,主题命中：gb update、gb,高,1,主题命中：gb update、gb
DFF-001119,Steam,https://steamcommunity.com/app/2507950/reviews/?browsefilter=mostrecent,2026-09-15T05:10:52.261Z,2026-09-08T18:39:36.000Z,tr,bok gibi oyun,Steam玩家-7002e8c65a76,不推荐,234790477,其他,负向,中,进入人工复核队列，补充上下文后再归因,,,,,,低,2,
DFF-001120,Steam,https://steamcommunity.com/app/2507950/reviews/?browsefilter=mostrecent,2026-09-15T05:10:52.261Z,2026-09-08T18:33:43.000Z,en,best shoter ever but very big,Steam玩家-e7fb7c5de712,推荐,234790066,正向反馈,正向,低,沉淀正向口碑素材，并同步研发团队,,,,,正向命中：best,中,1,正向命中：best
DFF-001121,Steam,https://steamcommunity.com/app/2507950/reviews/?browsefilter=mostrecent,2026-09-15T05:10:52.261Z,2026-09-08T18:32:54.000Z,ru,"Задумка неплохая, как по мне, слишком казуальная, но это для каждого на вкус. Многие пишут про читеров, возможно, они и правда есть, я лишь, поиграв меньше чем день, пишу этот обзор. Для меня проблема заключается пока что в двух вещах: оптимизация — как по мне, ее нету, как ни крути настройки и бубны с танцами, толку почти нет, ну и следующее: «БУРГЕРЫ», которые просто что-то в фоне говорят, ибо микрофон у них по дефолту всегда говорить в голосовую связь без кнопки, но суть не в этом, русских почти нету, всегда закидывало куда-то в Пендосию. Сам режим операции мне не зашел, довольно нудно и куча ботов из-за режима легкости, для обычного нужен 12 уровень, а пока до него идешь, уже тошнота от ботов и самого режима, так же и реальные люди попадаются вместо ботов, но суть в том, что ты уже расслабляешь под такую игру, и когда реально чел выпрыгивает, уже как-то не особо реагируешь, в общем, не зашел режим. А вот режим сражения довольно активный и динамичный, правда, вот в этом и прикол, оптимизации не хватает, какие бы я настройки в игре или в той же ПК-системе не выкручивал, всё равно толку почти нет, а если и есть, то рябь да мыло, будто на мыло сделали резкость, учитывая карты, противники и так шкерятся, так и найти надо их, и так в пикселях, а тут у тебя х10 пиксели, в общем, игра всё ничего, но оптимизацию получше было бы шикарно. - P.S Решил добавить, когда ломаешь ногу у тебя помутнение в глазах, и ты ничего не видишь так как картинка раздваивается на 3D, так ты же ногу сломал? а не бошку :)",Steam玩家-128b80931199,不推荐,234790012,其他,负向,中,进入人工复核队列，补充上下文后再归因,,,,,,低,2,
DFF-001122,Steam,https://steamcommunity.com/app/2507950/reviews/?browsefilter=mostrecent,2026-09-15T05:10:52.261Z,2026-09-08T18:20:09.000Z,ru,♥♥♥♥♥,Steam玩家-7ab4c871bf79,推荐,234789189,正向反馈,正向,低,沉淀正向口碑素材，并同步研发团队,,,,,,中,1,
DFF-001123,Steam,https://steamcommunity.com/app/2507950/reviews/?browsefilter=mostrecent,2026-09-15T05:10:52.261Z,2026-09-08T18:19:19.000Z,en,200gb my ass,Steam玩家-032afc3d5fec,不推荐,234789129,性能与优化,负向,中,按设备与网络环境复现高频问题，优先修复阻塞型故障,,,,,主题命中：gb,中,2,主题命中：gb
DFF-001124,Steam,https://steamcommunity.com/app/2507950/reviews/?browsefilter=mostrecent,2026-09-15T05:10:52.261Z,2026-09-08T18:01:29.000Z,zh-Hant,best game ever,Steam玩家-412f63f0bf4b,推荐,234788018,正向反馈,正向,低,沉淀正向口碑素材，并同步研发团队,,,,,正向命中：best,中,1,正向命中：best
DFF-001125,Steam,https://steamcommunity.com/app/2507950/reviews/?browsefilter=mostrecent,2026-09-15T05:10:52.261Z,2026-09-08T18:01:17.000Z,zh-CN,煞笔游戏 煞笔玩家,Steam玩家-3ff0ffe9ba4e,不推荐,234788007,其他,负向,中,进入人工复核队列，补充上下文后再归因,,,,,,低,2,
DFF-001126,Steam,https://steamcommunity.com/app/2507950/reviews/?browsefilter=mostrecent,2026-09-15T05:10:52.261Z,2026-09-08T17:55:21.000Z,en,"SHOP MENU IS WEAK. Operator skins , exactly luna skins 0 bad verybad",Steam玩家-34e406f94145,不推荐,234787620,武器与干员平衡,负向,中,结合胜率与出场率评估武器和干员强度,,,,,主题命中：operator；负向命中：bad,中,2,主题命中：operator；负向命中：bad
DFF-001127,Steam,https://steamcommunity.com/app/2507950/reviews/?browsefilter=mostrecent,2026-09-15T05:10:52.261Z,2026-09-08T17:50:18.000Z,en,good,Steam玩家-694c77f0e90e,推荐,234787323,正向反馈,正向,低,沉淀正向口碑素材，并同步研发团队,,,,,正向命中：good,中,1,正向命中：good
DFF-001128,Steam,https://steamcommunity.com/app/2507950/reviews/?browsefilter=mostrecent,2026-09-15T05:10:52.261Z,2026-09-08T17:20:21.000Z,it,"Per essere un gioco FTP è davvero un giocone! Sia che si voglia giocare la modalità Warfare, che al momento da dei punti a titoli AAA... sia che si voglia giocare Operations, è un gioco che sarebbe un peccato non giocare. Il gioco non ha una curva di apprendimento semplicissima, anche se da principio sembrerebbe il contrario. Gestire le varie classi con le abilità caratteristiche e capire come interagiscono fra loro e come spostano l'assetto degli scontri è il focus del gioco. Io lo consiglio a tutti!!!",Steam玩家-40e4d93f7ace,推荐,234785490,正向反馈,正向,低,沉淀正向口碑素材，并同步研发团队,,,,,,中,1,
DFF-001129,Steam,https://steamcommunity.com/app/2507950/reviews/?browsefilter=mostrecent,2026-09-15T05:10:52.261Z,2026-09-08T17:15:19.000Z,tr,mükemmel...,Steam玩家-18b96b301e63,推荐,234785171,正向反馈,正向,低,沉淀正向口碑素材，并同步研发团队,,,,,正向命中：mükemmel,中,1,正向命中：mükemmel
DFF-001130,Steam,https://steamcommunity.com/app/2507950/reviews/?browsefilter=mostrecent,2026-09-15T05:10:52.261Z,2026-09-08T17:15:14.000Z,en,"Bom jogo. O modo extração nem tanto, mas o modo de warfare (tipo BF) é bem gostoso de jogar. Vale a brincadeira.",Steam玩家-3c4749e57f98,推荐,234785164,正向反馈,正向,低,沉淀正向口碑素材，并同步研发团队,,,,,正向命中：bom,中,1,正向命中：bom
DFF-001131,Steam,https://steamcommunity.com/app/2507950/reviews/?browsefilter=mostrecent,2026-09-15T05:10:52.261Z,2026-09-08T17:09:18.000Z,pl,fajna gra ale sa tez podejrzani gracze (cziterzy) co wyglada tak jakby patrzyli przez sciane,Steam玩家-2fd9f276f030,推荐,234784793,正向反馈,正向,低,沉淀正向口碑素材，并同步研发团队,,,,,,中,1,
DFF-001132,Steam,https://steamcommunity.com/app/2507950/reviews/?browsefilter=mostrecent,2026-09-15T05:10:52.261Z,2026-09-08T16:44:19.000Z,ru,Чудова гра))),Steam玩家-98ec5e49aa5b,推荐,234783258,正向反馈,正向,低,沉淀正向口碑素材，并同步研发团队,,,,,,中,1,
DFF-001133,Steam,https://steamcommunity.com/app/2507950/reviews/?browsefilter=mostrecent,2026-09-15T05:10:52.261Z,2026-09-08T16:32:06.000Z,tr,"Güncelleme yapan ellerinizi s*keyim, 32v32 oynadığımız oyun 1v1 insan 31v31 bot oldu. Botlarla oyun oynuyoruz",Steam玩家-3fb156491f06,不推荐,234782478,匹配与队友,负向,中,分析匹配池与单排体验，降低实力差距和摆烂影响,,,,,主题命中：bot,中,2,主题命中：bot
DFF-001134,Steam,https://steamcommunity.com/app/2507950/reviews/?browsefilter=mostrecent,2026-09-15T05:10:52.261Z,2026-09-08T16:19:28.000Z,zh-CN,臭SX，我第一次遇到不能充值的网络游戏，点充值按钮不跳付款界面，还限额。,Steam玩家-55204edcd2c4,推荐,234781673,付费与通行证,正向,低,沉淀正向口碑素材，并同步研发团队,,,,,主题命中：充值,中,1,主题命中：充值
DFF-001135,Steam,https://steamcommunity.com/app/2507950/reviews/?browsefilter=mostrecent,2026-09-15T05:10:52.261Z,2026-09-08T15:56:42.000Z,pt-BR,muito bom o jogo,Steam玩家-aa49159c4a7e,推荐,234780253,界面与操作体验,正向,低,沉淀正向口碑素材，并同步研发团队,,,,,主题命中：ui；正向命中：bom,中,1,主题命中：ui；正向命中：bom
DFF-001136,Steam,https://steamcommunity.com/app/2507950/reviews/?browsefilter=mostrecent,2026-09-15T05:10:52.261Z,2026-09-08T15:54:23.000Z,ru,Отличный шутан,Steam玩家-3731d4c082fa,推荐,234780105,正向反馈,正向,低,沉淀正向口碑素材，并同步研发团队,,,,,,中,1,
DFF-001137,Steam,https://steamcommunity.com/app/2507950/reviews/?browsefilter=mostrecent,2026-09-15T05:10:52.261Z,2026-09-08T15:46:12.000Z,zh-CN,玩了快400小时没有非洲之心，搞我呢,Steam玩家-e10d5bff0ae1,不推荐,234779558,搜打撤与经济,负向,中,复核爆率、物价与撤离收益曲线，评估经济回收节奏,,,,,主题命中：非洲之心,中,2,主题命中：非洲之心
DFF-001138,Steam,https://steamcommunity.com/app/2507950/reviews/?browsefilter=mostrecent,2026-09-15T05:10:52.261Z,2026-09-08T15:44:01.000Z,zh-CN,玩着玩着就闪退,Steam玩家-074dd1e92e3c,不推荐,234779406,性能与优化,负向,严重,立即跟进：按设备与网络环境复现高频问题，优先修复阻塞型故障,,,,,主题命中：闪退；严重度命中：闪退,中,4,主题命中：闪退；严重度命中：闪退
DFF-001139,TapTap,https://www.taptap.cn/app/330259/review,2026-09-15T05:10:52.261Z,2026-09-08T15:40:31.000Z,zh-CN,都挺好的，就是端游一把游戏闪退三回，30分钟一局，有15分钟在重连[表情_开心],TapTap玩家-7e5fb8c7682c,1,50358722,性能与优化,负向,严重,立即跟进：按设备与网络环境复现高频问题，优先修复阻塞型故障,,,,,主题命中：闪退；严重度命中：闪退,中,4,主题命中：闪退；严重度命中：闪退
DFF-001140,Steam,https://steamcommunity.com/app/2507950/reviews/?browsefilter=mostrecent,2026-09-15T05:10:52.261Z,2026-09-08T15:35:50.000Z,en,"The game itself is okay, but the gameplay and overall experience are honestly very disappointing. I have played this game for around 4,500 hours, and despite putting that much time into it, I still haven’t found some of the rare red items. Meanwhile, I regularly see players with brand-new accounts getting these items almost immediately. At some point, you have to question how the loot system actually works. The ranked system is another major problem. The matchmaking feels completely unfair. You can end up playing against players with significantly higher ranks and much better gear, with very little sense of balanced matchmaking. It makes ranked games feel less about skill and more about who has the better gear or progression. Cheaters are also a serious issue. They seem to be present constantly, and in this game it feels like they are on another level. You report them, and you're supposed to get your gear back if action is taken, but in my experience, that rarely seems to happen. Losing gear because of a cheater and then not getting it back is incredibly frustrating. Then there is the in-game economy. Buying items and currency seems completely out of control. When you can spend £20 and get around 100 million in-game currency, it raises serious questions about the balance of the game and why this is allowed to have such an impact on gameplay. After spending 4,500 hours on this game, my honest opinion is that it simply isn't worth the time investment if you're trying to progress seriously. Maybe you can play the easier mode and just have some fun, but even there, you can end up facing highly ranked and heavily geared players, which makes it difficult to actually enjoy the game. I don't regret playing the game, but I do regret how much time I've invested into a system that often feels unfair. The game has potential, but the matchmaking, loot system, cheating, gear recovery, and in-game economy need serious attention.",Steam玩家-bd44dbe2e013,不推荐,234778898,匹配与队友,正向,低,沉淀正向口碑素材，并同步研发团队,,,,,主题命中：matchmaking、rank、ranked、players；正向命中：fun、enjoy,高,1,主题命中：matchmaking、rank、ranked、players；正向命中：fun、enjoy
DFF-001141,Steam,https://steamcommunity.com/app/2507950/reviews/?browsefilter=mostrecent,2026-09-15T05:10:52.261Z,2026-09-08T15:30:44.000Z,de,einfach gut,Steam玩家-b9fab0827195,推荐,234778579,正向反馈,正向,低,沉淀正向口碑素材，并同步研发团队,,,,,,中,1,
DFF-001142,Steam,https://steamcommunity.com/app/2507950/reviews/?browsefilter=mostrecent,2026-09-15T05:10:52.261Z,2026-09-08T15:21:01.000Z,de,"einfach das spielen statt z.b. bf6. ist kostenlos und dafür ist es mega, gerade was den content angeht",Steam玩家-a72ff0581101,推荐,234778040,正向反馈,正向,低,沉淀正向口碑素材，并同步研发团队,,,,,,中,1,
DFF-001143,Steam,https://steamcommunity.com/app/2507950/reviews/?browsefilter=mostrecent,2026-09-15T05:10:52.261Z,2026-09-08T15:09:57.000Z,pt-BR,Modo conquista a imersão é certa!,Steam玩家-7b8235c5f687,推荐,234777327,界面与操作体验,正向,低,沉淀正向口碑素材，并同步研发团队,,,,,主题命中：ui,中,1,主题命中：ui
DFF-001144,Steam,https://steamcommunity.com/app/2507950/reviews/?browsefilter=mostrecent,2026-09-15T05:10:52.261Z,2026-09-08T15:08:09.000Z,pt-BR,"bom, problema o tanto de atualização demorada",Steam玩家-75874be7deb0,推荐,234777225,正向反馈,正向,低,沉淀正向口碑素材，并同步研发团队,,,,,正向命中：bom,中,1,正向命中：bom
DFF-001145,Steam,https://steamcommunity.com/app/2507950/reviews/?browsefilter=mostrecent,2026-09-15T05:10:52.261Z,2026-09-08T15:08:04.000Z,pt-BR,bão pa peste,Steam玩家-3a4ccc6207f0,推荐,234777218,正向反馈,正向,低,沉淀正向口碑素材，并同步研发团队,,,,,,中,1,
DFF-001146,Steam,https://steamcommunity.com/app/2507950/reviews/?browsefilter=mostrecent,2026-09-15T05:10:52.261Z,2026-09-08T15:05:50.000Z,ru,Даже не знаю... Удалить игру что бы обновить... При этом не предупреждает что игра удалится. А если бы у меня был лимитированы пакет данных? 132гига это нифига себе копейки. Я прихожу после работы поиграть а не в ауте смотреть на экран загрузки! Пи***сы!,Steam玩家-7eb36d3c35e5,推荐,234777090,正向反馈,正向,低,沉淀正向口碑素材，并同步研发团队,,,,,,中,1,
DFF-001147,Steam,https://steamcommunity.com/app/2507950/reviews/?browsefilter=mostrecent,2026-09-15T05:10:52.261Z,2026-09-08T15:05:22.000Z,zh-CN,封禁的都是中文名字，没外挂玩不了游戏了？,Steam玩家-24970f2e0f5b,推荐,234777064,外挂与安全,负向,严重,立即跟进：优先排查反作弊链路，公开高频作弊类型处置进度,,,,,主题命中：外挂；负向命中：外挂、玩不了；严重度命中：玩不了,中,4,主题命中：外挂；负向命中：外挂、玩不了；严重度命中：玩不了
DFF-001148,Steam,https://steamcommunity.com/app/2507950/reviews/?browsefilter=mostrecent,2026-09-15T05:10:52.261Z,2026-09-08T15:02:22.000Z,en,"Amazing, one of the best games ever. Highly addictive",Steam玩家-754fa84c61ca,推荐,234776877,正向反馈,正向,低,沉淀正向口碑素材，并同步研发团队,正向反馈,正向,低,是,正向命中：best、amazing、addictive,中,1,正向命中：best、amazing、addictive
DFF-001149,Steam,https://steamcommunity.com/app/2507950/reviews/?browsefilter=mostrecent,2026-09-15T05:10:52.261Z,2026-09-08T14:55:47.000Z,en,good,Steam玩家-6d17200f4f02,推荐,234776467,正向反馈,正向,低,沉淀正向口碑素材，并同步研发团队,,,,,正向命中：good,中,1,正向命中：good
DFF-001150,Steam,https://steamcommunity.com/app/2507950/reviews/?browsefilter=mostrecent,2026-09-15T05:10:52.261Z,2026-09-08T14:52:53.000Z,zh-CN,搜打撤匹30分钟匹不到人，也不知道塞点AI，任务都做不了。真就非得把做任务的人匹一起，不做任务不给匹？这脑浆游戏快死了算了,Steam玩家-1b90b747918d,不推荐,234776279,搜打撤与经济,负向,中,复核爆率、物价与撤离收益曲线，评估经济回收节奏,,,,,主题命中：搜打撤,中,2,主题命中：搜打撤
DFF-001151,Steam,https://steamcommunity.com/app/2507950/reviews/?browsefilter=mostrecent,2026-09-15T05:10:52.261Z,2026-09-08T14:50:31.000Z,pt-BR,aumentou dIMAIIIIIS a memoria pra 200gb ta doido beixei ele por 86 gb ai do nd apareceu atualizaçao de 200 gb se ta doido jogo mais n,Steam玩家-15b9c11119bb,不推荐,234776142,性能与优化,负向,中,按设备与网络环境复现高频问题，优先修复阻塞型故障,,,,,主题命中：200 gb、gb,高,2,主题命中：200 gb、gb
DFF-001152,Steam,https://steamcommunity.com/app/2507950/reviews/?browsefilter=mostrecent,2026-09-15T05:10:52.261Z,2026-09-08T14:47:49.000Z,ru,Я РАЗРАБА МАТЬ В КИНО ВОДИЛ УБОГИЕ ДАУНЫ,Steam玩家-2c25db3da608,不推荐,234775984,其他,负向,中,进入人工复核队列，补充上下文后再归因,,,,,,低,2,
DFF-001153,Steam,https://steamcommunity.com/app/2507950/reviews/?browsefilter=mostrecent,2026-09-15T05:10:52.261Z,2026-09-08T14:30:33.000Z,th,ดีมากครับ,Steam玩家-9057d8834064,推荐,234774861,正向反馈,正向,低,沉淀正向口碑素材，并同步研发团队,,,,,,中,1,
DFF-001154,Steam,https://steamcommunity.com/app/2507950/reviews/?browsefilter=mostrecent,2026-09-15T05:10:52.261Z,2026-09-08T14:28:06.000Z,ko,정말 재밌습니다,Steam玩家-c17a7190cb48,推荐,234774713,正向反馈,正向,低,沉淀正向口碑素材，并同步研发团队,,,,,,中,1,
DFF-001155,Steam,https://steamcommunity.com/app/2507950/reviews/?browsefilter=mostrecent,2026-09-15T05:10:52.261Z,2026-09-08T14:25:33.000Z,de,"I am mainly playing Delta Force Operations and I am mostly having a good time. In the past I played EFT and ABI. EFT was to hard for me, ABI was already at a good sweet spot, but Delta Force Operations finally meets the sweet spot for the shooter extraction experience I like. The gunplay, item management and skills are perfect for me. The only real problem I am facing in a lot of matches is: I am playing alone. And I do really miss a solo queue. Its hard to play with randoms and if I try to go alone, I dont get far because I am mainly facing two or three man squads. So long story short: I do really like this game, but I would love to get something for the solo players.",Steam玩家-a13ac7432dce,推荐,234774577,匹配与队友,正向,低,沉淀正向口碑素材，并同步研发团队,,,,,主题命中：squad、players；正向命中：love、good,高,1,主题命中：squad、players；正向命中：love、good
DFF-001156,Steam,https://steamcommunity.com/app/2507950/reviews/?browsefilter=mostrecent,2026-09-15T05:10:52.261Z,2026-09-08T14:09:10.000Z,it,veramente gioco bello per essere gratis,Steam玩家-532706314f76,推荐,234773605,正向反馈,正向,低,沉淀正向口碑素材，并同步研发团队,,,,,,中,1,
DFF-001157,Steam,https://steamcommunity.com/app/2507950/reviews/?browsefilter=mostrecent,2026-09-15T05:10:52.261Z,2026-09-08T13:59:02.000Z,en,"Literally all the dev want is money, and they do not give a damn on cheaters, the whole experience is just join a game, look at the score board, and see their cheaters having hundreds of kills. Not worth playing, and don't get me started on the Tarkov mode, literally this game is unplayable.",Steam玩家-51508172be74,不推荐,234773009,外挂与安全,负向,严重,立即跟进：优先排查反作弊链路，公开高频作弊类型处置进度,,,,,主题命中：cheat、cheater；负向命中：unplayable；严重度命中：unplayable,高,4,主题命中：cheat、cheater；负向命中：unplayable；严重度命中：unplayable
DFF-001158,Steam,https://steamcommunity.com/app/2507950/reviews/?browsefilter=mostrecent,2026-09-15T05:10:52.261Z,2026-09-08T13:53:14.000Z,en,"I love this game, but why does every update require 100+ GB of space? It’s crazy 😵‍💫 This one game literally takes up the space of 2–3 games combined. Do you even want us to install other games, or do you just want us to play Delta Force only? XD Please do something about it!! Make the updates smaller! 😭",Steam玩家-483d13db5a1c,推荐,234772698,性能与优化,正向,低,沉淀正向口碑素材，并同步研发团队,,,,,主题命中：gb；正向命中：love,中,1,主题命中：gb；正向命中：love
DFF-001159,Steam,https://steamcommunity.com/app/2507950/reviews/?browsefilter=mostrecent,2026-09-15T05:10:52.261Z,2026-09-08T13:49:51.000Z,zh-CN,观察期把chmb给观察了,Steam玩家-801b564f6e9e,不推荐,234772513,客服与封禁,负向,高,高优先级：复核封禁与申诉工单，建立误封复查和响应时限,,,,,主题命中：观察期；负向命中：观察期,中,3,主题命中：观察期；负向命中：观察期
DFF-001160,Steam,https://steamcommunity.com/app/2507950/reviews/?browsefilter=mostrecent,2026-09-15T05:10:52.261Z,2026-09-08T13:45:06.000Z,zh-CN,玩了1200多个小时之后，我最终还是卸载了这款游戏。 账号先后被冻结了四次，每一次都是整整一天，客服却始终说不出任何明确的原因。第三次解封之后，我甚至连一局对战都没开，只是挂在大厅里待了几个小时，账号便再次被冻结。为了确认问题是不是出在账号本身，我中途换到了国际服，又另外注册了一个WeGame小号，两边都一切正常。每次联系人工客服或提交工单，回复都一致，没用任何具体原因。 游戏本该是用来寻找乐趣的。可当游玩本身开始变成一种持续的憋屈与不确定，它就已经背离了游戏的本意。回想起那一千两百多个小时的投入，以及相应的金钱，只剩下遗憾。信任被单方面打破之后，再难重建。 我不确定其他玩家会不会遇到同样的情况，但真心希望每一个人都能获得更稳定、更被尊重的游戏体验。至少，别再被“查不出原因”的冻结反复教育了。对我而言，这款游戏已经结束。,Steam玩家-c425ff64451a,不推荐,234772244,客服与封禁,负向,高,高优先级：复核封禁与申诉工单，建立误封复查和响应时限,,,,,主题命中：解封、客服、工单,高,3,主题命中：解封、客服、工单
DFF-001161,Steam,https://steamcommunity.com/app/2507950/reviews/?browsefilter=mostrecent,2026-09-15T05:10:52.261Z,2026-09-08T13:26:38.000Z,en,Its a ♥♥♥♥ for aiming and the operation and many of things play COD MW its completely better,Steam玩家-41974b5384ff,不推荐,234771219,其他,负向,中,进入人工复核队列，补充上下文后再归因,,,,,,低,2,
DFF-001162,Steam,https://steamcommunity.com/app/2507950/reviews/?browsefilter=mostrecent,2026-09-15T05:10:52.261Z,2026-09-08T13:15:44.000Z,ko,너무너무 재밌어요!! 핵만 없었으면 좋겠음 게임이 쉬원쉬원합니다.,Steam玩家-6ab5fe1a85e1,推荐,234770588,正向反馈,正向,低,沉淀正向口碑素材，并同步研发团队,,,,,,中,1,
DFF-001163,Steam,https://steamcommunity.com/app/2507950/reviews/?browsefilter=mostrecent,2026-09-15T05:10:52.261Z,2026-09-08T13:08:10.000Z,zh-Hant,垃圾策划运营,Steam玩家-71199247b168,不推荐,234770191,其他,负向,中,进入人工复核队列，补充上下文后再归因,,,,,负向命中：垃圾,低,2,负向命中：垃圾
DFF-001164,Steam,https://steamcommunity.com/app/2507950/reviews/?browsefilter=mostrecent,2026-09-15T05:10:52.261Z,2026-09-08T13:01:16.000Z,zh-CN,玩着玩着，被封了 咋回事？ 我没开挂,Steam玩家-9d2148f7c010,不推荐,234769845,外挂与安全,负向,高,高优先级：优先排查反作弊链路，公开高频作弊类型处置进度,,,,,主题命中：开挂,中,3,主题命中：开挂
DFF-001165,Steam,https://steamcommunity.com/app/2507950/reviews/?browsefilter=mostrecent,2026-09-15T05:10:52.261Z,2026-09-08T12:59:35.000Z,ru,Хорошая игра,Steam玩家-f6254c04e6e0,推荐,234769756,正向反馈,正向,低,沉淀正向口碑素材，并同步研发团队,,,,,,中,1,
DFF-001166,Steam,https://steamcommunity.com/app/2507950/reviews/?browsefilter=mostrecent,2026-09-15T05:10:52.261Z,2026-09-08T12:38:29.000Z,en,"the game itself is highly recommendable but the players are a different story because the game is full of xmen (cheaters). Altho i must say , huge respect to the game dev's security team ! they're the most dedicated ones i ever seen. they just did a crackdown rain on a cheating ring syndicate so there is that",Steam玩家-e91e273ce623,推荐,234768682,外挂与安全,正向,高,高优先级：优先排查反作弊链路，公开高频作弊类型处置进度,,,,,主题命中：cheat、cheater、esp；正向命中：recommend,高,3,主题命中：cheat、cheater、esp；正向命中：recommend
DFF-001167,TapTap,https://www.taptap.cn/app/330259/review,2026-09-15T05:10:52.261Z,2026-09-08T12:31:07.000Z,zh-CN,AWM跳狙限制实装之后，不用再时刻提防空中飞来的瞬狙。对枪环境回归到拼站位和预瞄的轨道上↑,TapTap玩家-65c86743c1cc,5,50357014,正向反馈,正向,低,沉淀正向口碑素材，并同步研发团队,,,,,,中,1,
DFF-001168,Steam,https://steamcommunity.com/app/2507950/reviews/?browsefilter=mostrecent,2026-09-15T05:10:52.261Z,2026-09-08T12:29:10.000Z,zh-CN,一更新就一堆问题,Steam玩家-c4abfd39a957,不推荐,234768230,其他,负向,中,进入人工复核队列，补充上下文后再归因,,,,,,低,2,
DFF-001169,Steam,https://steamcommunity.com/app/2507950/reviews/?browsefilter=mostrecent,2026-09-15T05:10:52.261Z,2026-09-08T12:29:03.000Z,en,104gb update wtaf criminal not have this game take up my strorage,Steam玩家-3bc7f0ed4f02,不推荐,234768225,性能与优化,负向,中,按设备与网络环境复现高频问题，优先修复阻塞型故障,,,,,主题命中：gb update、gb,高,2,主题命中：gb update、gb
DFF-001170,Steam,https://steamcommunity.com/app/2507950/reviews/?browsefilter=mostrecent,2026-09-15T05:10:52.261Z,2026-09-08T12:27:33.000Z,en,full of cheaters,Steam玩家-0c7801afab6f,不推荐,234768156,外挂与安全,负向,高,高优先级：优先排查反作弊链路，公开高频作弊类型处置进度,,,,,主题命中：cheat、cheater,高,3,主题命中：cheat、cheater
DFF-001171,Steam,https://steamcommunity.com/app/2507950/reviews/?browsefilter=mostrecent,2026-09-15T05:10:52.261Z,2026-09-08T12:24:57.000Z,pt-BR,"esse jogo toma muito espaço no pc, quando vc entra para jogar quase não acha partida e quando acha vc claramente cai contra cara usando programa, mais de 200 gigas para cair sempre no mesmo mapa tento varios mapas, eu fico me perguntando para quer tanto mapa se eu só caio em 3. jogo tem muito erros. não vale a pena tanto gigas para esse jogo.",Steam玩家-fecb2fda52ee,不推荐,234768012,外挂与安全,负向,高,高优先级：优先排查反作弊链路，公开高频作弊类型处置进度,,,,,主题命中：esp,中,3,主题命中：esp
DFF-001172,TapTap,https://www.taptap.cn/app/330259/review,2026-09-15T05:10:52.261Z,2026-09-08T12:07:34.000Z,zh-CN,移动端新版本画面渲染做了微调，调低画质之后，画面观感没有明显降级，帧率却稳了一大截,TapTap玩家-f4b4e6bf34f2,5,50356822,性能与优化,正向,低,沉淀正向口碑素材，并同步研发团队,,,,,主题命中：帧率,中,1,主题命中：帧率
DFF-001173,Steam,https://steamcommunity.com/app/2507950/reviews/?browsefilter=mostrecent,2026-09-15T05:10:52.261Z,2026-09-08T12:07:03.000Z,zh-CN,总是闪退，什么玩意，优化一塌糊涂,Steam玩家-dbd164b1a377,不推荐,234767169,性能与优化,负向,严重,立即跟进：按设备与网络环境复现高频问题，优先修复阻塞型故障,,,,,主题命中：优化、闪退；严重度命中：闪退,高,4,主题命中：优化、闪退；严重度命中：闪退
DFF-001174,Steam,https://steamcommunity.com/app/2507950/reviews/?browsefilter=mostrecent,2026-09-15T05:10:52.261Z,2026-09-08T12:01:30.000Z,zh-CN,蒸蒸日上,Steam玩家-65be868cd2e2,推荐,234766914,正向反馈,正向,低,沉淀正向口碑素材，并同步研发团队,,,,,,中,1,
DFF-001175,Steam,https://steamcommunity.com/app/2507950/reviews/?browsefilter=mostrecent,2026-09-15T05:10:52.261Z,2026-09-08T11:52:16.000Z,en,good but I hate nox,Steam玩家-ee4cb517331a,推荐,234766490,其他,混合,低,进入人工复核队列，补充上下文后再归因,,,,,正向命中：good；负向命中：hate,低,1,正向命中：good；负向命中：hate
DFF-001176,Steam,https://steamcommunity.com/app/2507950/reviews/?browsefilter=mostrecent,2026-09-15T05:10:52.261Z,2026-09-08T11:37:45.000Z,en,"Only thing i don't like about delta force is the cheaters , espacially on operations they kill you through walls making you lose all your loot",Steam玩家-916e023971f9,推荐,234765887,外挂与安全,正向,高,高优先级：优先排查反作弊链路，公开高频作弊类型处置进度,,,,,主题命中：cheat、cheater、esp,高,3,主题命中：cheat、cheater、esp
DFF-001177,Steam,https://steamcommunity.com/app/2507950/reviews/?browsefilter=mostrecent,2026-09-15T05:10:52.261Z,2026-09-08T11:35:17.000Z,ru,"Игра для полных дегроидов, мне подходит :)",Steam玩家-ed40c828dc65,推荐,234765784,正向反馈,正向,低,沉淀正向口碑素材，并同步研发团队,,,,,,中,1,
DFF-001178,Steam,https://steamcommunity.com/app/2507950/reviews/?browsefilter=mostrecent,2026-09-15T05:10:52.261Z,2026-09-08T11:26:23.000Z,en,"Something for everyone, preference, game modes and playstyle.",Steam玩家-9e7e8011fb06,推荐,234765367,地图与模式,正向,低,沉淀正向口碑素材，并同步研发团队,,,,,主题命中：mode,中,1,主题命中：mode
DFF-001179,Steam,https://steamcommunity.com/app/2507950/reviews/?browsefilter=mostrecent,2026-09-15T05:10:52.261Z,2026-09-08T11:21:47.000Z,en,The optimization on this game is hella shiete now. you are basically a beta cuck sitting watching your game load while your enemy is killing and capturing every point on the game. even EA can manage optimization than this haul ass game.,Steam玩家-038223ae08f6,不推荐,234765145,性能与优化,负向,中,按设备与网络环境复现高频问题，优先修复阻塞型故障,性能与优化,负向,高,否,主题命中：optimization,中,2,主题命中：optimization
DFF-001180,Steam,https://steamcommunity.com/app/2507950/reviews/?browsefilter=mostrecent,2026-09-15T05:10:52.261Z,2026-09-08T11:06:22.000Z,en,Overall this is a great game and has many great qualities that make it as such. It is a great shooter that can compete with most modern titles like R6 and Fortnite. However it is a bunch of storage and my pc just cant handle it. But overall I would recommend this game to everyone.,Steam玩家-19bb2236f6d8,推荐,234764537,地图与模式,正向,低,沉淀正向口碑素材，并同步研发团队,,,,,主题命中：mode；正向命中：recommend、great,中,1,主题命中：mode；正向命中：recommend、great
DFF-001181,Steam,https://steamcommunity.com/app/2507950/reviews/?browsefilter=mostrecent,2026-09-15T05:10:52.261Z,2026-09-08T10:46:57.000Z,tr,oyun beni deli etti sistem gereksinimlerini karşılamama rağmen oyunda 40 fps yukarı alamıyorum her 10 saniyede fps drop yiyorum madem sistem gereksiniminiz rtx 4050 amd ryzen 5 7535HS 16 gb ram karşılamıyor düzeltin oynamak istiyorsunuz oyun çok güzel tabi rahat oynayabilirseniz. (NOT: Oyundaki her ayar düşükte ve bilgiyarda oyun için optimize edildiği halde böyle oyun.),Steam玩家-313548b1e04e,不推荐,234763788,性能与优化,负向,中,按设备与网络环境复现高频问题，优先修复阻塞型故障,,,,,主题命中：optimize、gb；正向命中：güzel,高,2,主题命中：optimize、gb；正向命中：güzel
DFF-001182,Steam,https://steamcommunity.com/app/2507950/reviews/?browsefilter=mostrecent,2026-09-15T05:10:52.261Z,2026-09-08T10:39:34.000Z,pt-BR,"Bucador de partidas simulator kkkkkk sempre 63/64 Quando finalmente acha uma, ate que o jogo é bom",Steam玩家-6d2aa8449c77,推荐,234763477,正向反馈,正向,低,沉淀正向口碑素材，并同步研发团队,,,,,正向命中：bom,中,1,正向命中：bom
DFF-001183,Steam,https://steamcommunity.com/app/2507950/reviews/?browsefilter=mostrecent,2026-09-15T05:10:52.261Z,2026-09-08T10:38:56.000Z,en,"Lots of people cheating. Nothing like starting a game as a solo, and having 2 teams of 3 descend upon you immediately with pin point accuracy.",Steam玩家-e33af25092f0,不推荐,234763446,外挂与安全,负向,高,高优先级：优先排查反作弊链路，公开高频作弊类型处置进度,,,,,主题命中：cheat,中,3,主题命中：cheat
DFF-001184,Steam,https://steamcommunity.com/app/2507950/reviews/?browsefilter=mostrecent,2026-09-15T05:10:52.261Z,2026-09-08T10:33:49.000Z,en,mandatory to put your credit card into the game which is owned by tencent to play.,Steam玩家-76e1bf14ea2a,不推荐,234763232,其他,负向,中,进入人工复核队列，补充上下文后再归因,,,,,,低,2,
DFF-001185,Steam,https://steamcommunity.com/app/2507950/reviews/?browsefilter=mostrecent,2026-09-15T05:10:52.261Z,2026-09-08T10:25:25.000Z,en,nice,Steam玩家-06b3bee09bea,推荐,234762901,正向反馈,正向,低,沉淀正向口碑素材，并同步研发团队,,,,,正向命中：nice,中,1,正向命中：nice
DFF-001186,Steam,https://steamcommunity.com/app/2507950/reviews/?browsefilter=mostrecent,2026-09-15T05:10:52.261Z,2026-09-08T09:50:54.000Z,fr,"Très bon FPS sans devoir débourser quoi que ce soit, mais peut être très gourmand en termes de ressources, donc faut avoir un bon PC",Steam玩家-19967232d788,推荐,234761608,正向反馈,正向,低,沉淀正向口碑素材，并同步研发团队,,,,,,中,1,
DFF-001187,Steam,https://steamcommunity.com/app/2507950/reviews/?browsefilter=mostrecent,2026-09-15T05:10:52.261Z,2026-09-08T09:49:55.000Z,ko,이 게임은 1시간 한거 같은데 4시간이 지나있다. 다른 사람들도 조심하라,Steam玩家-2584a1ed27f4,推荐,234761576,正向反馈,正向,低,沉淀正向口碑素材，并同步研发团队,,,,,,中,1,
DFF-001188,Steam,https://steamcommunity.com/app/2507950/reviews/?browsefilter=mostrecent,2026-09-15T05:10:52.261Z,2026-09-08T09:45:45.000Z,zh-CN,这是我玩过最烂的游戏。,Steam玩家-c3c9da9202b2,不推荐,234761425,其他,负向,中,进入人工复核队列，补充上下文后再归因,,,,,负向命中：烂,低,2,负向命中：烂
DFF-001189,Steam,https://steamcommunity.com/app/2507950/reviews/?browsefilter=mostrecent,2026-09-15T05:10:52.261Z,2026-09-08T09:45:36.000Z,en,file is too big for every update and the attack end defense have only a few maps,Steam玩家-7e2dd45f8f2c,推荐,234761420,地图与模式,正向,低,沉淀正向口碑素材，并同步研发团队,,,,,主题命中：map,中,1,主题命中：map
DFF-001190,Steam,https://steamcommunity.com/app/2507950/reviews/?browsefilter=mostrecent,2026-09-15T05:10:52.261Z,2026-09-08T09:40:44.000Z,tr,"Oyunda doğar doğmaz ölebiliyorsunuz, maalesef çok kaotik ve alışılmadık düzeyde bir hıza sahip. Bu yönüyle zaman zaman ne ara öldüm dedirtebiliyor size. Ayrıca güncelleme boyutları da çok fazla. Bugün gelen güncelleme 90 GB boyutunda. Oyun şu anki haliyle 200 GB'lık yer kaplıyor diyebiliriz.",Steam玩家-dd3f51f809a4,推荐,234761242,性能与优化,正向,低,沉淀正向口碑素材，并同步研发团队,,,,,主题命中：200 gb、bug、gb,高,1,主题命中：200 gb、bug、gb
DFF-001191,Steam,https://steamcommunity.com/app/2507950/reviews/?browsefilter=mostrecent,2026-09-15T05:10:52.261Z,2026-09-08T09:39:10.000Z,zh-CN,腾讯，你的口碑一如既往啊,Steam玩家-d4fc99899018,不推荐,234761181,其他,负向,中,进入人工复核队列，补充上下文后再归因,,,,,,低,2,
DFF-001192,Steam,https://steamcommunity.com/app/2507950/reviews/?browsefilter=mostrecent,2026-09-15T05:10:52.261Z,2026-09-08T09:36:39.000Z,ru,нормально,Steam玩家-0759b93c1bb4,推荐,234761091,正向反馈,正向,低,沉淀正向口碑素材，并同步研发团队,,,,,,中,1,
DFF-001193,Steam,https://steamcommunity.com/app/2507950/reviews/?browsefilter=mostrecent,2026-09-15T05:10:52.261Z,2026-09-08T09:24:56.000Z,en,"wtf, 200 GB of total storage used? nahhh this ain't a chinese version of COD right? right??",Steam玩家-2458c2a5bad2,不推荐,234760689,性能与优化,负向,中,按设备与网络环境复现高频问题，优先修复阻塞型故障,,,,,主题命中：200 gb、gb,高,2,主题命中：200 gb、gb
DFF-001194,Steam,https://steamcommunity.com/app/2507950/reviews/?browsefilter=mostrecent,2026-09-15T05:10:52.261Z,2026-09-08T09:12:57.000Z,zh-CN,好玩到爆啊！！！！！！,Steam玩家-9b0710df4a51,推荐,234760264,正向反馈,正向,低,沉淀正向口碑素材，并同步研发团队,,,,,正向命中：好玩,中,1,正向命中：好玩
DFF-001195,Steam,https://steamcommunity.com/app/2507950/reviews/?browsefilter=mostrecent,2026-09-15T05:10:52.261Z,2026-09-08T08:44:28.000Z,romanian,Atractiv,Steam玩家-67ab8d44dec4,推荐,234759277,正向反馈,正向,低,沉淀正向口碑素材，并同步研发团队,,,,,,中,1,
DFF-001196,Steam,https://steamcommunity.com/app/2507950/reviews/?browsefilter=mostrecent,2026-09-15T05:10:52.261Z,2026-09-08T08:24:34.000Z,zh-CN,讲个笑话，一款搜打撤游戏，搜不出打不爽撤不掉，搜撤会被骂，打撤会被骂，搜打撤还会被骂。某些女表子生的杂禾中玩家里规矩立得比它们老冯的牌坊都多。,Steam玩家-b78545481ae0,不推荐,234758643,搜打撤与经济,负向,中,复核爆率、物价与撤离收益曲线，评估经济回收节奏,,,,,主题命中：搜打撤；正向命中：爽,中,2,主题命中：搜打撤；正向命中：爽
DFF-001197,Steam,https://steamcommunity.com/app/2507950/reviews/?browsefilter=mostrecent,2026-09-15T05:10:52.261Z,2026-09-08T08:10:32.000Z,ru,Я в восторге! Давно искал шутер и нашел,Steam玩家-80405c5d8a8c,推荐,234758111,正向反馈,正向,低,沉淀正向口碑素材，并同步研发团队,,,,,,中,1,
DFF-001198,Steam,https://steamcommunity.com/app/2507950/reviews/?browsefilter=mostrecent,2026-09-15T05:10:52.261Z,2026-09-08T08:09:43.000Z,en,good game,Steam玩家-53cd036405e2,推荐,234758084,正向反馈,正向,低,沉淀正向口碑素材，并同步研发团队,,,,,正向命中：good,中,1,正向命中：good
DFF-001199,Steam,https://steamcommunity.com/app/2507950/reviews/?browsefilter=mostrecent,2026-09-15T05:10:52.261Z,2026-09-08T08:01:52.000Z,zh-CN,到现在没出心，炫彩都出好几个了,Steam玩家-3387a1f1918a,推荐,234757834,正向反馈,正向,低,沉淀正向口碑素材，并同步研发团队,,,,,,中,1,
DFF-001200,Steam,https://steamcommunity.com/app/2507950/reviews/?browsefilter=mostrecent,2026-09-15T05:10:52.261Z,2026-09-08T07:57:52.000Z,th,200+gb? Good luck.,Steam玩家-7f8af212be81,不推荐,234757709,性能与优化,负向,中,按设备与网络环境复现高频问题，优先修复阻塞型故障,,,,,主题命中：gb；正向命中：good,中,2,主题命中：gb；正向命中：good
DFF-001201,Steam,https://steamcommunity.com/app/2507950/reviews/?browsefilter=mostrecent,2026-09-15T05:10:52.261Z,2026-09-08T07:51:46.000Z,en,good ish game has issues but all games do,Steam玩家-338a7451eeed,推荐,234757524,正向反馈,正向,低,沉淀正向口碑素材，并同步研发团队,,,,,正向命中：good,中,1,正向命中：good
DFF-001202,Steam,https://steamcommunity.com/app/2507950/reviews/?browsefilter=mostrecent,2026-09-15T05:10:52.261Z,2026-09-08T07:41:49.000Z,ru,прикольная игра просто нужно терпение чтоб в ней разабраза и тогда и гра попрёт в прочем как и вовсех играх,Steam玩家-717ec224672a,推荐,234757190,正向反馈,正向,低,沉淀正向口碑素材，并同步研发团队,,,,,,中,1,
DFF-001203,Steam,https://steamcommunity.com/app/2507950/reviews/?browsefilter=mostrecent,2026-09-15T05:10:52.261Z,2026-09-08T07:37:06.000Z,th,good,Steam玩家-459e10fba362,推荐,234757030,正向反馈,正向,低,沉淀正向口碑素材，并同步研发团队,,,,,正向命中：good,中,1,正向命中：good
DFF-001204,Steam,https://steamcommunity.com/app/2507950/reviews/?browsefilter=mostrecent,2026-09-15T05:10:52.261Z,2026-09-08T07:25:20.000Z,ru,Игра супер,Steam玩家-2d4ecf4c83ab,推荐,234756624,正向反馈,正向,低,沉淀正向口碑素材，并同步研发团队,,,,,,中,1,
DFF-001205,Steam,https://steamcommunity.com/app/2507950/reviews/?browsefilter=mostrecent,2026-09-15T05:10:52.261Z,2026-09-08T07:19:33.000Z,ko,무료로 이만한게임 없음,Steam玩家-1468d046abec,推荐,234756459,正向反馈,正向,低,沉淀正向口碑素材，并同步研发团队,,,,,,中,1,
DFF-001206,Steam,https://steamcommunity.com/app/2507950/reviews/?browsefilter=mostrecent,2026-09-15T05:10:52.261Z,2026-09-08T07:06:07.000Z,en,"Do not play if you have an easy addiction to things, SBMM/EOMM are way too heavy, meta are weird and ♥♥♥♥♥♥ in ways that annoy you, optimisation of the game is not as well as what other UE4/UE5 engine based game will do.",Steam玩家-eca40a120284,不推荐,234756040,其他,负向,中,进入人工复核队列，补充上下文后再归因,,,,,,低,2,
DFF-001207,Steam,https://steamcommunity.com/app/2507950/reviews/?browsefilter=mostrecent,2026-09-15T05:10:52.261Z,2026-09-08T06:51:09.000Z,ko,good,Steam玩家-e3e82c773cc0,推荐,234755587,正向反馈,正向,低,沉淀正向口碑素材，并同步研发团队,,,,,正向命中：good,中,1,正向命中：good
DFF-001208,Steam,https://steamcommunity.com/app/2507950/reviews/?browsefilter=mostrecent,2026-09-15T05:10:52.261Z,2026-09-08T06:46:08.000Z,en,better than pubg but same issue have cheaters,Steam玩家-d5213f7e456f,推荐,234755429,外挂与安全,正向,高,高优先级：优先排查反作弊链路，公开高频作弊类型处置进度,外挂与安全,混合,高,否,主题命中：cheat、cheater,高,3,主题命中：cheat、cheater
DFF-001209,Steam,https://steamcommunity.com/app/2507950/reviews/?browsefilter=mostrecent,2026-09-15T05:10:52.261Z,2026-09-08T06:33:10.000Z,zh-CN,抄都抄不明白。,Steam玩家-55864b4ee4d1,不推荐,234755004,其他,负向,中,进入人工复核队列，补充上下文后再归因,,,,,,低,2,
DFF-001210,Steam,https://steamcommunity.com/app/2507950/reviews/?browsefilter=mostrecent,2026-09-15T05:10:52.261Z,2026-09-08T06:20:49.000Z,fr,extract shooter + arcade c la frappe,Steam玩家-b91c0df6d024,推荐,234754601,正向反馈,正向,低,沉淀正向口碑素材，并同步研发团队,,,,,,中,1,
DFF-001211,Steam,https://steamcommunity.com/app/2507950/reviews/?browsefilter=mostrecent,2026-09-15T05:10:52.261Z,2026-09-08T06:19:43.000Z,ko,비콘 전면전 둘다 재밌습니다 아직 200시간밖에 안했는데 해본 fps 게임중에서는 젤 재밌네요,Steam玩家-add268ef9964,推荐,234754567,正向反馈,正向,低,沉淀正向口碑素材，并同步研发团队,,,,,,中,1,
DFF-001212,Steam,https://steamcommunity.com/app/2507950/reviews/?browsefilter=mostrecent,2026-09-15T05:10:52.261Z,2026-09-08T06:07:17.000Z,zh-CN,我表示蓝室太多蜘蛛了太吓人了,Steam玩家-6ac2071fa2b8,不推荐,234754165,其他,负向,中,进入人工复核队列，补充上下文后再归因,,,,,,低,2,
DFF-001213,Steam,https://steamcommunity.com/app/2507950/reviews/?browsefilter=mostrecent,2026-09-15T05:10:52.261Z,2026-09-08T06:06:56.000Z,pt-BR,TIRANDO BOT O JOGO E BAO,Steam玩家-a074e688499e,推荐,234754152,匹配与队友,正向,低,沉淀正向口碑素材，并同步研发团队,,,,,主题命中：bot,中,1,主题命中：bot
DFF-001214,Steam,https://steamcommunity.com/app/2507950/reviews/?browsefilter=mostrecent,2026-09-15T05:10:52.261Z,2026-09-08T05:57:17.000Z,zh-CN,大石一坨,Steam玩家-ecb2c4da278b,不推荐,234753821,其他,负向,中,进入人工复核队列，补充上下文后再归因,,,,,负向命中：一坨,低,2,负向命中：一坨
DFF-001215,Steam,https://steamcommunity.com/app/2507950/reviews/?browsefilter=mostrecent,2026-09-15T05:10:52.261Z,2026-09-08T05:46:31.000Z,en,TRY IT,Steam玩家-f5cfed0534fe,推荐,234753488,正向反馈,正向,低,沉淀正向口碑素材，并同步研发团队,,,,,,中,1,
DFF-001216,Steam,https://steamcommunity.com/app/2507950/reviews/?browsefilter=mostrecent,2026-09-15T05:10:52.261Z,2026-09-08T05:45:00.000Z,en,Excellent game. I played both the chinese version and the steam version. But the thing is the Oceanie server barely has anyone in it for both warfare and the normal run. Could the devs do something about this because spending 10min waiting for a game is really demotivating.,Steam玩家-f50b2941dec0,推荐,234753440,匹配与队友,正向,低,沉淀正向口碑素材，并同步研发团队,,,,,主题命中：bot、team；正向命中：excellent,高,1,主题命中：bot、team；正向命中：excellent
DFF-001217,Steam,https://steamcommunity.com/app/2507950/reviews/?browsefilter=mostrecent,2026-09-15T05:10:52.261Z,2026-09-08T05:43:47.000Z,pl,Every new patch Cost me like 79 gb this is so stupid ... rrly im done after 10 sesons playing this game to day im done .... even in helldivers to devs put this whole stuff down to let people with lower pc play ...,Steam玩家-7c4d3bf5de34,不推荐,234753404,性能与优化,负向,中,按设备与网络环境复现高频问题，优先修复阻塞型故障,,,,,主题命中：gb,中,2,主题命中：gb
DFF-001218,Steam,https://steamcommunity.com/app/2507950/reviews/?browsefilter=mostrecent,2026-09-15T05:10:52.261Z,2026-09-08T05:41:27.000Z,zh-CN,当了一辈子绿玩，第一次被封号垃圾游戏,Steam玩家-0792546fcc81,不推荐,234753338,客服与封禁,负向,高,高优先级：复核封禁与申诉工单，建立误封复查和响应时限,,,,,主题命中：封号；负向命中：垃圾、封号,中,3,主题命中：封号；负向命中：垃圾、封号
DFF-001219,Steam,https://steamcommunity.com/app/2507950/reviews/?browsefilter=mostrecent,2026-09-15T05:10:52.261Z,2026-09-08T05:20:01.000Z,es-419,excelente,Steam玩家-b7b84264fd02,推荐,234752676,正向反馈,正向,低,沉淀正向口碑素材，并同步研发团队,,,,,,中,1,
DFF-001220,Steam,https://steamcommunity.com/app/2507950/reviews/?browsefilter=mostrecent,2026-09-15T05:10:52.261Z,2026-09-08T05:12:47.000Z,en,I do like this game however ranked has a bunch of sweaty chinese kids and I'm only wasian that only gives me half of the skill they possess I would like to have you guys implement race based matchmaking,Steam玩家-cdad6f02769c,推荐,234752413,匹配与队友,正向,低,沉淀正向口碑素材，并同步研发团队,,,,,主题命中：matchmaking、rank、ranked,高,1,主题命中：matchmaking、rank、ranked
DFF-001221,Steam,https://steamcommunity.com/app/2507950/reviews/?browsefilter=mostrecent,2026-09-15T05:10:52.261Z,2026-09-08T05:08:33.000Z,es,"En sintesis, es un battlefield gratuito muy entretenido, a claro, tambien tiene un modo Extraccion, que tambien esta entretenido, no tanto como el modo con guerra, pero la opcion, ahi esta xP",Steam玩家-1b25b11899b5,推荐,234752255,界面与操作体验,正向,低,沉淀正向口碑素材，并同步研发团队,,,,,主题命中：ui,中,1,主题命中：ui
DFF-001222,Steam,https://steamcommunity.com/app/2507950/reviews/?browsefilter=mostrecent,2026-09-15T05:10:52.261Z,2026-09-08T04:42:16.000Z,pt-BR,ótimo game e ainda de graça ..recomendo a todos que gostam desse estilo,Steam玩家-3ba8e26c62aa,推荐,234751245,正向反馈,正向,低,沉淀正向口碑素材，并同步研发团队,,,,,,中,1,
DFF-001223,Steam,https://steamcommunity.com/app/2507950/reviews/?browsefilter=mostrecent,2026-09-15T05:10:52.261Z,2026-09-08T04:35:32.000Z,en,its free and fun i guess,Steam玩家-bef6ef807a47,推荐,234751017,正向反馈,正向,低,沉淀正向口碑素材，并同步研发团队,,,,,正向命中：fun,中,1,正向命中：fun
DFF-001224,Steam,https://steamcommunity.com/app/2507950/reviews/?browsefilter=mostrecent,2026-09-15T05:10:52.261Z,2026-09-08T04:34:16.000Z,en,sadwqwe1,Steam玩家-acb8ccc5564c,推荐,234750959,正向反馈,正向,低,沉淀正向口碑素材，并同步研发团队,,,,,,中,1,
DFF-001225,Steam,https://steamcommunity.com/app/2507950/reviews/?browsefilter=mostrecent,2026-09-15T05:10:52.261Z,2026-09-08T04:28:55.000Z,en,"Super Awesome gameplay with varying types of matches on both Modes. From 32v32 to 3v3v3, ware fare to operations. You chose how you want to play. Loot run or pvp run.? or was it a Pillage and loot kind of day? Whatever your hearts Extraction Gameplay style's are your go to, Delta Force not only lets you Play it your way but it is def. dominating the field in Realism Extraction/battle Royal Gameplay! It even comes with a co-op campaign style where you play out the movie black hawk down, which has bad reviews not because of the gameplay quality, graphics, or anything else you might think... but because it is legit ""too hard"" and even with a good co-op team of 4 its a challenge,. Graphics are great, Funs skins, Anything you can buy with Delta coins (all non game impact type of stuff. This game is NOT PAY2WIN) You can actually get in game through Random Tasks and random loot events. So if your truly down for grind with no extra money to throw around your still not held back from getting the skins you want albeit through insane dedication. I guess the picture im trying to paint is this game does what other games do but better and it doesnt get nearly enough credit for doing it. Its Free. download it, give it a couple hrs of gameplay and i promise you wont be playing much else for a while!",Steam玩家-338319595c01,推荐,234750753,性能与优化,混合,高,高优先级：按设备与网络环境复现高频问题，优先修复阻塞型故障,,,,,主题命中：lag、download；正向命中：fun、awesome、good、great；负向命中：bad、hate,高,3,主题命中：lag、download；正向命中：fun、awesome、good、great；负向命中：bad、hate
DFF-001226,Steam,https://steamcommunity.com/app/2507950/reviews/?browsefilter=mostrecent,2026-09-15T05:10:52.261Z,2026-09-08T04:21:55.000Z,pt-BR,não entendi nada,Steam玩家-d9bf9ba2b27b,不推荐,234750517,其他,负向,中,进入人工复核队列，补充上下文后再归因,,,,,,低,2,
DFF-001227,Steam,https://steamcommunity.com/app/2507950/reviews/?browsefilter=mostrecent,2026-09-15T05:10:52.261Z,2026-09-08T04:15:59.000Z,en,awesome pretty realistic but sometimes has issues with loading stuff in the game but overall very fun and i highly recommend,Steam玩家-0811047478ca,推荐,234750321,性能与优化,正向,低,沉淀正向口碑素材，并同步研发团队,,,,,主题命中：loading；正向命中：fun、awesome、recommend,中,1,主题命中：loading；正向命中：fun、awesome、recommend
DFF-001228,Steam,https://steamcommunity.com/app/2507950/reviews/?browsefilter=mostrecent,2026-09-15T05:10:52.261Z,2026-09-08T03:49:35.000Z,en,has great maps and good grphics realistic play,Steam玩家-ef3fd427a9a0,推荐,234749331,地图与模式,正向,低,沉淀正向口碑素材，并同步研发团队,,,,,主题命中：map；正向命中：good、great,中,1,主题命中：map；正向命中：good、great
DFF-001229,Steam,https://steamcommunity.com/app/2507950/reviews/?browsefilter=mostrecent,2026-09-15T05:10:52.261Z,2026-09-08T03:49:15.000Z,pt-BR,jogo virou um lixo depois da atualizaçao partidas 5 minutos de carregamento,Steam玩家-f4323a196457,不推荐,234749319,其他,负向,中,进入人工复核队列，补充上下文后再归因,,,,,,低,2,
DFF-001230,Steam,https://steamcommunity.com/app/2507950/reviews/?browsefilter=mostrecent,2026-09-15T05:10:52.261Z,2026-09-08T03:48:25.000Z,en,Game is dope af. i only play warfare tho!,Steam玩家-ff51516b47af,推荐,234749285,正向反馈,正向,低,沉淀正向口碑素材，并同步研发团队,,,,,,中,1,
DFF-001231,Steam,https://steamcommunity.com/app/2507950/reviews/?browsefilter=mostrecent,2026-09-15T05:10:52.261Z,2026-09-08T03:44:35.000Z,pt-BR,Otimo jogo,Steam玩家-d3d967feff7b,推荐,234749123,正向反馈,正向,低,沉淀正向口碑素材，并同步研发团队,,,,,,中,1,
DFF-001232,Steam,https://steamcommunity.com/app/2507950/reviews/?browsefilter=mostrecent,2026-09-15T05:10:52.261Z,2026-09-08T03:39:29.000Z,en,"Loved this game since it came out, started with a potato pc then upgraded. now that old pc can't even play it anymore. Game adds way too many features without optimizing the game and needing 200gb just to play? i hope they can separate warfare and operations so it doesn't eat that much space, till it's not fix i am not coming back",Steam玩家-5a20539cea3b,不推荐,234748927,性能与优化,负向,中,按设备与网络环境复现高频问题，优先修复阻塞型故障,,,,,主题命中：gb；正向命中：love,中,2,主题命中：gb；正向命中：love
DFF-001233,Steam,https://steamcommunity.com/app/2507950/reviews/?browsefilter=mostrecent,2026-09-15T05:10:52.261Z,2026-09-08T03:30:37.000Z,en,its good,Steam玩家-89f194d37a12,推荐,234748590,正向反馈,正向,低,沉淀正向口碑素材，并同步研发团队,,,,,正向命中：good,中,1,正向命中：good
DFF-001234,TapTap,https://www.taptap.cn/app/330259/review,2026-09-15T05:10:52.261Z,2026-09-08T03:20:25.000Z,zh-CN,进黑屋是因为连续吃不上撤不出，但本身正常你都打不出去了更别说黑屋了，而且现在几乎没补偿局了[表情_捂脸哭]；嘴上说着不暗改爆率调整小兵强度，其实爆率上旱的旱死涝的涝死，小兵更是一下肘掉半管血[表情_汗]；为什么不找别的游戏替代，别的游戏没人陪我玩，不习惯其他画质[表情_翻白眼]；有什么可玩性，也是到处缝，最大乐趣是跟朋友一起赔哈夫币，不是不想出货而是不给货，要么就是塞不进保险然后被人打死[表情_嫌弃]。 总结来说爆率越来越低，看似出货的人很实际上绝大多数人爆率依旧很恶心；也没有什么可玩性能替代的游戏也挺多的；身边退游的朋友也挺多，我现也几乎不玩了只有有人叫我的时候玩一下；不赚哈夫币，明明每天都在赔钱，周总结却还显示赚钱，实际上哈夫币越打越少[表情_困],TapTap玩家-078970e894c8,2,50352727,搜打撤与经济,负向,高,高优先级：复核爆率、物价与撤离收益曲线，评估经济回收节奏,,,,,主题命中：爆率、哈夫币、保险；负向命中：恶心、退游、暗改、黑屋,高,3,主题命中：爆率、哈夫币、保险；负向命中：恶心、退游、暗改、黑屋
DFF-001235,Steam,https://steamcommunity.com/app/2507950/reviews/?browsefilter=mostrecent,2026-09-15T05:10:52.261Z,2026-09-08T03:17:59.000Z,zh-CN,德不配位，纯是站在风口火的游戏，每个赛季遍布恶心玩家的小巧思，为了在线时长更是昏招频出，只能说这游戏活这么久还是玩家太宽容了，总之如果你不想上一天班想玩游戏放松，反而越玩越恶心，就退出这个游戏的下载页面。,Steam玩家-7d69eecf80f4,不推荐,234748037,其他,负向,中,进入人工复核队列，补充上下文后再归因,,,,,负向命中：恶心,低,2,负向命中：恶心
DFF-001236,Steam,https://steamcommunity.com/app/2507950/reviews/?browsefilter=mostrecent,2026-09-15T05:10:52.261Z,2026-09-08T03:16:07.000Z,en,Free game is better than escapr from takov and battlefield,Steam玩家-cd219097afad,推荐,234747937,正向反馈,正向,低,沉淀正向口碑素材，并同步研发团队,,,,,,中,1,
DFF-001237,Steam,https://steamcommunity.com/app/2507950/reviews/?browsefilter=mostrecent,2026-09-15T05:10:52.261Z,2026-09-08T03:05:17.000Z,pt-BR,Batalha insana e imersiva,Steam玩家-1d636c100453,推荐,234747473,正向反馈,正向,低,沉淀正向口碑素材，并同步研发团队,,,,,,中,1,
DFF-001238,Steam,https://steamcommunity.com/app/2507950/reviews/?browsefilter=mostrecent,2026-09-15T05:10:52.261Z,2026-09-08T02:55:45.000Z,pt-BR,uma placa 3070 operando de forma mais bruta se comparado com o bf 42 em termos de de desempenho,Steam玩家-0a3d0d807f45,推荐,234747088,正向反馈,正向,低,沉淀正向口碑素材，并同步研发团队,性能与优化,负向,中,否,,中,1,
DFF-001239,Steam,https://steamcommunity.com/app/2507950/reviews/?browsefilter=mostrecent,2026-09-15T05:10:52.261Z,2026-09-08T02:48:45.000Z,ru,"Всё, устал я от этого. каждое обновление скачивать по 100 гб ну его на хрен. читаков банят крайне редко, за последние (примерно) 8 месяцев не одного читера по репорту не забанили, а читкаи те ещё были, водятся через стену а когда игрок выходит из за стены жёсткий аимлок на голову, баттл пассы скучные, 1-2 пушки норм всё остальное днище полное.",Steam玩家-f90421d2fde8,不推荐,234746761,其他,负向,中,进入人工复核队列，补充上下文后再归因,,,,,,低,2,
DFF-001240,Steam,https://steamcommunity.com/app/2507950/reviews/?browsefilter=mostrecent,2026-09-15T05:10:52.261Z,2026-09-08T02:45:02.000Z,es,"El juego es entretenido , falta un poco mas de gente ya que no hay mucha gente en otras modalidades o batalla para llenarse las partidas , en ocaciones tardo mas de 5 minutos en encontrar partidas, muchas veces entras a partidas ya comenzadas,",Steam玩家-a6d6d707ea30,推荐,234746609,正向反馈,正向,低,沉淀正向口碑素材，并同步研发团队,,,,,,中,1,
DFF-001241,Steam,https://steamcommunity.com/app/2507950/reviews/?browsefilter=mostrecent,2026-09-15T05:10:52.261Z,2026-09-08T02:42:13.000Z,en,love the game,Steam玩家-e92688cf4539,推荐,234746483,正向反馈,正向,低,沉淀正向口碑素材，并同步研发团队,,,,,正向命中：love,中,1,正向命中：love
DFF-001242,Steam,https://steamcommunity.com/app/2507950/reviews/?browsefilter=mostrecent,2026-09-15T05:10:52.261Z,2026-09-08T02:42:01.000Z,ko,얼마안했음 재밋긴함,Steam玩家-285e90759ebc,推荐,234746476,正向反馈,正向,低,沉淀正向口碑素材，并同步研发团队,,,,,,中,1,
DFF-001243,Steam,https://steamcommunity.com/app/2507950/reviews/?browsefilter=mostrecent,2026-09-15T05:10:52.261Z,2026-09-08T02:38:41.000Z,en,It will eat a lot of space... from 110gb to 150 now need 200+gb? Good luck.,Steam玩家-78cdc4243bb4,不推荐,234746345,性能与优化,负向,中,按设备与网络环境复现高频问题，优先修复阻塞型故障,,,,,主题命中：gb；正向命中：good,中,2,主题命中：gb；正向命中：good
DFF-001244,Steam,https://steamcommunity.com/app/2507950/reviews/?browsefilter=mostrecent,2026-09-15T05:10:52.261Z,2026-09-08T02:34:30.000Z,zh-CN,"策划玩弄人性高手,恶心死你!",Steam玩家-fe5c9732a678,不推荐,234746145,其他,负向,中,进入人工复核队列，补充上下文后再归因,,,,,负向命中：恶心,低,2,负向命中：恶心
DFF-001245,Steam,https://steamcommunity.com/app/2507950/reviews/?browsefilter=mostrecent,2026-09-15T05:10:52.261Z,2026-09-08T02:30:13.000Z,es,"El juego es bien entretenido, tanto en el modo Operaciones como en Conflicto Belico que es el que mas me agrada principalmente porque puedo jugar solo cuando mi team no esta online y me gusta la adrenalina de las partidas. Hay horarios donde hay muchos bots y torna el ambiente algo menos divertido y si tengo que hacer una critica es en la distribucion de los mapas que hay veces que jugas el mismo mapa 3 o hasta 5 veces seguidas, sobre todo cuando lanzan un mapa nuevo. Lo bueno que tienen la opcion de Coleccion especial de mapas que van rotando cada 2 horas y son solo 3 mapas por vez. Los dos mejores mapas para mi son Trincheras y Ascencion. los operadores son todos buenos, alguno menos util que otros pero los que no son buenos en Conflicto Belico, lo son es Operaciones. Entretenido para pasar unas horas peleando, haciendo misiones, probando operadores, vehiculos y aeronaves pero sobre todo matando!!",Steam玩家-ec515e44c13c,推荐,234745957,匹配与队友,正向,低,沉淀正向口碑素材，并同步研发团队,,,,,主题命中：bot、bots、team,高,1,主题命中：bot、bots、team
DFF-001246,Steam,https://steamcommunity.com/app/2507950/reviews/?browsefilter=mostrecent,2026-09-15T05:10:52.261Z,2026-09-08T02:15:13.000Z,de,"After the orginal cod mw4, the first game, i took a lot of time in.",Steam玩家-ebb38fcb2401,推荐,234745288,正向反馈,正向,低,沉淀正向口碑素材，并同步研发团队,,,,,,中,1,
DFF-001247,Steam,https://steamcommunity.com/app/2507950/reviews/?browsefilter=mostrecent,2026-09-15T05:10:52.261Z,2026-09-08T02:07:52.000Z,ru,Очень крутая игрушка,Steam玩家-6d2fb4d2f558,推荐,234744944,正向反馈,正向,低,沉淀正向口碑素材，并同步研发团队,,,,,,中,1,
DFF-001248,Steam,https://steamcommunity.com/app/2507950/reviews/?browsefilter=mostrecent,2026-09-15T05:10:52.261Z,2026-09-08T02:03:24.000Z,en,i like RNG,Steam玩家-130923397a7a,推荐,234744715,正向反馈,正向,低,沉淀正向口碑素材，并同步研发团队,,,,,,中,1,
DFF-001249,Steam,https://steamcommunity.com/app/2507950/reviews/?browsefilter=mostrecent,2026-09-15T05:10:52.261Z,2026-09-08T02:01:44.000Z,en,3K HOURS. game has a cheater problem and is ♥♥♥♥♥♥♥,Steam玩家-71e9eda229a5,不推荐,234744643,外挂与安全,负向,高,高优先级：优先排查反作弊链路，公开高频作弊类型处置进度,,,,,主题命中：cheat、cheater,高,3,主题命中：cheat、cheater
DFF-001250,Steam,https://steamcommunity.com/app/2507950/reviews/?browsefilter=mostrecent,2026-09-15T05:10:52.261Z,2026-09-08T01:55:12.000Z,en,IT IS FUN,Steam玩家-1eed364f50f2,推荐,234744349,正向反馈,正向,低,沉淀正向口碑素材，并同步研发团队,,,,,正向命中：fun,中,1,正向命中：fun
DFF-001251,Steam,https://steamcommunity.com/app/2507950/reviews/?browsefilter=mostrecent,2026-09-15T05:10:52.261Z,2026-09-08T01:48:12.000Z,en,Delta Force is a super fast and fun paced game that leaves no room for the slow or week. I love the character differences and the overall equality of the strengths amongst the other characters. The quality is great and the physics are good.,Steam玩家-288cbba13de4,推荐,234744043,正向反馈,正向,低,沉淀正向口碑素材，并同步研发团队,,,,,正向命中：fun、love、good、great,中,1,正向命中：fun、love、good、great
DFF-001252,Steam,https://steamcommunity.com/app/2507950/reviews/?browsefilter=mostrecent,2026-09-15T05:10:52.261Z,2026-09-08T01:35:21.000Z,es-419,a aa,Steam玩家-04444681f0b8,推荐,234743410,正向反馈,正向,低,沉淀正向口碑素材，并同步研发团队,,,,,,中,1,
DFF-001253,Steam,https://steamcommunity.com/app/2507950/reviews/?browsefilter=mostrecent,2026-09-15T05:10:52.261Z,2026-09-08T01:33:00.000Z,en,"I guess this game went downhill quick, so many bugs i cant even navigate through menus in the main screen, let alone play the game.",Steam玩家-76586d651ad5,不推荐,234743306,性能与优化,负向,中,按设备与网络环境复现高频问题，优先修复阻塞型故障,,,,,主题命中：bug,中,2,主题命中：bug
DFF-001254,Steam,https://steamcommunity.com/app/2507950/reviews/?browsefilter=mostrecent,2026-09-15T05:10:52.261Z,2026-09-08T01:29:48.000Z,en,Easily the best game i have played in a long time. gameplay feels soo smooth. great alternative to players who dont quite like how in depth tarkov is.,Steam玩家-a0357ae577d0,推荐,234743168,匹配与队友,正向,低,沉淀正向口碑素材，并同步研发团队,,,,,主题命中：players；正向命中：best、great,中,1,主题命中：players；正向命中：best、great
DFF-001255,Steam,https://steamcommunity.com/app/2507950/reviews/?browsefilter=mostrecent,2026-09-15T05:10:52.261Z,2026-09-08T01:28:21.000Z,zh-CN,值得差评,Steam玩家-df23ebf1cbbe,不推荐,234743106,其他,混合,低,进入人工复核队列，补充上下文后再归因,,,,,正向命中：值得；负向命中：差,低,1,正向命中：值得；负向命中：差
DFF-001256,Steam,https://steamcommunity.com/app/2507950/reviews/?browsefilter=mostrecent,2026-09-15T05:10:52.261Z,2026-09-08T01:19:32.000Z,tr,İYİİİİİİ,Steam玩家-29971244f614,推荐,234742691,正向反馈,正向,低,沉淀正向口碑素材，并同步研发团队,,,,,,中,1,
DFF-001257,Steam,https://steamcommunity.com/app/2507950/reviews/?browsefilter=mostrecent,2026-09-15T05:10:52.261Z,2026-09-08T01:16:16.000Z,en,Best free game,Steam玩家-8e21da8c5fc4,推荐,234742546,正向反馈,正向,低,沉淀正向口碑素材，并同步研发团队,,,,,正向命中：best,中,1,正向命中：best
DFF-001258,Steam,https://steamcommunity.com/app/2507950/reviews/?browsefilter=mostrecent,2026-09-15T05:10:52.261Z,2026-09-08T01:12:04.000Z,zh-CN,做3*3安全箱的时候，游戏策划故意降低潮汐监狱的标杆刷新几率，十局监狱只刷了两局标杆。不推荐玩这个游戏！,Steam玩家-487feb6efce6,不推荐,234742378,地图与模式,混合,低,汇总热点区域与模式数据，安排地图和玩法迭代,,,,,主题命中：潮汐；正向命中：推荐；负向命中：不推荐,中,1,主题命中：潮汐；正向命中：推荐；负向命中：不推荐
DFF-001259,Steam,https://steamcommunity.com/app/2507950/reviews/?browsefilter=mostrecent,2026-09-15T05:10:52.261Z,2026-09-08T01:09:55.000Z,en,"fun to play, different difficulties allows new players to learn game without having high level players killing them",Steam玩家-a9f379251075,推荐,234742281,匹配与队友,正向,低,沉淀正向口碑素材，并同步研发团队,,,,,主题命中：players；正向命中：fun,中,1,主题命中：players；正向命中：fun
DFF-001260,Steam,https://steamcommunity.com/app/2507950/reviews/?browsefilter=mostrecent,2026-09-15T05:10:52.261Z,2026-09-08T01:03:19.000Z,en,"It is a grind for the initial 100 or so hours, but once you understand the game mechanics and the maps, then it is basically way too fun to play! I love both the modes and have been playing since beta",Steam玩家-89ee76beebec,推荐,234741969,地图与模式,正向,低,沉淀正向口碑素材，并同步研发团队,,,,,主题命中：map、mode；正向命中：fun、love,高,1,主题命中：map、mode；正向命中：fun、love
DFF-001261,Steam,https://steamcommunity.com/app/2507950/reviews/?browsefilter=mostrecent,2026-09-15T05:10:52.261Z,2026-09-08T00:43:33.000Z,en,"hackers and bugs, thats all this game really is. avoid if you havent tried other fps games",Steam玩家-d920989aa7e7,不推荐,234741061,外挂与安全,负向,严重,立即跟进：优先排查反作弊链路，公开高频作弊类型处置进度,,,,,主题命中：hack、hacker；负向命中：avoid；严重度命中：avoid,高,4,主题命中：hack、hacker；负向命中：avoid；严重度命中：avoid
DFF-001262,Steam,https://steamcommunity.com/app/2507950/reviews/?browsefilter=mostrecent,2026-09-15T05:10:52.261Z,2026-09-08T00:39:34.000Z,en,"Warzone, Tarkov, Battlefield and Apex Legends all in 1 Extraction Shooter... ITS GOT POTENTIAL",Steam玩家-1d9e65aa712e,推荐,234740894,搜打撤与经济,正向,低,沉淀正向口碑素材，并同步研发团队,,,,,主题命中：extraction,中,1,主题命中：extraction
DFF-001263,Steam,https://steamcommunity.com/app/2507950/reviews/?browsefilter=mostrecent,2026-09-15T05:10:52.261Z,2026-09-08T00:36:07.000Z,en,"(I play solo Operations) I've played on the PS5 for about 125 hours before getting a PC. The game is hard but easy at the same time. Learning it is the easy part, the PVPVE is the hard part. Updates are amazing, missions are all over the place so its not very repetitive. Will continue to play for a long time",Steam玩家-6eb384c619f8,推荐,234740715,任务与成长,正向,低,沉淀正向口碑素材，并同步研发团队,,,,,主题命中：mission；正向命中：amazing,中,1,主题命中：mission；正向命中：amazing
DFF-001264,Steam,https://steamcommunity.com/app/2507950/reviews/?browsefilter=mostrecent,2026-09-15T05:10:52.261Z,2026-09-08T00:28:30.000Z,pt-BR,jogo muito top,Steam玩家-b5b31a854528,推荐,234740340,界面与操作体验,正向,低,沉淀正向口碑素材，并同步研发团队,,,,,主题命中：ui；正向命中：top,中,1,主题命中：ui；正向命中：top
DFF-001265,Steam,https://steamcommunity.com/app/2507950/reviews/?browsefilter=mostrecent,2026-09-15T05:10:52.261Z,2026-09-08T00:28:08.000Z,en,"this is a temporary, as of right now, yes as this game is simply a love hate relationship.",Steam玩家-2ad0c3ee2fe9,推荐,234740327,其他,混合,低,进入人工复核队列，补充上下文后再归因,,,,,正向命中：love；负向命中：hate,低,1,正向命中：love；负向命中：hate
DFF-001266,Steam,https://steamcommunity.com/app/2507950/reviews/?browsefilter=mostrecent,2026-09-15T05:10:52.261Z,2026-09-08T00:24:22.000Z,ko,핵 ㅈㄴ 많노,Steam玩家-ca0e89579edb,不推荐,234740125,其他,负向,中,进入人工复核队列，补充上下文后再归因,,,,,,低,2,
DFF-001267,Steam,https://steamcommunity.com/app/2507950/reviews/?browsefilter=mostrecent,2026-09-15T05:10:52.261Z,2026-09-08T00:20:53.000Z,es,la cabra de las cabras,Steam玩家-d73178c25dd9,推荐,234739951,正向反馈,正向,低,沉淀正向口碑素材，并同步研发团队,正向反馈,正向,低,是,,中,1,
DFF-001268,Steam,https://steamcommunity.com/app/2507950/reviews/?browsefilter=mostrecent,2026-09-15T05:10:52.261Z,2026-09-08T00:08:15.000Z,hungarian,NEKEM tetszik van mit benne csinälni valo föleg hogy van collector,Steam玩家-7d59ceef0c00,推荐,234739339,正向反馈,正向,低,沉淀正向口碑素材，并同步研发团队,,,,,,中,1,
DFF-001269,Steam,https://steamcommunity.com/app/2507950/reviews/?browsefilter=mostrecent,2026-09-15T05:10:52.261Z,2026-09-08T00:04:55.000Z,en,ur mopm,Steam玩家-0377de5843bd,推荐,234739188,正向反馈,正向,低,沉淀正向口碑素材，并同步研发团队,,,,,,中,1,
DFF-001270,Steam,https://steamcommunity.com/app/2507950/reviews/?browsefilter=mostrecent,2026-09-15T05:10:52.261Z,2026-09-07T23:13:13.000Z,es,juego de mierda arreglen el emparejamiento,Steam玩家-f00a6c0e71a7,推荐,234736654,正向反馈,正向,低,沉淀正向口碑素材，并同步研发团队,,,,,,中,1,
DFF-001271,Steam,https://steamcommunity.com/app/2507950/reviews/?browsefilter=mostrecent,2026-09-15T05:10:52.261Z,2026-09-07T23:06:29.000Z,en,fun game,Steam玩家-38723eb94207,推荐,234736315,正向反馈,正向,低,沉淀正向口碑素材，并同步研发团队,,,,,正向命中：fun,中,1,正向命中：fun
DFF-001272,TapTap,https://www.taptap.cn/app/330259/review,2026-09-15T05:10:52.261Z,2026-09-07T22:41:41.000Z,zh-CN,游戏黑屋系统已经用来回收普通玩家资金，防止经济崩盘了，我只是钓个鱼，然后因为钓鱼鱼咬钩的时候动不了，只能把鱼收回来，我钓的还是路亚，只能在那边硬生生挨打，就这样子没出去几把，还进黑屋了，就是猛攻没出来，还进黑屋，强度越打越高，所以打的难受，这个游戏休闲玩法还这样子，钓到鱼强制收鱼竿，还没法放弃，然后那个水库的爆炸点也有bug，躲在墙后面还被炸的浑身是伤，换弹和那个打药的轮盘系统也有问题，我原来的键位打药都能直接打上，现在这个轮盘调整之后放的靠边一点都打不上药，这个赛季bug也太多了，进黑屋之后，这个子弹乱飘，开着录屏打的，你看，淘汰回放全打在交上，我明明瞄到对面头线，显示在胸口，打胸口的直接显示在脚上，你说在胳膊上枪飘了，我都认了，显示在脚上是不是有点夸张了，纯粹就是黑乌局，不想让人出去呗,TapTap玩家-f10ad950a765,2,50351393,搜打撤与经济,负向,高,高优先级：复核爆率、物价与撤离收益曲线，评估经济回收节奏,,,,,主题命中：经济、钓鱼；负向命中：难受、崩、黑屋,高,3,主题命中：经济、钓鱼；负向命中：难受、崩、黑屋
DFF-001273,Steam,https://steamcommunity.com/app/2507950/reviews/?browsefilter=mostrecent,2026-09-15T05:10:52.261Z,2026-09-07T22:39:49.000Z,en,Game is dope. I'm not sure why the reviews are mixed. Getting into it is a little confusing but put a few hours into it and don't really have much bad to say. I mean it's a free game give it a shot.,Steam玩家-15d9f6aeca9b,推荐,234734923,其他,负向,低,进入人工复核队列，补充上下文后再归因,,,,,负向命中：bad,低,1,负向命中：bad
DFF-001274,Steam,https://steamcommunity.com/app/2507950/reviews/?browsefilter=mostrecent,2026-09-15T05:10:52.261Z,2026-09-07T22:14:41.000Z,zh-CN,新手怎么打？,Steam玩家-04fc969fab35,推荐,234733491,任务与成长,正向,低,沉淀正向口碑素材，并同步研发团队,,,,,主题命中：新手,中,1,主题命中：新手
DFF-001275,Steam,https://steamcommunity.com/app/2507950/reviews/?browsefilter=mostrecent,2026-09-15T05:10:52.261Z,2026-09-07T21:07:35.000Z,ru,"Подбора нет, Eбут во все щели, новичков хейтят. Не советую.",Steam玩家-8b821273ed5b,不推荐,234728362,其他,负向,中,进入人工复核队列，补充上下文后再归因,,,,,,低,2,
DFF-001276,Steam,https://steamcommunity.com/app/2507950/reviews/?browsefilter=mostrecent,2026-09-15T05:10:52.261Z,2026-09-07T20:23:30.000Z,ru,Пока лучший бесплатный шутер,Steam玩家-0319a1ea1dee,推荐,234724662,正向反馈,正向,低,沉淀正向口碑素材，并同步研发团队,,,,,,中,1,
DFF-001277,Steam,https://steamcommunity.com/app/2507950/reviews/?browsefilter=mostrecent,2026-09-15T05:10:52.261Z,2026-09-07T19:51:22.000Z,tr,call fo duty be battlafield 2042 karışımı fenasal bir oyun,Steam玩家-54c08158664e,推荐,234722454,正向反馈,正向,低,沉淀正向口碑素材，并同步研发团队,,,,,,中,1,
DFF-001278,Steam,https://steamcommunity.com/app/2507950/reviews/?browsefilter=mostrecent,2026-09-15T05:10:52.261Z,2026-09-07T19:38:00.000Z,fr,Cool,Steam玩家-1e125035309c,推荐,234721490,正向反馈,正向,低,沉淀正向口碑素材，并同步研发团队,,,,,,中,1,
DFF-001279,Steam,https://steamcommunity.com/app/2507950/reviews/?browsefilter=mostrecent,2026-09-15T05:10:52.261Z,2026-09-07T18:35:12.000Z,en,spawns me out of the battlefield and kills me for being out of it amazing game design,Steam玩家-5a0e7b38780d,不推荐,234717034,其他,负向,中,进入人工复核队列，补充上下文后再归因,,,,,正向命中：amazing,低,2,正向命中：amazing
DFF-001280,Steam,https://steamcommunity.com/app/2507950/reviews/?browsefilter=mostrecent,2026-09-15T05:10:52.261Z,2026-09-07T18:30:15.000Z,de,"Meh... Alles an dem Game regt ein einfach auf. HAHA Das schießen geht gut, aber den Rest gibt´s in jedem anderem Game in besser.",Steam玩家-94799520abbf,不推荐,234716671,其他,负向,中,进入人工复核队列，补充上下文后再归因,,,,,,低,2,
DFF-001281,Steam,https://steamcommunity.com/app/2507950/reviews/?browsefilter=mostrecent,2026-09-15T05:10:52.261Z,2026-09-07T18:26:34.000Z,en,besides cheaters amazing game,Steam玩家-cac9de3fbad2,推荐,234716397,外挂与安全,正向,高,高优先级：优先排查反作弊链路，公开高频作弊类型处置进度,,,,,主题命中：cheat、cheater；正向命中：amazing,高,3,主题命中：cheat、cheater；正向命中：amazing
DFF-001282,Steam,https://steamcommunity.com/app/2507950/reviews/?browsefilter=mostrecent,2026-09-15T05:10:52.261Z,2026-09-07T18:22:48.000Z,en,"make it so easy is playable, getting killed by k416's ci's and asval's in easy is stupid.",Steam玩家-7f0ccfa4cb42,推荐,234716126,正向反馈,正向,低,沉淀正向口碑素材，并同步研发团队,,,,,,中,1,
DFF-001283,Steam,https://steamcommunity.com/app/2507950/reviews/?browsefilter=mostrecent,2026-09-15T05:10:52.261Z,2026-09-07T18:13:52.000Z,ru,МАТЬ В РОТ ЕПАЛ,Steam玩家-687d0971fa47,不推荐,234715529,其他,负向,中,进入人工复核队列，补充上下文后再归因,,,,,,低,2,
DFF-001284,Steam,https://steamcommunity.com/app/2507950/reviews/?browsefilter=mostrecent,2026-09-15T05:10:52.261Z,2026-09-07T17:48:26.000Z,ru,одни крысы,Steam玩家-677ea20ed2b1,不推荐,234713710,其他,负向,中,进入人工复核队列，补充上下文后再归因,,,,,,低,2,
DFF-001285,Steam,https://steamcommunity.com/app/2507950/reviews/?browsefilter=mostrecent,2026-09-15T05:10:52.261Z,2026-09-07T17:28:10.000Z,en,♥♥♥♥♥♥♥,Steam玩家-9893258f7a2f,不推荐,234712204,其他,负向,中,进入人工复核队列，补充上下文后再归因,,,,,,低,2,
DFF-001286,Steam,https://steamcommunity.com/app/2507950/reviews/?browsefilter=mostrecent,2026-09-15T05:10:52.261Z,2026-09-07T17:23:44.000Z,en,Moer lekker Game!!!,Steam玩家-87ce5547100f,推荐,234711876,正向反馈,正向,低,沉淀正向口碑素材，并同步研发团队,,,,,,中,1,
DFF-001287,Steam,https://steamcommunity.com/app/2507950/reviews/?browsefilter=mostrecent,2026-09-15T05:10:52.261Z,2026-09-07T17:17:28.000Z,zh-CN,高暴率，好环境，搜的多，打得爽，撤的好,Steam玩家-2fbd2736ade5,不推荐,234711416,搜打撤与经济,负向,中,复核爆率、物价与撤离收益曲线，评估经济回收节奏,,,,,主题命中：暴率；正向命中：爽,中,2,主题命中：暴率；正向命中：爽
DFF-001288,Steam,https://steamcommunity.com/app/2507950/reviews/?browsefilter=mostrecent,2026-09-15T05:10:52.261Z,2026-09-07T17:06:31.000Z,en,it is a good game new players,Steam玩家-7943cb03a620,推荐,234710705,匹配与队友,正向,低,沉淀正向口碑素材，并同步研发团队,,,,,主题命中：players；正向命中：good,中,1,主题命中：players；正向命中：good
DFF-001289,Steam,https://steamcommunity.com/app/2507950/reviews/?browsefilter=mostrecent,2026-09-15T05:10:52.261Z,2026-09-07T15:57:41.000Z,en,4th game of my life and i see diamond and black hawk people in my lobby how can i learn to play and have fun,Steam玩家-061004221477,不推荐,234705626,其他,负向,中,进入人工复核队列，补充上下文后再归因,,,,,正向命中：fun,低,2,正向命中：fun
DFF-001290,Steam,https://steamcommunity.com/app/2507950/reviews/?browsefilter=mostrecent,2026-09-15T05:10:52.261Z,2026-09-07T15:38:37.000Z,en,The Delta Force game is just a bunch of Anime dwelling weebs. Game when released had potential then it sucked because of microtransactions that don't separate it from any other game and ended up just following the trend. looking at the game now and it looks like the aim and vision of the game now is lost. Buncha basement dwellers.,Steam玩家-bc5bae8ad051,不推荐,234704255,其他,负向,中,进入人工复核队列，补充上下文后再归因,,,,,,低,2,
DFF-001291,Steam,https://steamcommunity.com/app/2507950/reviews/?browsefilter=mostrecent,2026-09-15T05:10:52.261Z,2026-09-07T15:34:15.000Z,en,"Finally back from work! Now I can stab 5 people in a row, steal some guns, shoot random passersby, and then go home to play Delta Force.",Steam玩家-cc95f099a83e,推荐,234703950,正向反馈,正向,低,沉淀正向口碑素材，并同步研发团队,,,,,,中,1,
DFF-001292,Steam,https://steamcommunity.com/app/2507950/reviews/?browsefilter=mostrecent,2026-09-15T05:10:52.261Z,2026-09-07T15:18:49.000Z,pt-BR,"O jogo é muito bom, principalmente para quem gosta de FPS ou BF. Tenho jogado bastante e cada vez estou mais desanimado. Caem mapas repetidos de mais, fila muito longa, partidas muito desbalaceadas e os novos personagens, deixam o jogo desbalaceado, aquela ruiva, pelo amor, até a movimentação dela é bugada, de tão rápido que é. MAS A MINHA PRICIPAL CRITICA, eu tenho que CERTEZA que esse jogo usa nossas GPUs para ficar mineirando, quem tiver a curiosidade de baixar o MSI Afterburner, olha o consumo de GPU só de abrir o jogo já vai uso de GPU, Clock e ventoinha a 100%, ISSO NO LOBY, no jogo o uso da uma baixada, mas tente usar o pc em quanto o jogo estiver rodando, fica travando tudo. Ehh alcancei a patente máxima, sinto que não tem mais objetivos ou recompensas para serem desbloqueadas, então perdeu a graça. Além que quando você joga contra clan, você ne consegue jogar, pois eles vão te amassar, até pare hack, de tão injusto que fica a partida.",Steam玩家-85a6c0de0234,不推荐,234702917,外挂与安全,负向,高,高优先级：优先排查反作弊链路，公开高频作弊类型处置进度,,,,,主题命中：hack；正向命中：bom,中,3,主题命中：hack；正向命中：bom
DFF-001293,Steam,https://steamcommunity.com/app/2507950/reviews/?browsefilter=mostrecent,2026-09-15T05:10:52.261Z,2026-09-07T15:13:14.000Z,tr,Oyunun bir çok sorunu var ama gerçekten eğlenceli. En başta oyunu battlefield veya escape from tarkov ama ücretsiz gibi düşünerek başlamayın. Bu oyunun warfare modu(battlefield'a biraz benziyor) sadece bir grunt shooter değil aynı zamanda hero shooter özellikleri de var ama heer ikisi de bu oyun için grunt shooterdır ya da hero shooterdır diyemeyeceğimiz şekilde karışmış durumdalar. İkisinin arasında bir şey demek en doğrusu ama çoğunlukla grunt shooter. Bu modda en sevdiğim özelliklerden biri boyutu çünkü 32vs32 CİDDEN oyun içinde fenasal oluyor her tarafta başka bir şey oluyor ve gerçekten eğlenceli. Operasyonlarla ilgili çok bir şey söyleyemem çünkü çok oynamadım. Eğer mobilde oynayacaksanız tr için garenadan başka launcher yok o da büyük bot sıkıntısına sahip. Türkiye'de mevcut olmayan global launcher da çok bot dolu ama daha az. Maalesef mobilde ciddi bir maç bulma ve bot sorunu var yani oyuna başladıktan 5 dakka sonra kendinizi pro sanacağınız düzeyinde. Eğer rankedda üst ranklara çıkarsanız daha çok insan olur ama yine çok bot var. PC steamde böyle bir sorun görmedim. PC için garena nasıl bilmiyorum. Şunu söyleyeyim mobil versiyonu olabilecek en iyi mobil oyunlardan biri ve inanılmaz iyi bir optimizasyonu var(Galaxy A21S'te en düşük ayarlarda 30-60 fps arası ama bazı çok yoğun sahneler 30 altına inebiliyor. Tabi bu 6 yıl öncesinin orta segment telefonu ve ben oynarken telefonun ısındığını pek hissetmedim çünkü mobil için oyunun kenti ısı yönetme sistemi cidden çok iyi.,Steam玩家-f6a5cbc3ecf5,推荐,234702527,匹配与队友,正向,低,沉淀正向口碑素材，并同步研发团队,,,,,主题命中：bot、rank、ranked、team,高,1,主题命中：bot、rank、ranked、team
DFF-001294,Steam,https://steamcommunity.com/app/2507950/reviews/?browsefilter=mostrecent,2026-09-15T05:10:52.261Z,2026-09-07T14:55:14.000Z,tr,sarmıyo bi süre sonra sıkıyo siz daha adamları görmeden yerde yardım bekliyonuz,Steam玩家-6b75f2231398,不推荐,234701290,其他,负向,中,进入人工复核队列，补充上下文后再归因,,,,,,低,2,
DFF-001295,Steam,https://steamcommunity.com/app/2507950/reviews/?browsefilter=mostrecent,2026-09-15T05:10:52.261Z,2026-09-07T14:41:42.000Z,en,"Great realism + options for snipers, probably the best game for a sniper apart from wardogs reguarding the different classes they are. The looting mechanisms are goated",Steam玩家-be67d5166eef,推荐,234700345,搜打撤与经济,正向,低,沉淀正向口碑素材，并同步研发团队,,,,,主题命中：loot；正向命中：best、great,中,1,主题命中：loot；正向命中：best、great
DFF-001296,Steam,https://steamcommunity.com/app/2507950/reviews/?browsefilter=mostrecent,2026-09-15T05:10:52.261Z,2026-09-07T14:39:59.000Z,zh-CN,sb ACE,Steam玩家-a86b8ca301ac,不推荐,234700226,其他,负向,中,进入人工复核队列，补充上下文后再归因,,,,,,低,2,
DFF-001297,Steam,https://steamcommunity.com/app/2507950/reviews/?browsefilter=mostrecent,2026-09-15T05:10:52.261Z,2026-09-07T14:30:43.000Z,zh-CN,你就是一坨屎，什么游戏需要必须打开虚拟化，闻所未闻,Steam玩家-daba5624dced,不推荐,234699614,其他,负向,中,进入人工复核队列，补充上下文后再归因,,,,,负向命中：一坨,低,2,负向命中：一坨
DFF-001298,Steam,https://steamcommunity.com/app/2507950/reviews/?browsefilter=mostrecent,2026-09-15T05:10:52.261Z,2026-09-07T14:19:56.000Z,ko,goodgood,Steam玩家-f3daf8089c65,推荐,234698905,正向反馈,正向,低,沉淀正向口碑素材，并同步研发团队,,,,,正向命中：good,中,1,正向命中：good
DFF-001299,Steam,https://steamcommunity.com/app/2507950/reviews/?browsefilter=mostrecent,2026-09-15T05:10:52.261Z,2026-09-07T14:06:30.000Z,zh-CN,也够游戏 也够策划,Steam玩家-c22d0ee943ab,不推荐,234698008,其他,负向,中,进入人工复核队列，补充上下文后再归因,,,,,,低,2,
DFF-001300,Steam,https://steamcommunity.com/app/2507950/reviews/?browsefilter=mostrecent,2026-09-15T05:10:52.261Z,2026-09-07T13:55:40.000Z,zh-CN,无故闪退，启动慢，有时候启动失败,Steam玩家-caa6e30a3aae,不推荐,234697315,性能与优化,负向,严重,立即跟进：按设备与网络环境复现高频问题，优先修复阻塞型故障,,,,,主题命中：闪退；严重度命中：闪退,中,4,主题命中：闪退；严重度命中：闪退
DFF-001301,Steam,https://steamcommunity.com/app/2507950/reviews/?browsefilter=mostrecent,2026-09-15T05:10:52.261Z,2026-09-07T13:42:57.000Z,th,เป็นเกมฆ่า 2042 และแม่งก็ฆ่า BF6 อีกทีนึง DF ทำอีเว้นดูดีกว่า BF6 BF6 อะไรจำกัดเวลาเอาแมพย้อมแถมเคย breakthrough ได้ดีกว่ากแถมบอกอะไรไปก็ไม่แก้กลายเป็นว่า DF ทำได้ดีกว่ายังดูบาลานซ์กว่าแต่เน้นเป็นทีมกว่าบอท DF ดูฉลาดกว่าแถมยิงโดนและชุบเรา BF6 เยอะไม่พอโง่ด้วย ถ้าเลือก BF6 กับ DF เลือก DF ดีกว่าอีเว้นดูมีสมองแจกคืนแจก,Steam玩家-c8ff39cc4efe,推荐,234696551,正向反馈,正向,低,沉淀正向口碑素材，并同步研发团队,,,,,,中,1,
DFF-001302,Steam,https://steamcommunity.com/app/2507950/reviews/?browsefilter=mostrecent,2026-09-15T05:10:52.261Z,2026-09-07T13:25:45.000Z,zh-CN,我从来都不会输,Steam玩家-495564055c52,推荐,234695505,正向反馈,正向,低,沉淀正向口碑素材，并同步研发团队,,,,,,中,1,
DFF-001303,TapTap,https://www.taptap.cn/app/330259/review,2026-09-15T05:10:52.261Z,2026-09-07T12:05:20.000Z,zh-CN,分段换弹用了三天已经完全习惯，回去玩别的射击游戏都觉得换弹慢半拍,TapTap玩家-d1394a944db4,5,50347961,正向反馈,正向,低,沉淀正向口碑素材，并同步研发团队,,,,,,中,1,
DFF-001304,Steam,https://steamcommunity.com/app/2507950/reviews/?browsefilter=mostrecent,2026-09-15T05:10:52.261Z,2026-09-07T11:32:07.000Z,zh-CN,haowan,Steam玩家-85f7e498b505,推荐,234689999,正向反馈,正向,低,沉淀正向口碑素材，并同步研发团队,,,,,,中,1,
DFF-001305,Steam,https://steamcommunity.com/app/2507950/reviews/?browsefilter=mostrecent,2026-09-15T05:10:52.261Z,2026-09-07T11:28:26.000Z,zh-CN,蟑螂地下不把steam端当人,Steam玩家-1fa66d382def,不推荐,234689824,匹配与队友,负向,中,分析匹配池与单排体验，降低实力差距和摆烂影响,,,,,主题命中：team,中,2,主题命中：team
DFF-001306,Steam,https://steamcommunity.com/app/2507950/reviews/?browsefilter=mostrecent,2026-09-15T05:10:52.261Z,2026-09-07T11:27:12.000Z,en,As a new player I am a bronze level mixed into matches with the highest level diamond god of war pinnacle players with 100's of million and billions of dollars with top level gear. The match making system is terrible and there is a lot of cheaters using aimbot hacks to cheat. Dont waste your time getting one tapped to the head every other game.,Steam玩家-3787b7078abe,不推荐,234689768,外挂与安全,混合,高,高优先级：优先排查反作弊链路，公开高频作弊类型处置进度,,,,,主题命中：hack、cheat、cheater、aimbot；正向命中：top；负向命中：terrible,高,3,主题命中：hack、cheat、cheater、aimbot；正向命中：top；负向命中：terrible
DFF-001307,Steam,https://steamcommunity.com/app/2507950/reviews/?browsefilter=mostrecent,2026-09-15T05:10:52.261Z,2026-09-07T11:17:23.000Z,zh-CN,垃圾游戏,Steam玩家-1dc1501e6481,推荐,234689382,其他,负向,低,进入人工复核队列，补充上下文后再归因,,,,,负向命中：垃圾,低,1,负向命中：垃圾
DFF-001308,Steam,https://steamcommunity.com/app/2507950/reviews/?browsefilter=mostrecent,2026-09-15T05:10:52.261Z,2026-09-07T11:02:28.000Z,indonesian,GGWP,Steam玩家-659da5606c78,推荐,234688738,正向反馈,正向,低,沉淀正向口碑素材，并同步研发团队,,,,,,中,1,
DFF-001309,Steam,https://steamcommunity.com/app/2507950/reviews/?browsefilter=mostrecent,2026-09-15T05:10:52.261Z,2026-09-07T11:00:43.000Z,zh-CN,狗屎爆率,Steam玩家-6a79da119db9,推荐,234688650,搜打撤与经济,正向,低,沉淀正向口碑素材，并同步研发团队,,,,,主题命中：爆率,中,1,主题命中：爆率
DFF-001310,Steam,https://steamcommunity.com/app/2507950/reviews/?browsefilter=mostrecent,2026-09-15T05:10:52.261Z,2026-09-07T10:47:06.000Z,finnish,nice game and its free :),Steam玩家-c08911fd5c1a,推荐,234688045,正向反馈,正向,低,沉淀正向口碑素材，并同步研发团队,,,,,正向命中：nice,中,1,正向命中：nice
DFF-001311,Steam,https://steamcommunity.com/app/2507950/reviews/?browsefilter=mostrecent,2026-09-15T05:10:52.261Z,2026-09-07T10:43:37.000Z,tr,"game is awesome, just perfect",Steam玩家-f5eacce97487,推荐,234687905,正向反馈,正向,低,沉淀正向口碑素材，并同步研发团队,,,,,正向命中：awesome,中,1,正向命中：awesome
DFF-001312,TapTap,https://www.taptap.cn/app/330259/review,2026-09-15T05:10:52.261Z,2026-09-07T10:35:29.000Z,zh-CN,⭐一星拿好 ⛺生存难度： 系统分配唐人号和猛攻号，一旦你的kd达到了一定的数值，你将进入黑屋局，就像我一样，每一把都非常的艰难，打个零号大坝机密，凑战备进去吃东西，碰到满改M7+6套，生存难度，我的评价一颗星都不给。 🔫枪械还原度： 真实性高 📝建议： 请给每张地图，每个模式常规 机密 绝密，附加一个战备的限制，毕竟打一个零号大坝机密，都能蹦出一个满改M7+6套，说实话，真的非常的难受，连续9把撤离失败，然后有一把撤离成功，然后一直连续撤离失败，我是没有任何话讲，希望这款游戏能变得更好，机制这方面必须要改一改了。(仅供参考，无恶意),TapTap玩家-4398ba52bafa,1,50347227,地图与模式,混合,高,高优先级：汇总热点区域与模式数据，安排地图和玩法迭代,,,,,主题命中：地图、模式、大坝；正向命中：真实；负向命中：难受、黑屋,高,3,主题命中：地图、模式、大坝；正向命中：真实；负向命中：难受、黑屋
DFF-001313,Steam,https://steamcommunity.com/app/2507950/reviews/?browsefilter=mostrecent,2026-09-15T05:10:52.261Z,2026-09-07T10:05:18.000Z,en,I played the Campaign mode. its fantastic.,Steam玩家-3ecad35ef33f,推荐,234686403,地图与模式,正向,低,沉淀正向口碑素材，并同步研发团队,,,,,主题命中：mode；正向命中：fantastic,中,1,主题命中：mode；正向命中：fantastic
DFF-001314,Steam,https://steamcommunity.com/app/2507950/reviews/?browsefilter=mostrecent,2026-09-15T05:10:52.261Z,2026-09-07T09:52:51.000Z,zh-CN,人类史上的奇迹，一群肌无力患者靠着自瞄都要玩这个，简直太™好玩了,Steam玩家-a899bf6fd0c0,不推荐,234685919,外挂与安全,负向,高,高优先级：优先排查反作弊链路，公开高频作弊类型处置进度,,,,,主题命中：自瞄；正向命中：好玩,中,3,主题命中：自瞄；正向命中：好玩
DFF-001315,Steam,https://steamcommunity.com/app/2507950/reviews/?browsefilter=mostrecent,2026-09-15T05:10:52.261Z,2026-09-07T09:25:19.000Z,ru,"банить читеров игра успевает медленнее, чем они появляются",Steam玩家-bf6cd4b8af2e,不推荐,234684885,其他,负向,中,进入人工复核队列，补充上下文后再归因,,,,,,低,2,
DFF-001316,TapTap,https://www.taptap.cn/app/330259/review,2026-09-15T05:10:52.261Z,2026-09-07T09:15:26.000Z,zh-CN,赛季变短了好评，不用熬几个月，节奏紧凑玩着不累，休闲玩家也能拿满奖励,TapTap玩家-9c956d397ccb,5,50346632,任务与成长,正向,低,沉淀正向口碑素材，并同步研发团队,,,,,主题命中：奖励,中,1,主题命中：奖励
DFF-001317,TapTap,https://www.taptap.cn/app/330259/review,2026-09-15T05:10:52.261Z,2026-09-07T07:45:30.000Z,zh-CN,四叶能帮着侦查，还可以叼医疗包救援，一人一狗配合打下来，比单纯放无人机有意思太多,TapTap玩家-e31e0c648623,5,50345861,匹配与队友,正向,低,沉淀正向口碑素材，并同步研发团队,,,,,主题命中：人机；正向命中：有意思,中,1,主题命中：人机；正向命中：有意思
DFF-001318,TapTap,https://www.taptap.cn/app/330259/review,2026-09-15T05:10:52.261Z,2026-09-07T06:53:27.000Z,zh-CN,K437长枪管射程拉满还额外加了3点甲伤，两发就能带走听力头，远距离刮痧的毛病这下终于治好了,TapTap玩家-5760c46f7fa8,5,50345415,正向反馈,正向,低,沉淀正向口碑素材，并同步研发团队,,,,,,中,1,
DFF-001319,TapTap,https://www.taptap.cn/app/330259/review,2026-09-15T05:10:52.261Z,2026-09-07T06:20:01.000Z,zh-CN,3×3任务减负是真的舒服，上交一个就换九个保险，第二阶段星数要求也降了，不用像之前坐牢,TapTap玩家-f5be045add9d,5,50345139,任务与成长,正向,低,沉淀正向口碑素材，并同步研发团队,,,,,主题命中：任务、阶段；正向命中：舒服,高,1,主题命中：任务、阶段；正向命中：舒服
DFF-001320,TapTap,https://www.taptap.cn/app/330259/review,2026-09-15T05:10:52.261Z,2026-09-07T06:12:05.000Z,zh-CN,二周年登录礼直接领了AUG金粥年，传说皮肤白嫖到手，这质量放以前得氪金.,TapTap玩家-c53ac5f45b4d,5,50345063,付费与通行证,正向,低,沉淀正向口碑素材，并同步研发团队,,,,,主题命中：皮肤、氪金,高,1,主题命中：皮肤、氪金
DFF-001321,TapTap,https://www.taptap.cn/app/330259/review,2026-09-15T05:10:52.261Z,2026-09-07T06:06:31.000Z,zh-CN,第一阶段3×3熟练的话一小时就能速通，这肝度对比上个赛季简直是天堂,TapTap玩家-5371366a9682,5,50345021,任务与成长,正向,低,沉淀正向口碑素材，并同步研发团队,,,,,主题命中：肝、阶段,中,1,主题命中：肝、阶段
DFF-001322,TapTap,https://www.taptap.cn/app/330259/review,2026-09-15T05:10:52.261Z,2026-09-07T05:06:59.000Z,zh-CN,钓鱼的时候偶尔有鼠鼠跑过来围观，这个新赛季小彩蛋太可爱了😍，细节控狂喜[表情_酷],TapTap玩家-6350a77c6096,5,50344563,搜打撤与经济,正向,低,沉淀正向口碑素材，并同步研发团队,,,,,主题命中：钓鱼、彩蛋；正向命中：爱了,高,1,主题命中：钓鱼、彩蛋；正向命中：爱了
DFF-001323,TapTap,https://www.taptap.cn/app/330259/review,2026-09-15T05:10:52.261Z,2026-09-06T19:04:44.000Z,zh-CN,总结：纯傻福游戏 优点：本来新赛季进行了画面优化和手感优化，玩法也多样化了，多少是该夸夸的。 缺点：包括但不限于运营模式、举报问题、游戏平衡性及各种恶性 bug 这就不得不提到这sfm运营了，各种新赛季 bug 就先不说了（包括但不限于可以听到全图声音，各种掉帧、卡帧以及疯狂闪退、画面频闪、以及每个新赛季都必定要享受的操作设置重置等），咱就谈谈这举报系统，这手游举报系统有没有人管管？巡查团和官方客服是吃干饭的吗？不管是以前还是现在，无论是没有巡查团的时候。还是现在更新了巡查团的时候。这对举报的处理速度依旧龟速。我当初刚入游的时候，不到30级，对面一个遁地穿墙挂，举报之后竟然能不成功，666，你这三角洲还是个神话游戏呢，土行孙都来了。我视频都录了，也发到抖音上了（然后又被我们万能的三角洲大人限流了，过了第二天更是直接给我把视频限制仅个人可见了）。依旧不处理问题，而是处理提出问题的人。然后我们再谈这个垃圾语音举报功能，不管是王者荣耀还是三角洲，只要对面骂你的时候，你同时开麦，不管你有没有骂人。只要对面点了你的举报，你就一定会被封。但是如果你点对面的举报，对面不一定会被封。没错，今天我在三角洲里就又遇到了，而且这个死蚂蚁野排环境（本来都快退游了，新赛季更新，体验一下长弓。做一下主线任务和那个赛季任务吧。开局都标了有敌人了。那队友就是直接去接标杆，就是不帮你架，就是让你一打三，你观战帮他报个点，上来就说你一直狗叫啥，然后就开始骂你。你刚想开麦骂过去，直接一个举报给你封了，就试问这谁能绷得住？这策划家里是不在了吗？咱也想祸不及双亲，但是那野排队友不管啊？三角洲青天举报大老爷可不管你的对错，反正就是你的语音被封。）然后就是关于强度，新出的干员必定是超标的，但是咱说实话，为啥非要每个赛季都出一个新干员呢？有这产能，你多设计一些枪械和地图不比新干员有意思多了吗？而且每次赛季中都必定要削弱，这导致每到赛季中和赛季末的时候，都有一堆玩家抱怨手感和强度都下降。（虽然从平衡性上讲是好事，但是为啥不能一开始就设计一个有特色的、吸引人，而不是纯靠强度来拉热度的干员呢？）还有那些老干员都牢成啥了？但凡水平相差不大，你威龙叔叔简直就是招笑，还有你那教官叔叔简直都牢底坐穿了（没有否认刚出的时候超标的意思）。你自己看看烽火地带的职业联赛数据，你游的看板郎就这么被对待吗？还有这个干员获取方式，早期的干员还可以招募，现在的新干员，如果你没有在那个赛季打到15级（虽然很简单），那么你就永远失去了获取这个新干员的机会。这从游戏的平衡性以及长期性来说是很难接受的一点，但是我们三角洲叔叔就是这么做了。只能说策划要是还想保住自己和家里人的话，就多听听正常玩家反馈吧，别学的像你那王者荣耀兄弟一样，只听中路女玩家和辅助的反馈，直接大众风评都被冲烂了，虽然本身三角洲就没路人缘这个东西。 下面是一些关于玩法的建议： 玩法上：既然你三角洲都打算出钓鱼这种休闲模式了，那么钓鱼只是单单局限于正常对局，是不是太狭隘了？不仅影响非钓鱼休闲玩家（比如猛攻或者是猥琐流），导致一局里面实际人数体验感比进入人数少得多，使对局强度以及得吃程度都有一定下降。而且也导致背刺这种事情的发生概率更高了，这显然对休闲玩家和非休闲玩家来说都不是一件好事。既然都已经出过黑鹰坠落。瓦尔基里和响尾蛇行动了，那么再出一下类似的钓鱼关卡，其实也不是不行，最好可以多人甚至多队互动，这很明显是一个比现在更优的，不错的爆点。 然后就是关于资源倾斜度，虽然一开始三角洲是作为手游版战地出现的，但是大战场的玩家受众其实并没有烽火地带多，热度也相对没那么高，那么是否可以把对大战场的一些资源倾斜到烽火模式，平衡一下呢？大战场平均每个赛季都至少有3张新地图或者模式体验，而烽火地带平均两个赛季出一张新地图，而且很难有地图优化。这对比确实有点过于强烈了。,TapTap玩家-083f9da9f91e,1,50342069,地图与模式,混合,严重,立即跟进：汇总热点区域与模式数据，安排地图和玩法迭代,,,,,主题命中：地图、模式、大战场、烽火地带、黑鹰坠落、玩法、长弓、新地图；正向命中：不错、有意思；负向命中：垃圾、差、烂、退游、不处理；严重度命中：闪退,高,4,主题命中：地图、模式、大战场、烽火地带、黑鹰坠落、玩法、长弓、新地图；正向命中：不错、有意思；负向命中：垃圾、差、烂、退游、不处理；严重度命中：闪退
DFF-001324,TapTap,https://www.taptap.cn/app/330259/review,2026-09-15T05:10:52.261Z,2026-09-06T11:08:27.000Z,zh-CN,被钓鱼吸引回来的听我一句劝。技术差的都来钓鱼了那有点枪法的小宝贝被踹的找不到东南西北怎么办[表情_思考]，那当然是让四叶带上它的旅人穿上四甲带上高倍镜的枪买点三级蛋猛踹钓鱼佬啦[表情_开心]你这个野人竟然不穿上四级甲带上枪就来钓鱼，是不是不给我放在眼里，必须狠狠地制裁[表情_生气]。 [表情_举手]那没有那么多的钱来玩绝密长弓猛踹非法组队的钓鱼佬怎么办呢？那当然是玩道具啦，看我们带上露娜乌鲁鲁盾构，然后在世外桃源把该死的钓鱼佬[表情_生气]骗进来然后狠狠地用巡飞弹、手雷、电箭灌满[表情_开心]。当然了翻车这种事情是很常见的，所以我们的盾构会配合我们撤离，来到滑索这里，上来疯狂的用盾构肘击该死的钓鱼佬啦[表情_期待]我们只需要补上道具和子弹就好了[表情_狗头] 那这个时候就又有人要问了[表情_微笑]，有没有操作性更简单的方法来狠狠地制裁钓鱼佬[表情_疑惑]，有的兄弟有的，我们这里还有制裁非法组队的无间道玩法[表情_坏笑]，我们这里推荐红狼和威龙，当然了，蛊也是非常推荐的。我们只需要悄悄的混入这些该死的非法组队钓鱼佬里面，然后给选定好的目标贴一个C4或者直接处决，然后利用红狼威龙的加速能力快速的跑路啦[表情_送花]，那又有人要问了，为什么你会推荐蛊呢[表情_疑惑]？那当然是因为蛊的大招命中会减血量，混入其中开个大招这群钓鱼佬只会以为是在开玩笑，这个时候配合队友可以轻松的制裁这些非法组队该死的钓鱼佬[表情_尬笑],TapTap玩家-9fcc0c957f96,5,50338184,武器与干员平衡,混合,高,高优先级：结合胜率与出场率评估武器和干员强度,,,,,主题命中：盾、子弹、红狼、露娜、威龙、蛊；正向命中：推荐、期待；负向命中：差、生气,高,3,主题命中：盾、子弹、红狼、露娜、威龙、蛊；正向命中：推荐、期待；负向命中：差、生气
DFF-001325,TapTap,https://www.taptap.cn/app/330259/review,2026-09-15T05:10:52.261Z,2026-09-06T09:34:44.000Z,zh-CN,"琳琅天上:听好了，干员们,等我排到前十,我要制定新的规则,一直撤要进黑屋, 一直输也要进黑屋,猛攻要进黑屋,跑刀也要进黑屋,出红要进黑屋,高压也要进黑屋. 玩家:我抗议以上的黑屋 琳琅天上:拖下去封号",TapTap玩家-6b27286f9467,1,50337310,客服与封禁,负向,高,高优先级：复核封禁与申诉工单，建立误封复查和响应时限,,,,,主题命中：封号、黑屋；负向命中：封号、黑屋,高,3,主题命中：封号、黑屋；负向命中：封号、黑屋
DFF-001326,TapTap,https://www.taptap.cn/app/330259/review,2026-09-15T05:10:52.261Z,2026-09-06T07:46:19.000Z,zh-CN,弹药混装可以自己排子弹顺序，穿甲弹接肉伤弹，对枪效率直接翻倍啊。,TapTap玩家-18a217b99bd3,5,50336261,武器与干员平衡,正向,低,沉淀正向口碑素材，并同步研发团队,,,,,主题命中：子弹,中,1,主题命中：子弹
DFF-001327,TapTap,https://www.taptap.cn/app/330259/review,2026-09-15T05:10:52.261Z,2026-09-06T07:40:18.000Z,zh-CN,S1入坑后玩了几天后删了，S3重新与朋友游玩，开始的时间和游玩虽然没有现在的很多内容，但很快每次与朋友一起都会说自己的经历，现在朋友也在但没了之前的感受，上线时间也越来越少，固排没来也不知道干什么，对局强度越来越高，爆率也变低了，甚至有一个赛季我一个大红（六格以上）都没有出，我真的希望三角洲能变得更好，策划真的好好想想玩家到底要什么吧,TapTap玩家-58c595389237,3,50336196,搜打撤与经济,负向,中,复核爆率、物价与撤离收益曲线，评估经济回收节奏,,,,,主题命中：爆率、大红；负向命中：坑,高,2,主题命中：爆率、大红；负向命中：坑
DFF-001328,TapTap,https://www.taptap.cn/app/330259/review,2026-09-15T05:10:52.261Z,2026-09-06T07:34:15.000Z,zh-CN,跨端互通是真的方便，电脑玩到一半出门，手机接着打进度完全同步,TapTap玩家-214229a733c4,5,50336114,任务与成长,正向,低,沉淀正向口碑素材，并同步研发团队,,,,,主题命中：进度,中,1,主题命中：进度
DFF-001329,TapTap,https://www.taptap.cn/app/330259/review,2026-09-15T05:10:52.261Z,2026-09-06T07:14:24.000Z,zh-CN,这赛季更新是真的听玩家反馈，之前吐槽的堵闸点、空地拉人、准星不能调，这次全改了,TapTap玩家-cd1938cdb038,5,50335901,界面与操作体验,正向,低,沉淀正向口碑素材，并同步研发团队,,,,,主题命中：准星,中,1,主题命中：准星
DFF-001330,TapTap,https://www.taptap.cn/app/330259/review,2026-09-15T05:10:52.261Z,2026-09-06T06:54:37.000Z,zh-CN,这游戏手游更新后，大战场烂完了，9月4日更新完后大战场卡的要死，人物建模比更新前烂，画质开最低，帧率低打着打着都能卡死， 没更新前这些现象根本就没有，画质为默认，帧率中，游戏一点问题都没有，玩得很流畅，这次更新大战场纯负面优化，还有就是谁家游戏不注重设备性能优化，可这游戏呢注重大厅UI优化,TapTap玩家-c3944c6b1959,1,50335672,性能与优化,负向,高,高优先级：按设备与网络环境复现高频问题，优先修复阻塞型故障,,,,,主题命中：优化、帧率、卡死；负向命中：烂、卡死,高,3,主题命中：优化、帧率、卡死；负向命中：烂、卡死
DFF-001331,TapTap,https://www.taptap.cn/app/330259/review,2026-09-15T05:10:52.261Z,2026-09-06T06:49:16.000Z,zh-CN,零氪玩到现在仓库塞得满满当当啦，所有干员武器都能肝，氪金只有皮肤这点真的很良心了[表情_大笑][表情_大笑],TapTap玩家-ab509d21dbe8,5,50335621,武器与干员平衡,正向,低,沉淀正向口碑素材，并同步研发团队,,,,,主题命中：干员、武器；正向命中：良心,高,1,主题命中：干员、武器；正向命中：良心
DFF-001332,TapTap,https://www.taptap.cn/app/330259/review,2026-09-15T05:10:52.261Z,2026-09-06T05:50:15.000Z,zh-CN,LSV两栖载具水陆通吃，大战场转点拉扯比以前灵活太多，一队人挤车里冲点很爽,TapTap玩家-00a6165b2f1d,5,50334952,地图与模式,正向,低,沉淀正向口碑素材，并同步研发团队,,,,,主题命中：大战场、载具；正向命中：爽,高,1,主题命中：大战场、载具；正向命中：爽
DFF-001333,TapTap,https://www.taptap.cn/app/330259/review,2026-09-15T05:10:52.261Z,2026-09-06T05:49:14.000Z,zh-CN,钓鱼系统完善之后意外上头，摸金累了河边甩两杆，居然还能钓出装备和哈夫币,TapTap玩家-3584dde1f2c1,5,50334938,搜打撤与经济,正向,低,沉淀正向口碑素材，并同步研发团队,,,,,主题命中：摸金、哈夫币、钓鱼；正向命中：上头,高,1,主题命中：摸金、哈夫币、钓鱼；正向命中：上头
DFF-001334,TapTap,https://www.taptap.cn/app/330259/review,2026-09-15T05:10:52.261Z,2026-09-06T02:39:55.000Z,zh-CN,策划把一手好牌打稀烂，游戏玩法和多样性方面无疑是十分优秀的，但是环境差点离谱，游戏内的干员强度方面不平衡，爆率一言难尽，匹配机制还不如王者，物价飞涨官方也不下台调一下，游玩环境还一群烦人的小辣条，以前风光的时代已经一去不复返了，现在我好友列表全灰了，自己感觉也马上要退游了,TapTap玩家-2b78d5d6e665,1,50333012,搜打撤与经济,混合,高,高优先级：复核爆率、物价与撤离收益曲线，评估经济回收节奏,搜打撤与经济,负向,高,否,主题命中：爆率、物价；正向命中：优秀；负向命中：差、烂、离谱、退游、不平衡,高,3,主题命中：爆率、物价；正向命中：优秀；负向命中：差、烂、离谱、退游、不平衡
DFF-001335,TapTap,https://www.taptap.cn/app/330259/review,2026-09-15T05:10:52.261Z,2026-09-06T01:52:41.000Z,zh-CN,对新手中规中矩，对中手加以呵护，对满级老手迎面痛击，痛下打手，拳拳暴击，刀刀致命 爆率是有的，只不过得在你疯狂撤离失败亏个几百几千万以后 素质是有的只不过要进行随机抽奖，抽中了奖励软萌乖巧小蛋糕一枚，没抽中，奖励没家教的垃圾小辣条一份，当然偶尔会抽出隐藏款:懂事的红领巾但概率极低。当然还有概率最高的安慰奖：各自为政各摸各的陌路同行人（有极大概率会抢东西吃） 当然好处啊，我忘了，反正在我对他投入最大的时候是感受得到的。到现在感受不到了，不是投入小了，是热情没了，热枕被磨灭了 当然，以下观点来自于一个操作不怎么样，间歇性发糖，不懂得养号的非氪金玩家,TapTap玩家-d7cd1b4c4d02,1,50332580,搜打撤与经济,负向,中,复核爆率、物价与撤离收益曲线，评估经济回收节奏,,,,,主题命中：爆率、撤离；负向命中：垃圾,高,2,主题命中：爆率、撤离；负向命中：垃圾
DFF-001336,TapTap,https://www.taptap.cn/app/330259/review,2026-09-15T05:10:52.261Z,2026-09-05T15:45:50.000Z,zh-CN,这游戏不推荐抱着赚钱去玩，赚钱的话，打打阴间打法得了，要想凭借猛攻赚钱就别想了，要说工作室不听劝吧，也知道返场玩家喜欢买的皮肤，要说听劝吧，爆率又不往上调，强度也不往下调，说好的为了针对阴间玩法做出的改变真没啥用，就只有个码头管堵桥的有点用，我是s3的玩家，这游戏打绝密真的就赚不了钱，你一直撤要进黑屋，一直输也要进黑屋，吃得多要进黑屋，吃得少也要进黑屋，真的没有兴趣玩了，再不提高玩家体验，这游戏迟早要凉，刚出来的时候就是凭借高爆率和各种钢枪博弈还有鼠鼠文化才火起来的，现在风气越来越差，好鼠鼠少了，大哥杀的鼠多了，被杀的鼠鼠又变成坏鼠鼠了，已经成恶性循环了，而且爆率越来越低，就比如前段时间说好爆率特别高的Az 3，上赛季大小保险保底出金，每把都能吃个一两百万，现在只有大保险保底才会出金，有时候还只出一个，尤其是现在的绝密航天，繁多的工程位，你敢信，一个刚枪游戏，完全就被技能统治了，什么3比特，3工程层出不穷，猛攻的和跑刀的处境越来越尴尬，最终演变成全图一枪不响，谁也不拉闸，越来越神了，有时候输得多了，普坝大保险爆率都比绝密的高，现在只要一个地方响枪，全图的人都过来劝，真的一直一直在消磨玩家的热情,TapTap玩家-6cdd1ed09e33,1,50329900,搜打撤与经济,混合,高,高优先级：复核爆率、物价与撤离收益曲线，评估经济回收节奏,,,,,主题命中：爆率、保险、出金；正向命中：喜欢、推荐；负向命中：差、黑屋、不推荐,高,3,主题命中：爆率、保险、出金；正向命中：喜欢、推荐；负向命中：差、黑屋、不推荐
DFF-001337,TapTap,https://www.taptap.cn/app/330259/review,2026-09-15T05:10:52.261Z,2026-09-05T12:03:58.000Z,zh-CN,就是说你一个搜打撤游戏说成这样，你也是无敌了三角洲，搜搜不到，打打不过，撤撤不掉，其他的我都不说了，你这个爆率就跟屎一样，恶心人，你知道吗？亏了1200万，连个两格红都看不到，你想咋的？明明可以直接上我兜里抢，或者说直接在我账号上扣的，啊，非要安排几个对局，恶心我，外挂遍地走我真的无语,TapTap玩家-25d78870073e,1,50327541,搜打撤与经济,负向,高,高优先级：复核爆率、物价与撤离收益曲线，评估经济回收节奏,,,,,主题命中：爆率、搜打撤；负向命中：恶心、恶心人、无语、外挂,高,3,主题命中：爆率、搜打撤；负向命中：恶心、恶心人、无语、外挂
DFF-001338,TapTap,https://www.taptap.cn/app/330259/review,2026-09-15T05:10:52.261Z,2026-09-05T08:57:40.000Z,zh-CN,纵横巅峰赛阵亡返还装备，猛攻党狂喜，五套满改冲进去乱杀，输了也不心疼。,TapTap玩家-0962423a05c9,5,50325766,正向反馈,正向,低,沉淀正向口碑素材，并同步研发团队,,,,,,中,1,
DFF-001339,TapTap,https://www.taptap.cn/app/330259/review,2026-09-15T05:10:52.261Z,2026-09-05T07:44:39.000Z,zh-CN,观战队友能自由切换视角，看大佬的预瞄和跑位，学了不少实用技巧[表情_举手],TapTap玩家-6d3db5c194ec,5,50324958,匹配与队友,正向,低,沉淀正向口碑素材，并同步研发团队,,,,,主题命中：队友,中,1,主题命中：队友
DFF-001340,TapTap,https://www.taptap.cn/app/330259/review,2026-09-15T05:10:52.261Z,2026-09-05T06:29:13.000Z,zh-CN,打完架还能撸四叶，小狗跑过来蹭腿的互动细节太暖了，干员一下子就不是冷冰冰的工具人,TapTap玩家-9c032bc6653d,5,50324174,武器与干员平衡,正向,低,沉淀正向口碑素材，并同步研发团队,,,,,主题命中：干员,中,1,主题命中：干员
DFF-001341,TapTap,https://www.taptap.cn/app/330259/review,2026-09-15T05:10:52.261Z,2026-09-05T06:13:30.000Z,zh-CN,猫鼠大作战还能接着玩，高强度摸金累了开一把放松，调剂节奏刚刚好,TapTap玩家-980d502256b1,5,50323983,搜打撤与经济,正向,低,沉淀正向口碑素材，并同步研发团队,,,,,主题命中：摸金,中,1,主题命中：摸金
DFF-001342,TapTap,https://www.taptap.cn/app/330259/review,2026-09-15T05:10:52.261Z,2026-09-05T05:03:57.000Z,zh-CN,长弓溪谷整条河道打通，开快艇在水面上绕后，敌人根本想不到你从水里冒出来,TapTap玩家-613755da7a60,5,50323329,地图与模式,正向,低,沉淀正向口碑素材，并同步研发团队,,,,,主题命中：长弓,中,1,主题命中：长弓
DFF-001343,TapTap,https://www.taptap.cn/app/330259/review,2026-09-15T05:10:52.261Z,2026-09-04T07:51:27.000Z,zh-CN,"你有没有发现，在不知不觉中，你越来越不想打开这款游戏了？当初三角洲刚开服那会儿，一切都是那么的美好。老飞鱼的蜀公文化安澜的大坝，把把流苏醒的夺势、花篮以及大苹果的猛攻，赞助可谓是百花齐放。当时的玩家们想打架就打架，想跑刀就跑刀。即便不是把把出货，但偶尔也能让你摸到个小红回本，从而循环往复的投入良心的对局 可如今呢，望着你好友栏里整夜整夜的灰色头像，唯有赛季刚开的时候有灵僧，几人上线任务，一做完又陷入一片沉寂。你想叫上三五好友，重拾激情航，给猛攻时，却没有一人愿意出线，这就是三角洲的现状 作为一款搜打绰游戏，首当其冲的就是搜，可现在呢局内爆率低迷，根本搜不出有价值的东西。除了绝密地图外，有时候一局小金都见不到保险里，那更是充斥着牛角女郎。超威策划当初承诺的绝不暗改，现在看来就是个笑话，难怪给乌鲁鲁搞个双王设定，搁这儿玩上自嘲了是吧？ 更过分的是，系统会根据你的战备价值，手动调控你的暴率。如果检测出你是跑刀玩家，那暴率更是没话说，那样真的会寒了玩家的心。失衡的经济系统更是让你你辛辛万苦摸出的大红，还人人背背包里一把枪阵涌，其出的喜喜感大打折扣的同时，还有策划恐中削弱的AI疯狗，更是让你的撤出的英龙登天 其次就是PP的核心内容。打大家应该都对最近的阴阴时代有所耳闻。什什么三比特组成的蓝石蜘蛛人，再到液氮登场，会出现在张雪峰阵容，三程以及老被炸，更是让人血脉喷涌涌举下来，对面人都没见到，就被漫天的道具给灌死了。人是这种委屈，谁能受得了？一个FPS游戏玩法的核心不是钢枪博弈，而是道具互扔。你抄其他游戏的英雄设计给我抄好了呀，能不能搞清楚人家的游戏模式给套用啊？人家都是竞技游戏，输了，大不了下巴干回来。但你作为一款摸金游戏，每一局的竞技失败，花费的可都是真真切切的哈弗币呀。我可以接受被技术主播或者绿户踢死，那是我个人实力菜。但是你这飞天遁地隔墙锁就过分了。从早期的DMA,到如今的OBS锁头，试问这样的环境谁能玩得下去？赛博杨过到最后跑刀撤不出去，猛攻，打不过红明红，明呢又封不掉，循环往复。玩到最后你才发现玩这游戏的，你才是被玩最惨的那个啊。在那一次的退坑坑背后后，不是因为玩家们不热爱，而是因为累了，生活已经够累了，游戏的意义都是现实的避风港。可如今糟糕的对局，逆天的匹配机制，失衡的经济系统，让本该快乐的游戏变得痛苦至极。策划们关注的永远都是头部的主播和大型的俱乐部意见，而被刺的却永远都是普通的大众玩家不退坑，难道永远陪着养不熟的白眼狼吗 广大玩家的心。只有积极聆听玩家的声音，与玩家社区建立信任，积极整改，目前混乱糟糕的环境，才有可能留住这些对你不离不弃的玩家们。如果官方继续一意孤行，对当今混乱的环境视若无睹啊，即便二十周年推测的生化大世界上线，那也终将是昙花一现，最会让日后的集体退坑愈演愈现，最彻底凉凉。",TapTap玩家-d65d75230af6,1,50315258,搜打撤与经济,混合,高,高优先级：复核爆率、物价与撤离收益曲线，评估经济回收节奏,,,,,主题命中：爆率、暴率、摸金、经济、保险、大红、小金；正向命中：良心；负向命中：坑、爆率低、暗改,高,3,主题命中：爆率、暴率、摸金、经济、保险、大红、小金；正向命中：良心；负向命中：坑、爆率低、暗改
DFF-001344,TapTap,https://www.taptap.cn/app/330259/review,2026-09-15T05:10:52.261Z,2026-09-03T18:50:12.000Z,zh-CN,上一年飞虎刚出到现在复刻，也玩了两千多小时。只能说越后面猛攻环境越差，绝密全是六子，打赢没奖励，打输有惩罚。爆率也是肉眼可见的下降，玩的多明显感觉到玩的越多爆率越低。真的就应该多出一些像之前赛季水淹大坝一样的地图，给玩家更多的选择。外挂多的问题也不用说玩过的都懂。这赛季的钓鱼看着还不错，也是增加可玩性了。,TapTap玩家-f9e81e77a8de,3,50311619,搜打撤与经济,混合,高,高优先级：复核爆率、物价与撤离收益曲线，评估经济回收节奏,,,,,主题命中：爆率、钓鱼；正向命中：不错；负向命中：差、外挂,高,3,主题命中：爆率、钓鱼；正向命中：不错；负向命中：差、外挂
DFF-001345,TapTap,https://www.taptap.cn/app/330259/review,2026-09-15T05:10:52.261Z,2026-09-03T18:46:41.000Z,zh-CN,挠谭游戏，就几把改吧，我五十个好友得退游三十个了，还有十个平时不怎么玩，我不明白了，你为什么不让玩家舒服一点呢？我是没花钱吗？我还是时常少了？我还是亏的少了？连撤不行，连跪不行，时常高了不行，干什么都不行，我他吗就想问问你了，你给一张地图多加几个撤离点能减寿吗？我从s3开始玩到现在，越来越没意思，打赢撤不了，打输了撤不了，我s5当时对你的新地图监狱还抱有幻想，设计的不错（我个人认为是这个几把游戏为数不多可以的了），然后告诉我没有机密，可以，适应监狱也删了，可以，你但凡管管你的灰产护航或者挂呢？我他吗起一二百万的装备进去全是零帧拉枪，咋打？共享监狱是恶心，我个人认为你可以暗调爆率，暗调对局，你呢？直接改不让撤。 还有你那个神人社区，端游神人多，手游辣条多，背刺，堵撤离点，炸撤离点，像模像样的给航天加个码头,TapTap玩家-8d62deabb62e,1,50311602,搜打撤与经济,混合,高,高优先级：复核爆率、物价与撤离收益曲线，评估经济回收节奏,,,,,主题命中：爆率、撤离点、撤离；正向命中：不错、舒服；负向命中：恶心、退游,高,3,主题命中：爆率、撤离点、撤离；正向命中：不错、舒服；负向命中：恶心、退游
DFF-001346,TapTap,https://www.taptap.cn/app/330259/review,2026-09-15T05:10:52.261Z,2026-09-03T18:29:56.000Z,zh-CN,本质打一巴掌给颗枣的策划 看似句句建议都听 实则句句没听完整 人机是超雄的 爆率是没有的 干员强度是越来越超模的 丢两个技能没躲掉大概率就可以收拾收拾下一把了 （就是说做不出新花样干员可以不产出那么快）变卖物的物价是越来越离谱的（房卡 大红例如复苏呼吸机 不知道各位都是什么时代的了 我刚玩的时候复苏呼吸机跟心差不多贵都是一千多万的 现在一言难尽 打骨折了直接...）靠日活加时长留玩家 费尽心思寻思联动藏品 搞点有的没的的炫彩手办（不是说不喜欢 而是爆率太低 想要收集就得撞车）但是撞就等着黑屋 核心密集的点里无名开会 （大坝行政楼 az3核反应区 巴克什博物馆和塔里 航天核心区各个个拐角）还一直推修脚蛋 ttk那么短 还一个劲想要消耗玩家哈弗币 人人都等着修脚谁还打架 卡个战备进去就是一趴 官方比赛也是好几个队都等着劝 不愿意主动打架 职业都这样 普通玩家更不会打架了 首先收益不高 主动动手会被劝 被六 被堵桥（玩法都对）,TapTap玩家-4b656d90d40f,2,50311549,地图与模式,混合,高,高优先级：汇总热点区域与模式数据，安排地图和玩法迭代,,,,,主题命中：玩法、大坝、航天、巴克什、az3；正向命中：喜欢；负向命中：差、离谱、黑屋,高,3,主题命中：玩法、大坝、航天、巴克什、az3；正向命中：喜欢；负向命中：差、离谱、黑屋
DFF-001347,TapTap,https://www.taptap.cn/app/330259/review,2026-09-15T05:10:52.261Z,2026-09-03T15:21:34.000Z,zh-CN,一个搜打撤游戏，我是不明白为什么要降低爆率，玩家摸不出红和卡对这个游戏有什么好处吗？装备几万十几万，容器出后妈耳环和牛角，一把游戏能不能赚取决于别人带进图的装备价值，每个人都阴着打最后一队，一把航天可以20分钟没一点枪响，桥上赌桥，浮力水鬼，蓝室三比特蹲闸，一个比一个阴，干员强度严重不平衡，工程不开一枪便可以完成击杀，一个好好的枪战类游戏变成了道具间的消耗，常常打一天0收益甚至负收益，动个脑子想想这游戏环境都成什么样了，玩家的建议一下都不看，声纹系统也是神了，红狼开跑我都听见了声音居然没有声纹，打药和滑索也常常无声，黑屋匹配机制更是神中神甚比隔壁王者荣耀，但别人至少段位相配吧，出门装备一样，只隔英雄强度，你做得什么鬼？我真不知我何德何能机密匹配打金弹M7的三角洲巅峰啊，我打游戏是来找快乐的，不是给别人当陀螺抽的，别充整正常玩家好吗？有本事去整治护航和外挂，没本事就别乱搞。策划你这嫌这游戏凉的不够快吗？,TapTap玩家-4c8980ce7995,1,50310464,搜打撤与经济,负向,高,高优先级：复核爆率、物价与撤离收益曲线，评估经济回收节奏,,,,,主题命中：爆率、出红、搜打撤；负向命中：不平衡、外挂、黑屋,高,3,主题命中：爆率、出红、搜打撤；负向命中：不平衡、外挂、黑屋
DFF-001348,TapTap,https://www.taptap.cn/app/330259/review,2026-09-15T05:10:52.261Z,2026-09-03T13:38:26.000Z,zh-CN,游戏可玩性还是很高的，随机奖励，风险博弈，都会刺激多巴胺分泌，得失感强烈。 更有0战备进图的无风险纯收益以留住破产玩家，然后是新地图新活动，新收藏品，以留住玩家增加日活。 氪金方面也不会影响公平性，也就是刀皮方面在游戏中会改变其本身数值，不过无伤大雅，玩家接受度还是很高的。 除了游戏内玩法，游戏外也有一些推广，玩家的玩梗，游戏比赛，大主播的影响力等等。 以上是游戏的优点，以下为手游的主观批判。 fps枪战类游戏，技术在一定层面上决定了游戏的收益，技术好收益一定比普通玩家要高，这里的收益是零和博弈，你的部分收益取决于你对手的装备，不过这也不算什么，游戏底层逻辑就是胜者为王赢家通吃，不过问题在技术之上有着外挂，外设，多指平板之类的显性或隐性的不公平的玩法，导致损失厌恶的增加。 其次手游低龄化严重，道德感极低，我曾在大厅随机找过5个“找大哥”的组队玩法，其中4支队伍是小学生，5支队伍中有3支队伍在被大哥收养后在麦里讨论什么时候背刺，最终有2支队伍成功被刺，这也要得益于三角洲超短的ttk，2人修脚就能搞定3个全装。 最后游戏摸金机制，保险的保护时间短了点，后摸先拿。匹配机制，全装匹跑刀，单人匹组队私麦，都是游戏机制问题。 只能想到上面这些了，纯主观还带了点情绪，不吐不快，遂骂之。,TapTap玩家-a56d8eecbcce,1,50309577,地图与模式,负向,高,高优先级：汇总热点区域与模式数据，安排地图和玩法迭代,,,,,主题命中：地图、玩法、新地图；负向命中：不公平、外挂,高,3,主题命中：地图、玩法、新地图；负向命中：不公平、外挂
DFF-001349,TapTap,https://www.taptap.cn/app/330259/review,2026-09-15T05:10:52.261Z,2026-09-02T16:48:18.000Z,zh-CN,曾经抱着很高的期待入坑这款战术射击大作，最后只剩满心的失望与愤怒。这款游戏如今已经彻底被外挂、糟糕的匹配机制和摆烂的运营毁掉，真心奉劝所有想要入坑的玩家三思，千万别来受这份罪。 外挂泛滥是这款游戏最致命的顽疾。DMA硬件挂、OBS画面自瞄等各类隐蔽作弊手段横行，已经形成完整的黑色产业链。外挂玩家无视墙体，隔墙透视、锁头秒杀，普通玩家哪怕躲在掩体后方，都会被外挂精准穿杀。我们日复一日苦练枪法、身法、跑图路线，辛辛苦苦攒下的高价值装备，在外挂面前一文不值，所有的技术和努力全部沦为笑话。 而官方的反作弊完全就是一个摆设，嘴上不停宣称升级反作弊系统、严打外挂，实际整治收效甚微，大量外挂账号逍遥法外，对局环境乌烟瘴气。举报系统形同虚设，提交大量对局证据，绝大多数举报石沉大海，反馈寥寥。更离谱的是反作弊专挑老实人下手，频繁出现无差别误封，大量正常游玩、投入大量时间金钱的玩家被无端封号，提交录屏、设备证据申诉，换来的只有千篇一律的模板回复，根本无人真正核实处理，寒了无数老玩家的心。 匹配机制更是一大毒瘤，所谓的黑屋惩罚机制肆无忌惮地操控对局。只要玩家撤离成功、收益偏高，立刻就被扔进高压对局，一边是装备精良的满编车队，一边是各路外挂，十局里面九局无法成功撤离，系统想方设法榨干玩家身上的物资。匹配不分战备、不分水平，一个高战力队友就能够带全队进入地狱难度，新手玩家毫无游戏体验，刚入坑就被疯狂劝退，生态恶性循环。 运营团队吃相难看，一门心思盯着玩家钱包。赛季皮肤、角色时装轮番上架，抽奖暗改爆率，想要心仪的红皮，往往需要动辄几千块的投入。各种各样的氪金礼包层出不穷，捞钱动作勤快得很，可游戏里面成堆的BUG长期置之不理，键位重置、音效丢失、对战卡顿、模型异常等问题迟迟得不到修复。玩家的合理诉求、版本优化建议长期被无视，官方眼里只有流水，根本没有用心维护游戏环境、听取玩家意见的诚意。 策划不断背刺老玩家，暗改物资产出、撤离收益，想方设法限制普通玩家的正常收益，把战术撤离生存游戏玩成处处设限的牢笼。曾经国产战术射击的希望，如今只剩下外挂横行、匹配离谱、运营摆烂。制作组肆意消耗玩家最初的热爱与信任，只顾疯狂收割，毫无长久运营一款精品游戏的担当。 真心不推荐任何人入坑三角洲行动。别把你的时间、精力还有金钱，浪费在一款外挂横行、官方不作为、肆意折磨普通玩家的游戏上。,TapTap玩家-a5b0b270ef9f,2,50302447,外挂与安全,混合,严重,立即跟进：优先排查反作弊链路，公开高频作弊类型处置进度,,,,,主题命中：外挂、透视、自瞄、锁头、作弊、反作弊；正向命中：推荐、期待；负向命中：差、烂、失望、离谱、劝退、坑、卡顿、封号、外挂、作弊、暗改、黑屋、千万别、不推荐；严重度命中：误封、外挂横行,高,4,主题命中：外挂、透视、自瞄、锁头、作弊、反作弊；正向命中：推荐、期待；负向命中：差、烂、失望、离谱、劝退、坑、卡顿、封号、外挂、作弊、暗改、黑屋、千万别、不推荐；严重度命中：误封、外挂横行
DFF-001350,TapTap,https://www.taptap.cn/app/330259/review,2026-09-15T05:10:52.261Z,2026-09-02T15:59:45.000Z,zh-CN,我作为一个S1赛季的老玩家，我觉得我有资格来评价这款游戏。 先说优点: 1.游戏的皮肤质量不错 2.福利 再说缺点: 1.匹配机制;这一点我也是深受其害，尤其是红鼠窝，大家下班放学想先打把红鼠窝放放松，找找手感，结果每回合都被当狗踹死，变成神仙打架，之后就在想，为什么我一个白银会匹到巅峰战神，甚至是全国巅峰战神，这是官方对我的实力认证？我觉得大部分玩家不需要这个认证吧。 2.枪械机制;想必大家都有过被M250颗秒的经历，伤害如此高的一把枪官方却只想着削控制而不是伤害，同门的M7也只削了四肢伤害，完全看不出削弱在哪里。 3.外挂;端游不论，手游建议向和平学习。 4.AI强度;烽火机枪兵两秒碎泰坦，战场人机牧羊人AT4零帧起手就是一炮，一把冲锋枪伤害和射程堪比M1A4带钢针，“我们削弱了AI”。 5.暗改;“我们没有暗改，改了就是改了，没有什么不能讲的”，可是你暗改深蓝钩爪距离、冲刺盾击范围、二次击倒概率，这些并没有写在公告栏中。 6.市场;官方恶意抬价，所有枪械价格全部上调，一把M250卖到了32万，一个赛季几乎没有低于30万，为了回收哈夫币脸都不要了。 7.活动;玩家辛辛苦苦将活动打满，结果只有几个绿皮，或者蓝皮，以及质量堪忧的紫皮。 总结:这款游戏不建议入坑，你需要有十足的抗压能力，以及对于策划脑热操作的容忍。它选择了一条放弃玩家的道路，盈利为主，提供快乐为辅。 个人观点:我怀疑官方的日活5000万有假，建议严查,TapTap玩家-846188cd215a,1,50302109,武器与干员平衡,混合,高,高优先级：结合胜率与出场率评估武器和干员强度,,,,,主题命中：枪械、冲锋枪、削弱、削、盾、伤害、牧羊人、深蓝；正向命中：不错；负向命中：坑、外挂、暗改,高,3,主题命中：枪械、冲锋枪、削弱、削、盾、伤害、牧羊人、深蓝；正向命中：不错；负向命中：坑、外挂、暗改
DFF-001351,TapTap,https://www.taptap.cn/app/330259/review,2026-09-15T05:10:52.261Z,2026-08-31T04:01:24.000Z,zh-CN,航天基地打纵横巅峰赛很合适，三维空间多，拉扯和架枪都有操作空间，打起来很爽[表情_斜眼笑],TapTap玩家-197b14d024b7,5,50279641,地图与模式,正向,低,沉淀正向口碑素材，并同步研发团队,,,,,主题命中：航天；正向命中：爽,中,1,主题命中：航天；正向命中：爽
DFF-001352,TapTap,https://www.taptap.cn/app/330259/review,2026-09-15T05:10:52.261Z,2026-08-30T08:55:01.000Z,zh-CN,搞不懂三角洲的乐趣在哪里？去普坝跑刀吧，爆率低，浪费时间。去绝密猛攻吧，又打不过，不是老鼠的、蹲闸的、堵桥，就是一堆偷背身的。我搞不懂了，这是枪战游戏还是道具游戏？有的干员扔几个道具就能赢了。还有那个神秘隐藏分。你撤出一把，直接给你连跪。直接给你进黑屋局，然后连跪20把。赚的亏回去了，本钱也亏进去了，又赚不回来。,TapTap玩家-e33c08239250,1,50272690,客服与封禁,负向,高,高优先级：复核封禁与申诉工单，建立误封复查和响应时限,,,,,主题命中：黑屋；负向命中：爆率低、黑屋,中,3,主题命中：黑屋；负向命中：爆率低、黑屋
DFF-001353,TapTap,https://www.taptap.cn/app/330259/review,2026-09-15T05:10:52.261Z,2026-08-30T08:33:04.000Z,zh-CN,纵横巅峰赛这个模式太懂猛攻玩家了，58万门票起全身满改进图，输了还返还装备，打架完全不心疼,TapTap玩家-96028165feec,5,50272465,地图与模式,正向,低,沉淀正向口碑素材，并同步研发团队,,,,,主题命中：模式；正向命中：改进,中,1,主题命中：模式；正向命中：改进
DFF-001354,TapTap,https://www.taptap.cn/app/330259/review,2026-09-15T05:10:52.261Z,2026-08-28T11:50:42.000Z,zh-CN,烽火地带 AI 难度微调，喷火兵移除之后，跑图搜物资再也不会莫名被偷袭暴毙,TapTap玩家-2bb6f14436a5,5,50251848,搜打撤与经济,正向,低,沉淀正向口碑素材，并同步研发团队,,,,,主题命中：物资,中,1,主题命中：物资
DFF-001355,TapTap,https://www.taptap.cn/app/330259/review,2026-09-15T05:10:52.261Z,2026-08-28T11:05:13.000Z,zh-CN,1.上调爆率，不要求你像刚出那时候一样爆率多高，但是也不能像现在这样绝密来个女郎和牛角吧？ 2.削弱那几个破工程位，几个工程位往那个总裁里面一钻，一枪不用开你的头甲直接变吊带。我知道工程位本意是想限制一下突击位，但是现在突击位不牢吗？在室内，突击位就是打不过会玩的工程位，都这样了你还不愿意加强一下突击位吗？就算不加强，就不能削一下工程位吗？ 3.你返场皮肤就返场皮肤，搞🥚鸟窝啊？你直接放出来想买的直接买不也能带动玩家的消费热情吗？可显着你了，搞饥饿营销那一套，想买北极星的来黑海，想买黑海的来北极星，还得是你 三角洲我内测的时候就开始玩了，中间断过一段时间，但是也一直玩到现在，我在里面投入了很多的时间与精力，我也希望游戏可以做的越来越好，但是策划为什么不能多听听玩家的意见呢？每次赛季更新我都兴高采烈的玩，结果呢，换来的永远都是失望。不可否认三角洲确实给我带来了不少的欢乐回忆，但是再怎么样玩家也会有热情耗尽的那一天 我希望策划可以多听一下玩家的反馈，哪怕有些内容确实不太好做，但是只要你真的在去做了，我们玩家也能感觉得到，而不是像现在这样“我们没有暗改”，有没有暗改我们玩家不知道吗？ 三角洲作为一款当下热门游戏之一，我真的不希望它走上玩家唾骂，资本抛弃的时代垃圾这一条路，它明明可以做的更好 加油吧，三角洲,TapTap玩家-46fe76e7cea9,3,50251391,武器与干员平衡,混合,高,高优先级：结合胜率与出场率评估武器和干员强度,,,,,主题命中：削弱、加强、削；正向命中：加油；负向命中：垃圾、失望、暗改,高,3,主题命中：削弱、加强、削；正向命中：加油；负向命中：垃圾、失望、暗改
DFF-001356,TapTap,https://www.taptap.cn/app/330259/review,2026-09-15T05:10:52.261Z,2026-08-28T08:40:26.000Z,zh-CN,s1末玩的，玩到现在，s9赛季末开始没啥爆率，整个s10平常跑刀出个金就已经是高爆了,TapTap玩家-c0f00d5a1c5b,1,50249692,搜打撤与经济,负向,中,复核爆率、物价与撤离收益曲线，评估经济回收节奏,,,,,主题命中：爆率,中,2,主题命中：爆率
DFF-001357,TapTap,https://www.taptap.cn/app/330259/review,2026-09-15T05:10:52.261Z,2026-08-27T01:22:45.000Z,zh-CN,密钥房不再是纯赌运气，就算没开出大金，也经常能拿到实用的武器配件。,TapTap玩家-b8cf9acac944,5,50228701,武器与干员平衡,正向,低,沉淀正向口碑素材，并同步研发团队,,,,,主题命中：武器,中,1,主题命中：武器
DFF-001358,TapTap,https://www.taptap.cn/app/330259/review,2026-09-15T05:10:52.261Z,2026-08-26T15:06:48.000Z,zh-CN,作为一个资深挂J，我可以很负责任的讲，你不开挂，你根本玩不了，你开挂了你也打不过。 ⛺生存难度： 市面上有很多很多的挂，就比如最近的，库洛米，enen，淋羽，独角兽，葫芦娃，他们全都是免费的，几个频道加起来200多万人，每局航天至少有一队人是挂，怎么打？官方根本就不管，对面更是演都不演，开不开都打不过，怎么玩？ 🔖运营服务： 策划脑子里装的就是大粪，爆率又低，老是关黑屋。 撤的多要关黑屋 赚的多要关黑屋 死的多也要关黑屋 太久没进黑屋也要进黑屋 不管怎样，就是要让你进黑屋 整个航天就是神仙打架，反作弊也是催一点动一点……,TapTap玩家-4d0b7598792c,1,50225051,外挂与安全,负向,严重,立即跟进：优先排查反作弊链路，公开高频作弊类型处置进度,,,,,主题命中：开挂、作弊、反作弊、神仙；负向命中：作弊、黑屋、玩不了；严重度命中：玩不了,高,4,主题命中：开挂、作弊、反作弊、神仙；负向命中：作弊、黑屋、玩不了；严重度命中：玩不了
DFF-001359,TapTap,https://www.taptap.cn/app/330259/review,2026-09-15T05:10:52.261Z,2026-08-25T06:49:19.000Z,zh-CN,本质是摸金游戏，一点点积累，每次在地图里面发现高价值东西会很开心，能带出来就会更开心，至于其他的看来不重要,TapTap玩家-818d56462e2d,5,50203207,搜打撤与经济,正向,低,沉淀正向口碑素材，并同步研发团队,,,,,主题命中：摸金,中,1,主题命中：摸金
DFF-001360,TapTap,https://www.taptap.cn/app/330259/review,2026-09-15T05:10:52.261Z,2026-08-23T12:55:09.000Z,zh-CN,不同战备分区间匹配明显有所改善，不是每把都撞上满配大佬，新手生存空间变好,TapTap玩家-0d5863dd9742,5,50178739,匹配与队友,正向,低,沉淀正向口碑素材，并同步研发团队,,,,,主题命中：匹配,中,1,主题命中：匹配
DFF-001361,TapTap,https://www.taptap.cn/app/330259/review,2026-09-15T05:10:52.261Z,2026-08-22T07:22:58.000Z,zh-CN,改得越来越差了，不清图，基本很难玩，普坝神人越来越多了，四套都来了。还不是个例，人机伤害大幅加强，有次还有一大半的血，被人机普通人理，拿了一把野牛给我秒了，我还以为那个人的名字叫做人机名字，专门去看了回放，结果就是普通人机,TapTap玩家-cda990719a07,1,50156962,武器与干员平衡,负向,中,结合胜率与出场率评估武器和干员强度,,,,,主题命中：加强、伤害；负向命中：差,高,2,主题命中：加强、伤害；负向命中：差
DFF-001362,TapTap,https://www.taptap.cn/app/330259/review,2026-09-15T05:10:52.261Z,2026-08-21T10:01:16.000Z,zh-CN,可能是因为我KD有点高吧应该进了黑屋两三个赛季了，没见过红打了上千把，原本的KD从3.6降到了0.7，爆率还是没有改变人机也是伤害很高及本过发射区都有可能死，说实话，有点失望了。,TapTap玩家-38f3777b84fc,2,50136465,客服与封禁,负向,高,高优先级：复核封禁与申诉工单，建立误封复查和响应时限,,,,,主题命中：黑屋；负向命中：失望、黑屋,中,3,主题命中：黑屋；负向命中：失望、黑屋
DFF-001363,TapTap,https://www.taptap.cn/app/330259/review,2026-09-15T05:10:52.261Z,2026-08-21T09:49:45.000Z,zh-CN,外挂多（基本不怎么封） 爆率低（清完塔爽吃17个牛角的来） 黑屋高（绝密要么全是凑战备的，要么全图6套） 环境差（你不打，我不打，打最强一队的来） 小兵猎奇（一脚半血，一火秒倒）,TapTap玩家-fed74be7fb0a,2,50136161,外挂与安全,混合,高,高优先级：优先排查反作弊链路，公开高频作弊类型处置进度,,,,,主题命中：外挂；正向命中：爽；负向命中：差、外挂、爆率低、黑屋,中,3,主题命中：外挂；正向命中：爽；负向命中：差、外挂、爆率低、黑屋
DFF-001364,TapTap,https://www.taptap.cn/app/330259/review,2026-09-15T05:10:52.261Z,2026-08-20T11:35:00.000Z,zh-CN,作为一个从去年暑假开始玩，然后最近刚退游的入坑，刚完满一年的新玩家来说，这款游戏已经对我十分的劝退了，诚然，在一年前，这款游戏还是一款非常好玩的，让人十分舒适的游戏，也是让我几乎入魔，甚至让我戒掉王者荣耀的游戏，但是物是人非啊，随着暴率的下调，阴间玩法的增多，各种外挂横行，我越来越不想玩这个游戏了，当然，我也有非常热爱这个游戏的时候，比如第一次出心的时候，比如第一次出饰金玫瑰的时候，比如靠自己努力拿下北极星的时候，我玩游戏最入魔的时候是用苹果6s加上云游戏来玩这个游戏，当然，那时候也是真的热爱这个游戏，可是，随着账号的一次次被误封，被各种阴间玩法外挂给踢死，爆率的持续下降，我对这个游戏越来越看不到希望了，还记得我第一次穿六套清图，我和我的顾牌，以为我俩是龙虎双边，但现在看，已经是路边两条了，前两天刚把这游戏给删掉，虽然十分不舍，但这已经是最好的结果了，我想不明白，我上百万的五套金蛋为什么打不过修脚枪，为什么打不过三套半改枪的工程队，甚至我在机密起上百的装备都打不过那些玩个盾，然后拿个修脚喷的，我不是说盾不好，我只是感觉这个游戏越来越不好玩了，爆率没爆率，阴间玩法横行，游戏环境又不好，物价又飞涨，其实本质上还是说爆率太低了，爆率低，赚不到钱，硬件玩法横行，而野排之间彼此又为了那些红，为了那些哈弗币，而绞尽脑汁，现在三亚洲官方又不务正业，整一些不着调的东西，明明烽火的产出更大，却把重要资源放在新模式，新干员和大战场这张地图上，而角色设计又是根据烽火设计的，导致大战场的干员强度差异巨大，然后又说大战场是最重要的模式，这让我一个两个模式都玩的玩的很难受，大战场地图越出越难玩，越出越恶心，还有载具，单排玩载具的感觉载具很难玩，单人反载的又感觉反载很难，就是两边都不讨好，还有外挂问题，我之前玩潘生这张图的时候遇到了一个外挂，自己站在山上就是疯狂的涨人头，举报了好几次才封掉，而在局内，他又说，开外挂又咋了，就说瘦着之类的，我现在已经明显的感觉到环境在恶化了，胜者为王这个不太好评价，因为我这个模式玩的比较少，精力又主要是在烽火模式，我能说的就这些了，言尽于此，问我这个游戏好不好玩，我就只能说最好别玩。,TapTap玩家-1f622504498e,2,50108614,地图与模式,混合,严重,立即跟进：汇总热点区域与模式数据，安排地图和玩法迭代,,,,,主题命中：地图、模式、大战场、玩法、载具；正向命中：好玩；负向命中：差、恶心、难受、劝退、退游、坑、外挂、爆率低、太低了、别玩；严重度命中：误封、外挂横行,高,4,主题命中：地图、模式、大战场、玩法、载具；正向命中：好玩；负向命中：差、恶心、难受、劝退、退游、坑、外挂、爆率低、太低了、别玩；严重度命中：误封、外挂横行
DFF-001365,TapTap,https://www.taptap.cn/app/330259/review,2026-09-15T05:10:52.261Z,2026-08-20T03:34:37.000Z,zh-CN,我给你们说一下，这个的确很好玩，但是机密和绝密爆率实在太低了，并且新手玩家玩机密的话还容易被机密的一些人打了，不过，航天有鼠鼠可以来机密航天 🔫枪械还原度： 特别的还原，就是那个95式改枪都那么花，还有那个同人突击步枪95式，那些m7m14都是我的最爱 ⛺生存难度： 生存难度可以根据kd来决定，建议kd控制在1.0以下，这样子的话，你玩虎霸或者是普攻的时候，我出好多金，前提是你机密kd必须低于1.0或者是机密撤离失败好多次,TapTap玩家-141d131a79a5,4,50102753,搜打撤与经济,混合,中,复核爆率、物价与撤离收益曲线，评估经济回收节奏,,,,,主题命中：爆率、撤离；正向命中：好玩；负向命中：太低了,高,2,主题命中：爆率、撤离；正向命中：好玩；负向命中：太低了
DFF-001366,TapTap,https://www.taptap.cn/app/330259/review,2026-09-15T05:10:52.261Z,2026-08-19T12:57:16.000Z,zh-CN,什么叫朋友回归爆杀12个拿下天才少年叫开挂给我追缴1000万？什么叫打了三把绝密吃了不到20万，被送进了黑屋局？什么叫举报开挂的被当挂封了？什么叫在总裁窗户外面飞的威龙是绿玩？ 致敬最会审核，最照顾绿玩，最不爱追缴，最不爱暗改的游戏。,TapTap玩家-e12038379aa6,1,50096516,外挂与安全,负向,高,高优先级：优先排查反作弊链路，公开高频作弊类型处置进度,外挂与安全,负向,严重,否,主题命中：开挂；负向命中：暗改、追缴、黑屋,中,3,主题命中：开挂；负向命中：暗改、追缴、黑屋
DFF-001367,TapTap,https://www.taptap.cn/app/330259/review,2026-09-15T05:10:52.261Z,2026-08-18T09:46:33.000Z,zh-CN,这类型游戏我没见过比三角洲更恶心的了，单排玩家毫无游戏体验官方也根本不管强制劝退单排玩家，动态爆率匹配机制黑屋机制更是恶心的要命，刚开服那会还好一点。我个人的号杀两个人直接进黑屋小金都不给你出几个，回本只能靠杀人，但是杀人又进黑屋，直接死循环。我是刚开服那会儿就玩的老玩家了，当时是真挺喜欢玩的，但是后面就陷入这样的死循环了，退游都是被迫的，给我恶心坏了，还有就是外挂护航满天飞的问题，挺无语的，这游戏唯一优点就是刚入坑挺好玩，不然就这种一个玩意早关服了 你敢信有一款游戏可以直接把玩家账号搞废了的！！！逼玩家退游的！！！,TapTap玩家-1f20987d9b26,1,50081444,外挂与安全,混合,高,高优先级：优先排查反作弊链路，公开高频作弊类型处置进度,,,,,主题命中：外挂、护航；正向命中：好玩、喜欢；负向命中：恶心、劝退、退游、无语、坑、外挂、黑屋,高,3,主题命中：外挂、护航；正向命中：好玩、喜欢；负向命中：恶心、劝退、退游、无语、坑、外挂、黑屋
DFF-001368,TapTap,https://www.taptap.cn/app/330259/review,2026-09-15T05:10:52.261Z,2026-08-18T09:20:37.000Z,zh-CN,枪匠系统深度是真的够，同一把枪改机动流和改架枪流完全是两种手感，没事就爱进去折腾配件，改出顺手的组合特别有成就感,TapTap玩家-31fe39191078,5,50081106,界面与操作体验,正向,低,沉淀正向口碑素材，并同步研发团队,,,,,主题命中：手感,中,1,主题命中：手感
DFF-001369,TapTap,https://www.taptap.cn/app/330259/review,2026-09-15T05:10:52.261Z,2026-08-18T07:21:58.000Z,zh-CN,地图美术其实值得单独说一下！有几个区域的氛围做得确实不错，光看截图就能认出来是哪，地图除了好不好打之外，辨识度也很重要，不然玩久了所有场景都一个感觉,TapTap玩家-b47d84d796cf,5,50079570,地图与模式,正向,低,沉淀正向口碑素材，并同步研发团队,,,,,主题命中：地图；正向命中：不错、值得,中,1,主题命中：地图；正向命中：不错、值得
DFF-001370,TapTap,https://www.taptap.cn/app/330259/review,2026-09-15T05:10:52.261Z,2026-08-18T06:54:53.000Z,zh-CN,大战场24v24的规模感做出来了，炮火载具步兵混在一起，跟队友抱团推据点的时候那种战场氛围，小模式根本体验不到。,TapTap玩家-39f449ebd609,5,50079208,地图与模式,正向,低,沉淀正向口碑素材，并同步研发团队,,,,,主题命中：模式、大战场、载具,高,1,主题命中：模式、大战场、载具
DFF-001371,TapTap,https://www.taptap.cn/app/330259/review,2026-09-15T05:10:52.261Z,2026-08-17T08:53:04.000Z,zh-CN,干员平衡一直在做细微调整，之前坐冷板凳的角色慢慢能上场了，组队不用每局都锁那几套版本强势阵容，选择多了,TapTap玩家-0751db15b07c,5,50067801,武器与干员平衡,正向,低,沉淀正向口碑素材，并同步研发团队,,,,,主题命中：干员、平衡、强势,高,1,主题命中：干员、平衡、强势
DFF-001372,TapTap,https://www.taptap.cn/app/330259/review,2026-09-15T05:10:52.261Z,2026-08-17T08:03:29.000Z,zh-CN,这波反作弊力度挺大的，之前经常遇到的挂真的少了很多，打烽火的时候终于能公平竞技了，虽然还是会遇到高手，但至少输了也服气[表情_大笑],TapTap玩家-cab74572494c,5,50067101,外挂与安全,负向,高,高优先级：优先排查反作弊链路，公开高频作弊类型处置进度,,,,,主题命中：作弊、反作弊；负向命中：作弊,高,3,主题命中：作弊、反作弊；负向命中：作弊
DFF-001373,TapTap,https://www.taptap.cn/app/330259/review,2026-09-15T05:10:52.261Z,2026-08-17T05:16:18.000Z,zh-CN,大战场据点攻防节奏调过之后合理多了，不会出现一边倒碾压的无聊局，抱团推进打配合的乐趣又回来了，团战体验好了,TapTap玩家-f4fc9f16b635,5,50065136,地图与模式,负向,低,汇总热点区域与模式数据，安排地图和玩法迭代,,,,,主题命中：大战场、攻防；负向命中：无聊,高,1,主题命中：大战场、攻防；负向命中：无聊
DFF-001374,TapTap,https://www.taptap.cn/app/330259/review,2026-09-15T05:10:52.261Z,2026-08-17T00:20:37.000Z,zh-CN,我从s4开始玩，不算多吧，但也把这个游戏的机制摸透了： 1.杀人多了进黑屋，机密有红蛋刘涛啥意思？ 2.账号不同爆率不同，我和我同学绝密kd都是1，他绝密出了7颗心，我6个赛季只有一个（气笑了） 3.战斗分和精确命中率一旦上升，那对局强度就会直线上升，（挂，护航，寻宝鼠，单三魔王等等） 客观评价呢，整体也不是不行，但三甬州策划的神人操作迟早会让整个游戏崩溃，只希望策划以后干点人事吧,TapTap玩家-8881eaf6c319,2,50062536,外挂与安全,负向,严重,立即跟进：优先排查反作弊链路，公开高频作弊类型处置进度,,,,,主题命中：护航；负向命中：崩、黑屋；严重度命中：崩溃,中,4,主题命中：护航；负向命中：崩、黑屋；严重度命中：崩溃
DFF-001375,TapTap,https://www.taptap.cn/app/330259/review,2026-09-15T05:10:52.261Z,2026-08-16T07:43:27.000Z,zh-CN,从去年6月开始玩的，因为当时的鼠鼠文化入坑的，对这个游戏真的失望了。不知道这个游戏的策划是怎么想的，先不提这个游戏现在环境里全是小孩环境恶臭的要死，爆率更是因人而异反正我低的要死，野排队友基本只知道抢物资，光现在这个物价就很离谱，正常绝密一把差不多要150万左右，正常跑刀撤一把大概也就15分钟100来万，完事还很难撤到处都是人大概跑一小时刀你绝密一把就没了，打架也不好好打到处都是老鼠和修脚，如果不是和现实中的朋友一起玩那游戏体验更是没话说，又菜又贪吃的队友看一眼都火大，一个9格大红打10把都不一定有结果打一把绝密都没了，很多小孩以为游戏币能按比例换成人民币为了点游戏币B脸不要搞得环境乌烟瘴气，活动也不当人扣扣搜搜给一点蚊子腿，最近真正有点诚意的活动还是上次的哈德森，这司凤游戏谁爱玩谁玩吧，真成第二个宝宝巴士了，抖音上和三角洲有关的内容也是全是小孩,TapTap玩家-587b6b4facdc,1,50054667,搜打撤与经济,负向,高,高优先级：复核爆率、物价与撤离收益曲线，评估经济回收节奏,,,,,主题命中：爆率、物资、物价、大红；负向命中：差、失望、离谱、坑,高,3,主题命中：爆率、物资、物价、大红；负向命中：差、失望、离谱、坑
DFF-001376,TapTap,https://www.taptap.cn/app/330259/review,2026-09-15T05:10:52.261Z,2026-08-16T07:12:13.000Z,zh-CN,跟固定队约好，每天晚上打烽火，三个人配合，越来越默契，液氮封路蜂医奶人红狼冲，胜率比刚开服的时候高多了，开黑还是得固定队,TapTap玩家-7153ce9e695b,5,50054320,武器与干员平衡,正向,低,沉淀正向口碑素材，并同步研发团队,,,,,主题命中：液氮、红狼、蜂医,高,1,主题命中：液氮、红狼、蜂医
DFF-001377,TapTap,https://www.taptap.cn/app/330259/review,2026-09-15T05:10:52.261Z,2026-08-16T06:44:28.000Z,zh-CN,s10更新后游戏寿命明显增加，不会像以前一样很快玩腻，尤其图里的细节变多了，大红分布也比较平均.,TapTap玩家-c0090ca84001,5,50053956,搜打撤与经济,正向,低,沉淀正向口碑素材，并同步研发团队,,,,,主题命中：大红,中,1,主题命中：大红
DFF-001378,TapTap,https://www.taptap.cn/app/330259/review,2026-09-15T05:10:52.261Z,2026-08-16T06:41:55.000Z,zh-CN,在手机玩了一周活动，基本每天充两次电，不过帧率一直挺稳的，没有因为活动内容多就变卡，优化这块还是可以的，希望继续保持,TapTap玩家-c59e20d54dc9,4,50053917,性能与优化,正向,低,沉淀正向口碑素材，并同步研发团队,,,,,主题命中：优化、帧率,高,1,主题命中：优化、帧率
DFF-001379,TapTap,https://www.taptap.cn/app/330259/review,2026-09-15T05:10:52.261Z,2026-08-16T06:28:59.000Z,zh-CN,最喜欢这种有风险有收益的玩法，拿到好装备成功撤离真的爽，尤其最后在常规点撤出的时候，完全紧张刺激，就怕被人守,TapTap玩家-eef55dfad0f2,5,50053744,搜打撤与经济,正向,低,沉淀正向口碑素材，并同步研发团队,,,,,主题命中：撤离；正向命中：喜欢、爽,中,1,主题命中：撤离；正向命中：喜欢、爽
DFF-001380,TapTap,https://www.taptap.cn/app/330259/review,2026-09-15T05:10:52.261Z,2026-08-16T05:54:44.000Z,zh-CN,这赛季让我重新找回了第一次玩搜撤游戏时候的感觉，拿到好东西之后不是想着继续无脑打，而是开始纠结到底该不该撤，游戏性都变强了！,TapTap玩家-beadf3dcdfd8,5,50053311,正向反馈,正向,低,沉淀正向口碑素材，并同步研发团队,,,,,,中,1,
DFF-001381,TapTap,https://www.taptap.cn/app/330259/review,2026-09-15T05:10:52.261Z,2026-08-16T05:37:43.000Z,zh-CN,跟对象一起玩我搜物资他打架，藏宝图出了好几个，现在他比我还上瘾，每天催我上线摸旅行包，游戏成了约会项目,TapTap玩家-850fc6a158e2,5,50053116,搜打撤与经济,正向,低,沉淀正向口碑素材，并同步研发团队,,,,,主题命中：物资,中,1,主题命中：物资
DFF-001382,TapTap,https://www.taptap.cn/app/330259/review,2026-09-15T05:10:52.261Z,2026-08-15T09:52:50.000Z,zh-CN,版本修复了一堆拾取、背包卡顿的小毛病，打高危交战的时候操作跟手多了，不会关键时刻掉链子宝藏月内容给得是真足，火箭鼠鼠藏宝图新模式堆在一起，每天上线都有新东西玩，完全不会觉得无聊,TapTap玩家-69836ebc3c2f,5,50043291,界面与操作体验,负向,高,高优先级：整理交互问题清单，优化设置、准星与操作反馈,,,,,主题命中：操作、修复；负向命中：无聊、卡顿,高,3,主题命中：操作、修复；负向命中：无聊、卡顿
DFF-001383,TapTap,https://www.taptap.cn/app/330259/review,2026-09-15T05:10:52.261Z,2026-08-15T09:07:25.000Z,zh-CN,烽火挑战的独立物资用习惯了，回去打普通撤离还真有点不适应，总觉得死了不心疼，结果是掉了一把好枪心疼半天，看来还是烽火玩着爽,TapTap玩家-04bf4fa7f936,5,50042605,搜打撤与经济,正向,低,沉淀正向口碑素材，并同步研发团队,,,,,主题命中：物资、撤离；正向命中：爽,高,1,主题命中：物资、撤离；正向命中：爽
DFF-001384,TapTap,https://www.taptap.cn/app/330259/review,2026-09-15T05:10:52.261Z,2026-08-15T05:37:08.000Z,zh-CN,能明显感觉到反作弊还在持续发力，最近排到挂的次数少很多，打绝密不用每把都提心吊胆,TapTap玩家-f3bd6c6d3832,5,50039912,外挂与安全,负向,高,高优先级：优先排查反作弊链路，公开高频作弊类型处置进度,,,,,主题命中：作弊、反作弊；负向命中：作弊,高,3,主题命中：作弊、反作弊；负向命中：作弊
DFF-001385,TapTap,https://www.taptap.cn/app/330259/review,2026-09-15T05:10:52.261Z,2026-08-15T04:44:52.000Z,zh-CN,S10 的裂变机制玩久了还挺有意思，老地图会临时变样，打熟的点位也不能无脑靠记忆乱冲。,TapTap玩家-8f1dbd97d127,5,50039250,地图与模式,正向,低,沉淀正向口碑素材，并同步研发团队,,,,,主题命中：地图、点位；正向命中：有意思,高,1,主题命中：地图、点位；正向命中：有意思
DFF-001386,TapTap,https://www.taptap.cn/app/330259/review,2026-09-15T05:10:52.261Z,2026-08-15T01:59:14.000Z,zh-CN,赛季任务设计得挺合理的，不是那种必须肝很久的变态任务，正常打打对局就能完成大部分，不用为了任务改变自己的游玩习惯[表情_坏笑],TapTap玩家-f8975b40301b,5,50037355,任务与成长,正向,低,沉淀正向口碑素材，并同步研发团队,,,,,主题命中：任务、赛季任务、肝,高,1,主题命中：任务、赛季任务、肝
DFF-001387,TapTap,https://www.taptap.cn/app/330259/review,2026-09-15T05:10:52.261Z,2026-08-14T14:59:23.000Z,zh-CN,国产最好玩的搜打撤游戏😂😂新活动辛辛苦苦跑半天给你一个蓝你受得了吗，策划道歉说增强藏宝图爆率，仔细看看公告结果是增加了出藏宝图的概率，请问我拿着藏宝图辛辛苦苦的跑图拿一堆小紫的意义是？和假一赔10赔你10个假的有啥区别？一整天都不来，从250m打到166m，一整张地图从开局到结尾一声枪响都没有，谁第一个开火立刻暴露坐标😂😂整上黑暗森林法则了，中控闪击宿舍，西大刷完卡了听到枪声立刻跑回来，好不容易接完两队了，二员来了，二元的打掉牢区的胜利队伍来了，子子孙孙无穷尽也吗？发射老鼠爽吃核心是吗？,TapTap玩家-72c6d3becb85,1,50033465,搜打撤与经济,混合,中,复核爆率、物价与撤离收益曲线，评估经济回收节奏,,,,,主题命中：爆率、搜打撤；正向命中：好玩、爽；负向命中：卡了,高,2,主题命中：爆率、搜打撤；正向命中：好玩、爽；负向命中：卡了
DFF-001388,TapTap,https://www.taptap.cn/app/330259/review,2026-09-15T05:10:52.261Z,2026-08-14T08:08:31.000Z,zh-CN,跟固定队三排打烽火，一个液氮封路一个蜂医奶人一个红狼冲点，配合熟了之后连胜无敌爽，比单排路人局体验好太多,TapTap玩家-f1f9d947c35a,4,50027840,武器与干员平衡,正向,低,沉淀正向口碑素材，并同步研发团队,,,,,主题命中：液氮、红狼、蜂医；正向命中：爽,高,1,主题命中：液氮、红狼、蜂医；正向命中：爽
DFF-001389,TapTap,https://www.taptap.cn/app/330259/review,2026-09-15T05:10:52.261Z,2026-08-14T04:08:26.000Z,zh-CN,游戏里的 BGM 做得很有氛围感，登录界面的音乐听着就很燃，对局里紧张的时候音乐也会跟着变，沉浸感一下就上来了,TapTap玩家-c10a0edf79d0,5,50024779,界面与操作体验,正向,低,沉淀正向口碑素材，并同步研发团队,,,,,主题命中：界面,中,1,主题命中：界面
DFF-001390,TapTap,https://www.taptap.cn/app/330259/review,2026-09-15T05:10:52.261Z,2026-08-13T12:41:04.000Z,zh-CN,省流：开服，绿玩，脸黑，已退。 省流完了还不解恨，细说一下。当时刚上线，背着家长用荣耀20i下的，有这个手机的都知道性能多拉胯，我的屏幕还是碎的，啥都是最低配置，也没耽误我顶着高延迟低画质玩。 结果呢？就出过一个九格，还是第一次长弓机密出的，啥负面事没干，一个大红没见过，有九个啥都不刷，一过期刷刷出六格，当时高二压力真大，也没觉得我的爆率低就不想玩，航天还有不少人接暗号。别人炫耀出红我也不说啥，无非觉得我脸黑，号不好而已。十个赛季完整玩了九个，真的是保险都是蓝，小金都填不满保险，也没想过退游，结果后来越来越过分。 我就一个普通零氪玩家，就这个鸟窝，出北极星，全款……我说实话有这个648的钱我真不如去战地充一个通行证。 就这吧，总结体验，本人脸黑，真没见过大红哗哗出。 看大家说有挂，我是只见到过一个，被移出去了，是我端游第一把。就一个月前不到的事。 还是不解恨…… 论动作比不上战地，论枪械不如暗区（也是老玩家），角色技能还没看明白就给你踢死，真么啥体验，高考完了真的觉得玩三角洲比高考前都闹心。 中小学生不建议下，真的，别看你玩挺爽（或者纯粹找乐子释放压力，比如我）等你毕业了，快上大学了，steam上随便找一个都比这个有可玩性，到时候看着自己攒下来的哈夫币，大小金红，玩或者不玩都闹心…… 爱玩的玩家希望越来越好吧，这能这样了，策划怎么干是人家公司的事，作为一个玩家，我热爱的时候好好玩了，现在真没有好的体验了，想进航天跑跑刀，打暗号也不理，真不是说玩家素质不好，我真没遇到过背刺的。 就是感觉大家都拼命赚个不亏，没有人在乎能收获多少快乐，快乐反而变成了一个娱乐游戏最昂贵的大红。今天最后一把，东西全卖了，金蛋AR57，见到一对监狱跑刀的，看我刘涛不敢出来，我拿刀比划一下都出去摸容器去了，算是我给三角洲最后一点温馨………,TapTap玩家-f8bfc59bcc74,1,50017764,搜打撤与经济,混合,高,高优先级：复核爆率、物价与撤离收益曲线，评估经济回收节奏,,,,,主题命中：爆率、哈夫币、保险、大红、出红、小金、卖；正向命中：好玩、爽；负向命中：退游、爆率低,高,3,主题命中：爆率、哈夫币、保险、大红、出红、小金、卖；正向命中：好玩、爽；负向命中：退游、爆率低
DFF-001391,TapTap,https://www.taptap.cn/app/330259/review,2026-09-15T05:10:52.261Z,2026-08-04T06:51:27.000Z,zh-CN,本人已经删过一个号了，也看到了大家的评论。我是麦晓雯出联动皮肤的那个时候入坑的，当时觉得这游戏人物皮肤免费送非常良心，第一个号也是玩了一个月左右跑机密大坝出了两颗星，然后开了收藏室，资产达到370m，我想是时候走出大坝了，然后噩梦开始了。插一段在没有解锁全人物之前我是打大战场的，可以明确的说两种游戏。大战场这里先不做评价，我们先从摸金开始。因为资产有了一定累积和各种宣传视频，我开始离开大坝，大坝也不怎么出货了，我开始走技术交学费熟图。交学费大概交了2个亿，其中不算长弓（长弓就是垃圾，莫名其妙就死了）。 我来点评一下爆率：破产爆率真的很高，他是真的很怕你们退游，其次只要撤离次数多了就开始绝密出小绿了，我是真的想笑，回归玩家爆率也会很高。其次这个爆率就是踏马的一坨屎💩，动态爆率根本不给你机会，官方会调的你可以看到那些视频和其他的评论，一段时间哪个大红会出的多你就可以去绝密摸，保本出的。然后就是非常可笑的后刷，三个人走一个地方刮地皮，只有一个人能看到那个房卡，太棒了真的很爱。 战术问题：我不知道这游戏是什么年龄段的人开始玩的，玩法又是怎么传播的，搜打撤游戏，玩成蛊虫游戏，甚至队友都是蛊还要内部竞争，官方还支持这种行为，我只能说你真该死，我拿绝密航天举例吧。你会出现以下四种情况： 1、跑刀不匹配队友，卡战备进去听信息吃了一圈，然后准备丢包撤时，莫名其妙出现三个突击位把你杀了，尤其张姐和威龙最多，一看枪械满改m7你就释怀了。 2、猛攻组，你们起的刘涛满改枪金蛋进游戏，开局找到人放倒一队，然后就开始目不暇接，一队接着一队一队接着一队，最后打到弹尽粮绝，你觉得差不多该撤了，然后发现了蹲闸的和堵桥的，太好玩了。 3、战术组，匹配队友进来跟你说打最后一队，然后一整局可能就人机响过枪，中途甚至没人拉闸，到最后一个闸，你们静步摸到鼠坑，最后三十秒开始大乱斗，各种技能乱飘，满屏幕全是红色声纹，太好玩了。 4、清图组，进图准备清图，当两个队友都是一倒时，你成功的灭了一队，救起一个队友，你残血在打状态时，起来的队友就开始吃物资，甚至药都不打，就开始吃，吃完最后还要嘲讽你。 还有一些非人行为我列举一下吧，喜欢吃屎的可以多玩，一枪不开抢包的，带大包进去一突剩剩最后一个人清图被打倒，队友不救等大包吃饭的，开局c4贴你脸的，死了开麦骂队友的，吃完饭还要嘲讽你的，枪都不带进来猛吃的等等等等。 以上是概率问题，如果不是固排基本80%能遇到，然后就是双排允许匹配队友，怎么三角洲策划是没被霸凌过吗？你冯还在吗？你玩过野排吗？体验过这游戏1000h吗？吃过屎吗？（不好意思由于想到往期他人双排匹配队友恶心我没忍住） 最最最好玩的就是你的弹道轨迹，我一把腰射枪88的腰射，3米内我先开的枪，血都飘出来，子弹打了十颗，对面m250还开了镜，把我打死了，就打中对面三枪，我是真的没忍住，笑死我了三角洲是最牛逼的游戏。这种情况不止一次，提示这种情况不止一次。地图bug人物技能我就不说了，没吃过屎的一定要去体验。然后最好玩的来了，awm打的是7级子弹居然是按部位来判定伤害的，头甲一枪掉，四肢和腹部会留一点血，笑死我了。绝航黑市，我接了两对，第三队马枪了打到一个三甲的腹部只扣了90滴血，队友在总裁看着我玩，笑死我了我突然一下就不想玩了，你懂吗7级子弹打一个三甲不能一枪倒？还不是打四肢，那你的战备还有什么意义？三甲价值含金量和刘涛某种情况一模一样是人啊？搞不搞笑？你的ahs四级钝头蛋一发带不走自救起来没打药的张姐，你在搞笑吗？脑子瓦特了？策划真的玩这游戏吗？ 最最最最好玩的来了就是你吗的人机自动伤害和人机自动巡查，我往那一趴没动一下，人机莫名巧妙走过来，隔着一堵墙锁我，我出去清人机被打死了，怎么？你们策划这种时候开始玩游戏？让人机给你信息是吧，那个盾兵和机枪兵时不时给你来一梭子全打四肢刘涛开局就倒，隔着45米就开始锁你，玩什么？？？？上来就是半血，你在试试去总裁，那简直太有意思了，上一把还没这么恶心，这把你是一号位，进去就是想快速吃，准备刀，跑过去莫名其妙一梭子，然后刀了旁边喷火兵穿门过来喷火给你带走[表情_点赞][表情_点赞][表情_点赞]嗯嗯三角洲最好玩了。搜打撤游戏就他妈是个笑话，搜不彻底，打不尽兴，不能撤离。不要怀疑我的话，我也做过打手，玩过至少15个号。我已经吃不下了，里面的玩家基本被洗脑完了，骂人也是只有那一套，抢你包就受着，被人机打死就受着，出不来就受着，谁叫你爱玩呢，谁叫你玩这个游戏呢，策划目前就这态度，给我的感受就是你想吃就吃喽，我圈完钱就走，你不玩有的是人玩。祝你游戏越来越多人玩越来越多人吃。加油,TapTap玩家-105bf1428359,5,49893328,武器与干员平衡,混合,高,高优先级：结合胜率与出场率评估武器和干员强度,,,,,主题命中：枪械、盾、伤害、弹道、子弹、威龙、蛊、张姐；正向命中：好玩、喜欢、良心、有意思、支持、加油；负向命中：垃圾、差、恶心、退游、一坨、坑,高,3,主题命中：枪械、盾、伤害、弹道、子弹、威龙、蛊、张姐；正向命中：好玩、喜欢、良心、有意思、支持、加油；负向命中：垃圾、差、恶心、退游、一坨、坑
DFF-001392,TapTap,https://www.taptap.cn/app/330259/review,2026-09-15T05:10:52.261Z,2026-08-01T19:39:17.000Z,zh-CN,我来说说三角洲最大的问题： 1，一边想要传统FPS射击乐趣；一边想要MOBA干员的爽感；一边想要塔科夫搜打撤的物资赌博快感。 于是矛盾出现：危险行动里面，队伍只是外壳，个人撤离收益优先于团队；名义队友，不是利益共同体，诞生野排囚徒困境，不但要和对手博弈，还要和队友博弈！ 2，干员强力锁血、大范围扫描作为常规循环技能，机制可以直接抵消枪法，枪法沦为收尾工具。 3，身法优先级高于枪法，跑射依然能精准射击，空中枪枪爆头，枪械宽容度很高，移动射击有效，干员技能提供大量额外机动手段，再叠加上锁血保命、扫描信息，完整对局链条变成：机动身法拉扯规避伤害 → 技能压状态、锁容错 → 最后枪械补伤害，枪法已经沦为收尾，排在机动、技能的后面，这是FPS还是刷杂技？ 4，匹配机制，你的对手根据你的战备匹配，但你的队友战备随机，单排、三排、单人三排共享匹配池天然不对等，最基础的竞技底层公平没有！ 5，只保存量不做增量，官方只关注绝密，却没想过机密才是绝大多数玩家的日常，野排玩家是基本盘，新手也是从野排开始，不保护野排环境增量做不起来！ 6，干员技能过强，一波交手可以一枪不开就能形成压倒性优势团灭对手，倒了可以自救，倒了可以技能补伤害，技能能碎甲能击倒能标记，过于超模，这是FPS还是MOBA？ 7，官方权衡问题，什么都想要，什么都做不好，无法平衡就要做出取舍，任何产品不能卖给所有人，只能卖给 一部分人，野排环境做好，才有增量。引导人性与平衡匹配机制完善底层架构才是长远之计，赛季制本身就是为了平衡和缓冲，LOL能有这样的成就其实也很简单，那就是懂得取舍，其实也很难，也是因为取舍，没有魄力，什么都想要最后一定什么都留不下！,TapTap玩家-aad8dd33b44a,1,49863857,武器与干员平衡,负向,中,结合胜率与出场率评估武器和干员强度,,,,,主题命中：干员、枪械、平衡、超模、盾、伤害；正向命中：爽,高,2,主题命中：干员、枪械、平衡、超模、盾、伤害；正向命中：爽
DFF-001393,TapTap,https://www.taptap.cn/app/330259/review,2026-09-15T05:10:52.261Z,2026-07-30T19:15:50.000Z,zh-CN,#三角洲行动 因为是住宿生但我也玩了200多个小时了。这个游戏你想要挣到哈夫币，我个人感觉是很难的。因为爆率是真的很低，如果你是糖人或专门养号的当我没说，因为这样爆率肯定很高 我觉得这个游戏对于普通玩家是不太友好的，你没技术去跑刀，打个普坝30分钟下来发现100万有50万的假账。想多挣点，去高难度地图又很难撤离，不是猛攻哥追着打，就是撤不出去。现在认大哥也很难认到了，大家都怕背刺。我也是，之前也被背刺过，虽然知道大部分都是好鼠，但很难相信。 现在猛攻也不好打，单三其实很难的。野排开了锁包也吃不饱，失误一把就会亏一大堆钱，赢了也没多少 我玩了一年了，才一百万纯币。我自己技术也不差，但让我自己去单三还是有点难度，野排猛攻也不好打，队友有多神就不多说了，新手多多野排体会一下。我这个玩的久的洗洗睡了，这个暑假过完开始备战中考，也是退游了 游戏是不错，刚开始也给我带来了很多欢乐，后来同学基本都退游了，一起猛攻的网友也早就破产退游了 ⛺生存难度： 这个看自己的对局强度。再提一嘴“我们削弱了AI” 🎮操作细节： 这个的话，肯定是要细节点，毕竟不细节点就被打飞了 🔫枪械还原度： 高 🎮可玩性： 滚吧，一坨答辩 🌃画面音乐： 这个是不错 🔖运营服务： “我们削弱了AI”,TapTap玩家-ea40ac47269e,2,49836500,搜打撤与经济,混合,高,高优先级：复核爆率、物价与撤离收益曲线，评估经济回收节奏,,,,,主题命中：爆率、哈夫币、撤离、挣；正向命中：不错；负向命中：差、退游、一坨,高,3,主题命中：爆率、哈夫币、撤离、挣；正向命中：不错；负向命中：差、退游、一坨
DFF-001394,TapTap,https://www.taptap.cn/app/330259/review,2026-09-15T05:10:52.261Z,2026-07-26T11:30:30.000Z,zh-CN,入坑三角洲行动这段时间，精神状态反复横跳！ 先说吸引人的地方，作为军迷玩家直接狂喜。海量配件自由改枪，我能慢慢调试属于自己的武器，枪械音效和画面质感氛围感拉满。没事可以组队打烽火地带冲点，也能潜入封锁区域搜物资追梦大红。 但是进图之后，大红是什么？不存在的。永远不知道哪个拐角蹲着老六，房间阴暗角落随时埋伏着土豆雷。有时候遇上临时组队的路人，前一秒并肩作战，下一秒反手偷袭抢包，野排环境臭的不行。AI人机更是捉摸不透，大部分时候人畜无害，埋伏阴人的时候，枪法比真人玩家还要恐怖。 最折磨人的莫过于辛苦搜集一背包高价值物资，眼看冲到撤离点，半路遭遇伏击直接白给。当时气得恨不得立刻卸载游戏，冷静半小时后，手又不由自主点开。 这游戏就是这么神奇，刺激和破防轮番上演。喜欢战术博弈、享受搜打撤快感的朋友可以冲，心态容易爆炸的兄弟，入坑一定要慎重！ 最后玲琅天上……为什么别人三抽出的玫瑰，我要大保底？？？ 为什么新手运气好三天就能出心？天天绝密航天的我，到现在一个没见过……,TapTap玩家-391a757d9aaa,3,49773422,搜打撤与经济,混合,低,复核爆率、物价与撤离收益曲线，评估经济回收节奏,,,,,主题命中：物资、撤离点、撤离、大红、搜打撤；正向命中：喜欢；负向命中：坑,高,1,主题命中：物资、撤离点、撤离、大红、搜打撤；正向命中：喜欢；负向命中：坑
DFF-001395,TapTap,https://www.taptap.cn/app/330259/review,2026-09-15T05:10:52.261Z,2026-07-25T12:06:26.000Z,zh-CN,如图听好了听好了各位玩家杀人要进黑屋，不杀人也要进黑屋。 死得多要进黑屋，死得少也要进黑屋。 赢得多要进黑屋，赢得少也要进黑屋。 吃得多要进黑屋，吃得少也要进黑屋。 出红要进黑屋， 从S1打到现在，感觉这游戏越来越像个规则怪谈了。 一个烽火地带最省心的赚钱方法居然都不用开游戏，只需要进去打开特勤处制造。这不纯纯是QQ农场来的吗？那烽火地带那匹配机制更是恶心得飞起来，搞的跟个规则怪谈一样。 这游戏现在真的不推荐任何新手入坑。 游戏体验方面： 1：烽火地带的匹配机制就是纯规则怪谈，不管干啥都能进到黑屋里头去。要么没有爆率，要么没办法打人。要么既没有爆率也没办法打人。 2：我从S1的全面战场玩到现在，这全面战场的环境也是越来越烂了。S 1的时候一把全面战场真人还是很多的，起码能感受到大家都在认真的玩。现在开一把全面战场就是纯折磨，要么被对面平推，要么开始疯狂绞肉。一把30分钟，感觉像是过去了一整年。以前全面战场是拼哪一边思路和枪法更强，现在是看哪边的人机更卖力。 3：外挂这一块儿也是逆大天，腾子的反作弊确实不错。但是怎么感觉三角洲不会用呢？手机端都感受不到反外挂的力度，电脑端的确实还不错，起码那种不太演的都封了。 福利待遇：福利待遇这一块确实可以，有事没事送点限时三角劵、枪皮和一些时尚小垃圾。 玩法方面： 1：烽火地带确实能创造出来很多不错的玩法。但受制于其匹配机制，部分玩法只能用来娱乐，主流玩法依然是堵桥、全装猛攻、跑刀和夺舍。 2：全面战场虽然能时不时的整出来不错的模式，但大部分模式娱乐功能有限。例如：王牌猎手、疯狂的盒子。但由于全面战场本身改枪和参与对局并不消耗哈夫币，全面战场这个模式如果匹配机制能再优化一下或许真的是一个十分优秀的模式。 当然最后我还是要着重吐槽三角洲两个模式的匹配机制。 这匹配机制我仿佛看到了elo的影子。先说比较热门的烽火地带：烽火地带的黑屋，本意是策划拿来限制外挂和监测外挂的。但不知道策划究竟是怎么了，导致现在普通玩家非常容易进到黑屋里面，不同于那种只能进入大坝的检测局。普通玩家进入黑屋局，是没有任何提示的，直到你发现对局的强度有问题。至于进入黑屋局容易到什么地步呢，人杀多了会进黑，钱赚多了也会进黑屋，撤离多了或者一直不撤离也容易进黑屋。 然后就是全面战场的匹配机制了，你能不能赢，完全不取决于你这把出没出力。该你赢的对局，你就是找一个偏僻角落挂机一整把都能赢，不让你赢了对局，你就是杀500个你都赢不不出红也要进黑屋。 打架要进黑屋，不打架也要进黑屋。 搜物资要进黑屋，不搜物资也要进黑屋。 起满配装备要进黑屋，不起好装备也要进黑屋。 跑刀要进黑屋，不跑刀也要进黑屋。 不想进黑屋，不想进黑屋也要进黑屋。 没资产要进黑屋，资产多也要进黑屋。 会玩要进黑屋，不会玩也要进黑屋。 抗议黑屋机制，抗议黑屋机制也要进黑屋 老老实实游玩，不开挂、不找人护航，组队捡到小金主动分给队友。不管怎么调整打法，总有概率被拉进慢速匹配黑屋局,TapTap玩家-3bd378da40ef,1,49760496,匹配与队友,混合,高,高优先级：分析匹配池与单排体验，降低实力差距和摆烂影响,,,,,主题命中：匹配、队友、人机、组队、挂机、黑屋局、elo；正向命中：不错、优秀、推荐；负向命中：垃圾、烂、恶心、坑、外挂、作弊、黑屋、不推荐,高,3,主题命中：匹配、队友、人机、组队、挂机、黑屋局、elo；正向命中：不错、优秀、推荐；负向命中：垃圾、烂、恶心、坑、外挂、作弊、黑屋、不推荐
DFF-001396,TapTap,https://www.taptap.cn/app/330259/review,2026-09-15T05:10:52.261Z,2026-07-23T13:39:36.000Z,zh-CN,要不是强制给一颗星，我一颗星都不给，就说我自己的经历吧。 我是一个张姐刚上的那个赛季的老玩家。因为将近九个月没玩了记不清 一开始我是在视频里面了解到的，我觉得好玩我才玩。 就从近两个赛季的情况开始说，第一个就是物价问题，一把枪卖二三十万，给的战备还不成正比，这还不说，官方还不用补货来弥补市场哄抬物价，建议看看隔壁暗区。 第二个爆率问题，从蝶变赛季以来爆率受到多次暗改，在官方明知道市场物价高的时候，却多次暗改爆率。 第三个外挂管制力度，为什么别的FPS游戏能够管控住自己的外挂而你三角洲却管不住，而明明没有开挂的人却被封号，上次我和寝室两哥们打，刚进局打了一队人就被踢了，还封三个月。到这里我还没有对这游戏彻底失望。 第四个地图方面，别人的地图是想尽办法让玩家熟图，而这游戏一出个新地图上三层下三层还多条分支，这样玩家熟图成本大大提高，就算提前做足了功课，也很容易迷路，更别说你想拿到33安全箱你就必须去新地图。 第五个玩法方面，太单一了，全面战场耗时太多让人跟本提不起兴趣，而烽火地带玩家盼星星盼月亮想要的单挑模式却不出。 以上就是我结合游戏现如今的情况所总结的几点。 如果有总结不到位的还请多多包涵。 最后我想说的是，请三角洲多多听取玩家的意见，并在游戏内上架一个建议中心。希望三角洲越来越好。谢谢，如果以后三角洲官方还和现在这一个样那这个游戏真的会走向末路,TapTap玩家-8726274a68f6,1,49734382,地图与模式,混合,高,高优先级：汇总热点区域与模式数据，安排地图和玩法迭代,,,,,主题命中：地图、模式、全面战场、烽火地带、玩法、新地图；正向命中：好玩；负向命中：失望、封号、外挂、暗改,高,3,主题命中：地图、模式、全面战场、烽火地带、玩法、新地图；正向命中：好玩；负向命中：失望、封号、外挂、暗改
DFF-001397,TapTap,https://www.taptap.cn/app/330259/review,2026-09-15T05:10:52.261Z,2026-07-17T04:13:57.000Z,zh-CN,"你这么个游戏是怎么活到现在的，现在属于是要啥没啥，早点凉了算了，真的是看到就恶心透了。 从上个赛季开始一个机密大坝一堆六套神人就算了这个赛季也好不到哪里去，玩了两天一个小红没看到不说，小金更是少的可怜。 每把都被运头我没话讲，我是小菜行了吧这个游戏我就不配玩，还有这个赛季蹲任务点的更是数不胜数，人机更是逆天的数值两三枪直接碎甲碎头。 队友更是一堆神人夺舍匹配队友我认了，跑刀的我也认了，你抢包算你手速快，那你给我惹一堆人来是什么东西啊，自己死了救不了就搁那骂，怎么滴你是我祖宗啊，这个游戏环境好麻了。 撤不出去我也认，自己没实力，那么问题来了爆率呢，从上个赛季开始看到的大红不超过十个，暗没暗改自己清楚。 搜打撤游戏，搜不到，打不过，撤不掉。 打赢了没奖励，打输了有惩罚。 阴间玩法一个接一个。背刺，夺舍，堵桥，蹲闸，蹲撤离点，蹲丢包，蹲保险，蹲飞升，打最后一队，蹲二园等等等。 什么公式化闪击，没那个实力又要打，打不过又要说你怎么怎么样。 还有什么段位歧视，干员歧视，装备歧视，刀皮歧视，总资产歧视，KD歧视，我也是没话说好吧 现在你这个有啥嘛，没暗区硬核，爆率没萤火高，玩法没使命多，博弈不如火影。 我们三角洲有什么,有黑屋，有背刺，有阴间，有暗改，有“环境”，有“爆率”，有蟑螂地下。",TapTap玩家-23d7dc7140ac,1,49648902,搜打撤与经济,负向,高,高优先级：复核爆率、物价与撤离收益曲线，评估经济回收节奏,,,,,主题命中：爆率、保险、撤离点、撤离、大红、小金、搜打撤；负向命中：恶心、暗改、黑屋,高,3,主题命中：爆率、保险、撤离点、撤离、大红、小金、搜打撤；负向命中：恶心、暗改、黑屋
DFF-001398,TapTap,https://www.taptap.cn/app/330259/review,2026-09-15T05:10:52.261Z,2026-07-14T10:39:23.000Z,zh-CN,第一章，普坝的天空 “普坝的天空并不总是湛蓝，但他总会把湛蓝，明媚的一面，留给每个初次踏上这里的玩家。” 你当然也不例外，在一个明艳的午后，你来到了这里。 灰尘在空中起舞，阳光那样温柔，澎湃的瀑布垂挂天空，迎面而来的风是多么鲜活，将这片土地的力量灌入你的胸膛。 . 水泥厂二号位（工地外围），当然萌新的你还不知道地图点位，映入眼帘的是一栋工厂模样的房子，当然，还有那该死的永不出货的蓝色旅行包 “交战搜索，搞定就撤。” 你开始行动。 . …… ………… 虽然总在迷路，但你总算完成任务，这把你击败了三个干员，包里揣着六十万的物资准备撤离。 . 撤离点的绿烟已清晰可见，你撒着欢蹦蹦跳跳，揣着野牛唱着歌，一路小跑过去。 . “砰，砰！” 漆黑的枪管从草里长出，犹带着几分火药撞击后产生的雾气。 . 子弹呢？子弹已打出。 人呢？人当然也已倒下！ . 尽管你还能动，还能爬行着等待救援，可你也明白，你的结局不会有任何改变。 . 那是个怎样的人呢？ 他披着面甲，身上的防弹衣明显跟你不是一个档次，身后的背包像小山一样高，一样鼓。 那他手上的枪呢？ 根本数不清枪身上的配件，本就致命的武器显露出苍白的光芒。 为什么是苍白？ 只因苍白的不是枪，是你的脸庞。 . 很久以后你才明白，他穿的是六套，红头红甲红背包，起了把满改的scar，打的子弹呢？当然是五级弹！ . 显然，他是一个沙币，却也是个给你留下阴影的沙币，否则你怎会在每把将要撤离的时候，那样谨慎，那样小心翼翼。 . 不知为何，在每次撤离的时候，你总会想起，那个残酷的人，那把危险的武器，和那两颗闪电般的子弹—致命的子弹。 . 渐渐，你失去了这个游戏的乐趣。你开始漫无目的地乱走，在每个地图留下你唐人的操作。 . 不能再这样了！ 你下定决心，要走出困境，你决定从今天开始，攒够一亿哈夫币！ . 在体验过所有地图后，你发现机密大坝最适合你，你一头扎了进去，开始没日没夜的跑刀赚钱。 . 凡是认识你的人，都说你变了，你不再起正常装备进图。一根枪管，一把刀，一个背包，没头甲，构成了你的全部。 . 在每一个凌晨，你蹲着补货来卡战备，跑刀也不再单三，补齐队友只为了匹配能更快一点。 . 在军营，你出了量子，二楼桌上出了显卡。 在水泥厂，水泥车倾倒的水泥里藏着装甲车电池，办公室里，一张巴克什的总裁卡静静躺在桌上。 变电站技术室里，白褂衣服塞着员工通道卡，保险箱里藏着蹬羚。 金库里出金条，游客中心桌上放着劳力士，甚至养护站的鸟窝里出了滑膛枪。 那行政楼呢？ 你知道的，行政楼里总有好东西。 . 你的足迹走遍了大坝的每个角落，当然你的盒子也是。你鲜活的生命力，已永远镌刻在这片迷人的土地…… . —— ———— 自那以后，不知过了多久，也许并不久，毕竟一亿并不难赚，不是吗。 . 你的仓库里塞满了金红，“金条，劳力士，滑膛枪，半身像，刀片服务器，超算单元，甚至是呼吸机。” . 令你遗憾的是，这个游戏最贵重的物品—非洲之心，并不曾眷顾过你。 . 最贵重吗？ 最贵重的当然是心，却不是非洲之心，而是每个玩家都曾拥有的，或许现在也有，他到处都是，却绝非廉价，甚至是无价，当然，你也曾拥有的——“热爱的心”。 . 残烛摇曳，月色已剪。 想来是一个失眠的晚上，你当然也一定会失眠，因为你终于赚够一亿哈夫币！ . 说不清那是一个怎样的时刻，神圣？光辉？成功？得意？不，月色微凉，你只感到几分惆怅，还带着些许迷惘。 . 片刻，你眼中闪过狡黠的光芒，激动的心，颤抖的手，你点开仓库…… . 十分钟后，你将珍藏的咖啡豆搓成六套，带上宝贵的红色背包，起了一把满改scar，打的子弹呢？当然是五级弹！ . 选的地图呢？不是绝密航天，而是普坝…… . “普坝的天空并不总是湛蓝，但今天的普坝却格外湛蓝，格外明媚。” . 东楼一号位 湛蓝的天空，明媚的阳光，起舞的灰尘，澎湃的瀑布，迎面而来舒服的风。 你对眼前的一切满意极了，早已不是萌新的你知晓一切点位的路线，东楼一号位自然也不在话下。 . 穿过集装箱，跑过停车场，直上二楼 沉闷的音乐响起，是赛伊德！ 若是以往跑刀，你一定会无视赛伊德，直奔保险箱。 但今天，你却无视保险箱，直奔赛伊德！ . 结局没有意外，他只是个普通难度的赛伊德，而你却是六套齐全的超级战士。 . 西楼枪响，你一点不搜物资，直奔枪响处 叮— 你击败了卫队长官［赛伊德］ 你击败了［大白兔奶糖］ 你击败了［夏天真冷ovo］ 你击败了［xchtvnjms］ 灭队 . 外围航空箱枪响，你看也不看盒子，再度出发 叮— 你击败了［蝉隐］ 你击败了［姬你太美］ 你击败了［传统派雪豹］ 灭队 . …… ………… 枪声逐渐稀少，直至消失，大地重归平静。 你已毁灭了目之所及的一切，一切枪声，一切玩家，一切人机，一切能动的生物…… . 行政楼已被你征服。 . 一股异样的红晕攀上你的面容，你的眼眸，你已经红了，却不是红温，而是血在躁动的鲜红！ . 紧随而来的是虚无，空洞的虚无。 你害怕的是虚无，还是孤独？ 但无论如何，你只能再度出发，因为你已回不了头，回不了头的路，岂非只能一直向前？ . 普坝撤离点 . 你凭着模糊的印象，找到了那个人人喊骂的埋伏点，静步，进草，架枪。 . 你没有等太久，普坝撤离的小道上，跑来一个稚嫩的脸庞，太阳在身后追赶，脖颈处挂满青春的汗珠，寸头短发里，藏着阳光的味道。 . 眼下，这初出茅庐的菜鸟正抱着他那把廉价，简陋的野牛，蹦蹦跳跳唱着歌，向撤离点跑去。 . 六倍镜的你当然尽收眼底，不过你的心思却不在这里。露营背包，简易弹挂，棒球帽，甲？那么烂的破布也能叫甲？ . 你讥笑一声 “砰，砰！” 两枪五级的7.62X51mm M62子弹已经射出，子弹既已射出，当然也已打中。 那么人呢？人当然也已倒下！ . 你已从草里走出，走向他去。 . 那是个怎样的人呢？ 他戴着个棒球帽，本就简陋的防弹衣已被打碎，破破烂烂，身后的背包又瘪又小。 那他手上的枪呢？ 一把简陋的野牛，没有任何配件。破烂的武器显露出苍白的光芒。 为什么是苍白？ 只因苍白的不是枪，是他的脸庞。 . 你将他变成了盒子。 不出意外，破烂的装备又怎会有好东西？一背包的小蓝小紫根本连舔的欲望都没有，你就要关上盒子准备撤离。 . 习惯性的一瞥，这是你每次舔完包后都会看一眼身份牌养成的习惯。这一瞥是如此日常，如此漫不经心。 . 突然你愣住了，脸上浮现出一种不可思议的表情。 . 嗯……该怎么形容这种表情呢？无法形容，因为他本不可能发生，可他竟真的出现！ . 那是你在舔包时，看见身份牌是自己名字时的表情！震惊的表情！不可思议，惶恐的表情！ . “轰隆！” 天边一道春雷乍起，万物归寂！雷光让你那骤然苍白的脸上，亮如白霜！ . ［战斗吧小林］这本是一个普通的不能再普通的名字，可当这名字出现在你的舔的包里，普通的事也变得不普通。 . 雷—雷声，水—大水，风—狂风 . 奇了怪，世上还有把人变成石雕的魔术？否则你怎会像个石雕一样，没有呼吸，没有动作，没有思考的静在那里？ . 像一块，石头？石头。 . 不知过了多久，你才终于有了动静，你看向手机屏幕外的那双眼睛，告诉他，你终于明白了三角洲的真谛！ . 那就是…… 猛攻！猛攻！！猛攻！！！ . 🎶🎶🎶🎶🎶🎶🎶🎶 ⚡️寂寞的人唱伤心的歌⚡️ 🎶🎶🎶🎶🎶🎶🎶🎶 ⚡️寂寞的人唱伤心的歌⚡️ . 夜色落幕的太执着😎🤫 不哭泣眼泪却掉落😫🥺 爱一个人是对是错😮‍💨🧐 为何总受伤的人不是你而是我😣😫 分手我还要留恋什么😠🤔 离开也是我猜到的一种结果😌🙂 解不开的沉重的枷锁😰😑 慢慢坠入了悲催的爱恨和漩涡😵‍💫😵 寂寞的人听着伤心的歌💃🪩⚡️ 只为寻找曾经的快乐💃👯‍♀️⚡️ 一遍一遍听着你会爱我🪩🥰🕺 为何心中的泪更难过😮‍💨😵‍💫 寂寞的人听着伤心的歌🤟🏻🕺🤟🏻 才发现爱情如此的脆弱🕺💃 为何你为爱付出了那么多🕺🪩💃 是否你从来没有被我感动过🤟🏻🤔😞 . 🎶🎶🎶🎶🎶🎶🎶🎶,TapTap玩家-811935bbc635,4,49610753,搜打撤与经济,混合,低,复核爆率、物价与撤离收益曲线，评估经济回收节奏,搜打撤与经济,混合,中,否,主题命中：物资、哈夫币、保险、撤离点、撤离、出金、非洲之心、赛伊德；正向命中：满意、舒服；负向命中：烂,高,1,主题命中：物资、哈夫币、保险、撤离点、撤离、出金、非洲之心、赛伊德；正向命中：满意、舒服；负向命中：烂
DFF-001399,TapTap,https://www.taptap.cn/app/330259/review,2026-09-15T05:10:52.261Z,2026-06-26T04:56:50.000Z,zh-CN,还没有玩这个游戏但是被周年庆或者活动宣传吸引的可以看一下！ 以下长评论纯手打 😇游戏环境很恶劣，不只是玩家这方面，官方策划的调度也很差劲。 ①即使S11新出的钓鱼模式也逐渐的有在普通中休闲玩家靠拢，背刺和全装队扫射无装钓鱼佬时有发生，恶劣的社区环境和乌烟瘴气的人很好的拉低了这一点，不管是猛攻的还是休闲玩家都无法在这里找到完全适合自己的内容。玩法两边都要一点，然后把两边都得罪。 ②这个游戏当时通过大量宣传🐭文化，吸引过来了一大批只想摸金的非竞技类玩家，然后又开始出歪主意导致流失大量玩家之后，不管是在二创宣传方面还有官方新出武器和子弹（例如修脚枪），包括官方签约的主播在内又开始宣传鼠文化（包括老鼠和鼠鼠两种），把鼠玩家进来杀（这句话特指的是，其实宣传鼠文化的好多主播本身在直播时也是需要为了舆论控制杀鼠的。他们也只是为了拿钱吃饭。这种知行不一的宣传情况何尝不是一种骗杀？） ③同样的，随着这一类休闲玩家的流逝，厉害的玩家照样乱杀，不厉害的玩家（包括猛攻区在内）杀不了笨蛋（跑路了或者一秒变异了），又打不赢高手，卡在中间不上不下的游戏体验直线下滑，玩家为了增加存活率五花八门的手段都用出来了。撤离难度也只会越来越大。更加加剧了游戏内玩家互相猜忌的恶劣情况！ ④不管是修改撤离点位置，或者修改地图（增加存活率）这些都无法完全解决这个游戏本质的问题。还更别说策划有的时候会左右脑互搏（限制减少同时撤离人数）（为老鼠背刺提供更方便有力的武器）。 😇福利方面： 并没有什么硬性的氪金需求，除非你想要漂亮的皮肤，里面的一部分枪皮刀皮，可以通过自己肝得到，每年都有活动会送限时折扣券，氪金压力较小。 😇关于爆率： ①网上有很多讨论的视频可以自己去看 我个人的观点是杀掉笨蛋人并不是你进入高压局的原因，而是你在同样的时间内吃掉了不属于你的大量的物资，导致系统认为你应该吐出来更多！ ②所谓的唐人爆率高，应该也和他们的游玩很长时间却无法携带足够数量的蓝，紫，金撤离还丢失了装备成本钱有关，所以积累在一起就出了很多的红。 😇关于外挂： 各种各样的外挂都有，不过大多部分都需要你在较高难度的地图才会遇到。去最低难度的普通或者中等难度的机密，遇到的概率会更少一点。官方对于封锁外挂的反馈非常不及时，所以遇到了就只能受着。 😇护航问题： 绝大多部分的主播在火了之后都会接护航俱乐部的广告单，有主播会自创俱乐部。花了钱的老板带着自己的魔王护踢死了路人得吃在大量二创中也有记录。这里只做现象说明，游戏的商业交易护航比较成熟了。这算是游戏的一大特点。 😇关于同人二次元社区： 这个游戏非常不适合同人二次元浓度较高的男女混圈子！CP满天飞的同时，大家会为了官推是不是官宣吵个不停？ 一小部分绘画小众CP的人哪怕画技超群也会被别人骂到退圈。一部分画热门CP的人如果没有画到符合路人心目中的样子就会被骂。 同样直接把角色当皮套穿走的人特别多！ 二创活跃的多数为AI创作作品。 社区内的现充和社交性质要更占大头。 😇受到设备获取难度的影响：PC端和手机端的游戏环境有部分差异化。 😇我发布的评论只作为游玩个人参考，不代表任何立场言论,TapTap玩家-8c492b44a31f,1,49181345,搜打撤与经济,负向,高,高优先级：复核爆率、物价与撤离收益曲线，评估经济回收节奏,,,,,主题命中：爆率、摸金、物资、撤离点、撤离、钓鱼；负向命中：差、外挂,高,3,主题命中：爆率、摸金、物资、撤离点、撤离、钓鱼；负向命中：差、外挂
DFF-001400,TapTap,https://www.taptap.cn/app/330259/review,2026-09-15T05:10:52.261Z,2026-06-26T04:53:04.000Z,zh-CN,大战场： 人机居多，经常碰到捞薯条，挂机队友，倒地医疗不救，载具工程不打，信息不插标，干员不进点，甚至碰见过在大战场玩修脚阴人的，要么就是对面百星枪队友全人机。 胜者为王： 一局连换几个指挥官全部闭麦，要么指挥官拼命指挥干员不听拼命送，或者打了一局一半当了逃兵，还有自己不听指挥骂指挥官的。 总结：这两种模式每次匹到正常对局我都能兴奋好久，因为终于能真正打一场而不是憋屈的被队友演被匹配压，可惜太少了，经常一路红灯。 新出的载具和防御有个迪奥用 火神也就打打小飞机了，刮到一个量级，点位还是要防空的地方打不到，到能打的时候马上就掉阵线还要费心炸 运输机血厚的要死at4都要打两发，攀升d点防空还一堆障碍物，我跟那个飞行员跟血战钢锯岭似的打了一整个点，别问我为什么不叫队友一起，乱开把炮管打红蹭个进攻阵线就跑了，防御设施全这样 新出的小车…我有那功夫拿军工换小车还不如放轮炮兵齐射，再不济攒攒制导，弹药还要花军工换的出了跟没出一样 干员技能也是，不行你设计两套呢，大战场我开个幽默静步幽默飞饼是要干嘛，偷走策划的棍木吗，还是开个大招大狗嚼，都能删了，还能防止嘉豪队友乱送。侦察兵也是，光看见一堆血鹰了，时不时扫一下蹭点分，信标也不放，都打到d点了一看地图他信标还在a点，不小心点到了还得再部署，真放了也没人用，就都爱跑马拉松，地位还不如阔剑地雷。 失去大脑失去小脑，无脑冲锋代替思考 跟枪意识架枪意识，反载意识抛出大脑 人头为先救人为先，不听指令全是神仙 激进主义保守主义，全力进攻守点放弃 胜者为王神人为王，不管局势分数为王 吾日数省汝身， 信标你是看不见吗 at4你是不会用吗 掉点了你是尔多隆吗 漫山遍野的载具你盐津虾吗 不听指令你有脑子吗 我的队友组成 魔丸的执行力 草履虫的智商 林七夜的枪法 二乔的车技 空空如也的家里 队友眼里人机都是单三哥 一个人机顶一万个队友 因为人机会进点 现在人机也不进点了 宁愿从我的尸体上跨过去都不扶一下 那个点就跟人同性相斥一样打死不进 道具也不放，载具也不反，甚至有挂机的 大战场就像德国对法国 你看是你闪击的快还是我摆烂的快 是你nb还是我nb 你神人还是我神人 烽火行动： 1.匹配：卡战备进机密一直遇到六套，绝密进图一直被夹被六，甚至遇到过两个闸点各有一队蹲闸，堵撤离点打完拉闸队被另一队堵撤离点队狙的事情，匹配机制问题都摆脸上了，就爱给你整点阴间局黑屋局，不行策划给机制改成这样吧：进入游戏自动进入黑屋，你都会点开始游戏会配装了还不是挂。反正也差不多。 2.搜索：付出与回报不成比例，打完架开房卡经常连金都见不到几个，大多数情况都是小紫，甚至见过全蓝全绿保险。第二张是我绝航收获截图，开了蓝核黑服蓝数总裁四张卡收获还没战损高，座钟都是队友看可怜给的。网上的刷红点从来没见到真刷，反倒经常开出g18红狼蜂医无名。实在不行给红删了吧，改名叫大白大蓝大紫大金，一局下来一背包牛角煤气罐望远镜太阳能板，谁不想美美赤一背包蓝然后被超雄人机一巴掌拍死呢。 3.机制：新老干员机制强烈不对等，强度有些崩坏了，而且控制技能的普遍性让游戏失去了纯粹的对枪属性，反而像是技能对波。而阴间玩法的开发让这款游戏更加背离初衷，我理解并赞同阴间玩法的出现，但当这类玩法成为了主流，游戏也失去了乐趣。对于战争迷雾，这么搞还增加了阴人容错，pik一下没人，在探头被修死了，一看原来是人没刷出来。还不如加点爆率来的实在。 4.信任：鼠流的兴起基于人们的信任，而他的没落也因为信任，我不做过多评价，但希望当背刺者穿着被刺者的装备猛攻时被背刺不要骂人，因为那是另一个你。 5.地图：地图的更新并没有给我太多的感觉，只有更大的地图，更复杂的地图，更阴间的地图，容器多了，但搜索的物资一样，一样是蓝，一样是紫，还要注意辐射，还要紧赶慢赶的跑图开钥匙，还要担心光头，然后照样被踹死。 6.新增大红：与地图评价差不多，极低的爆率让我几乎连小红都见不到，越来越多的大红有什么用呢？我只能在交易市场见到他们，留着的红还占位置，我又没钱开展柜。 游戏本体： 1.优化：不好，在几个赛季的更新后我只能把所有的画面配置都拉到最低才能较为流畅的游玩，还会面临极致的发烫和掉帧，还经常瞬移重连，而在隔壁暗区就不会这样（就引战，垃圾不配评价） 2.体验：吃子弹，卡瞬移，掩体后判定，错误判定，形同虚设的反外挂……不用多说了吧 3.服务：没有，我举报过近百次捞薯条/不听指令/消极游戏/刷分行为，但没有一次收到过反馈，全是清一色的接收文件，外挂举报也是，通知着手检查之后就没了下文。卡bug，给建议找不到客服，游戏内也没有客服链接，服务体验差到极点。 4.皮肤：本人是因与方舟的联动入坑的，但感觉出的联动枪红皮金皮更像是打了个联动名号的蓝皮绿皮加个检视语音，与砖皮的红皮金皮没有可比性，后续其他联动枪皮也是。全是套皮，现在还多了一堆缝合。 总结： 不推荐游玩，搜打撤出门左转暗区和平塔科夫都可以试试，大战场出门右转战地打折，看光影电脑端都挺好比如地平线和赛博朋克，爱赤石软件商店翻到底玩三国杀，想充钱浏览器搜索熊大快跑，作为“搜打撤标杆”的它已经完成了它的使命，珍惜它还在的每一天，毕竟没多少游戏敢把玩家当M调。 哥们仓库打光撤离了，暗区等你，回头是暗，别玩蟑螂了,TapTap玩家-b4dd0f81e7d5,1,49181177,搜打撤与经济,混合,高,高优先级：复核爆率、物价与撤离收益曲线，评估经济回收节奏,,,,,主题命中：爆率、物资、保险、撤离点、撤离、大红、搜打撤、市场；正向命中：推荐；负向命中：垃圾、差、烂、坑、崩、外挂、黑屋、别玩、不推荐,高,3,主题命中：爆率、物资、保险、撤离点、撤离、大红、搜打撤、市场；正向命中：推荐；负向命中：垃圾、差、烂、坑、崩、外挂、黑屋、别玩、不推荐
DFF-001401,TapTap,https://www.taptap.cn/app/330259/review,2026-09-15T05:10:52.261Z,2026-06-17T07:59:15.000Z,zh-CN,垃圾游戏，赢的时候狗来了都能赢，输的时候职业来了都赢不了。毫无公平性可言，对手的设备，给你匹配的队友，网络的延迟，恶心的黑屋机制，总之除非是挂 你能赢能赚，基本全靠运气。赢的时候要被对面的各种技能恶心，输一把要赢三把才能让你的心情平衡，不要被各种社交宣传和光鲜的外表吸引，这就是个垃圾游戏，大家不要下载。不要觉得自己刚玩这个游戏还不熟悉机制，练练总有机会能乱杀。实际上这个游戏的行为包括：护航，各种专门当老六的（例如航天桥上的堵桥），还有各种开挂的（猛攻有人物透视，AI吸附，血条锁血等）（跑刀有物资透俗称寻宝鼠。）你想想要打多少把才能轮到你爽一把。人家只不过是牺牲一个毫不在意的批量开的号。就能轻而易举的拿走你的游戏体验。死了无处宣泄，还一直以为是自己技术有问题。在讲娱乐性。除非你已经对这个游戏里各种猎奇的死亡方式，各种新出的越来越恶心的技能免疫了。那我还是认为他不如隔壁的农药的。,TapTap玩家-d77f839d52c7,1,49057041,外挂与安全,混合,高,高优先级：优先排查反作弊链路，公开高频作弊类型处置进度,,,,,主题命中：开挂、透视、锁血、护航；正向命中：爽；负向命中：垃圾、恶心、黑屋,高,3,主题命中：开挂、透视、锁血、护航；正向命中：爽；负向命中：垃圾、恶心、黑屋
DFF-001402,TapTap,https://www.taptap.cn/app/330259/review,2026-09-15T05:10:52.261Z,2026-05-30T19:38:16.000Z,zh-CN,你要是玩的有实力有操作，下一局给你安排进高压低爆局，刚出生3分钟让人踹死。如果你实力普通却在某一局出了高价值物品接下来五六局别想撤了。等你死的多了系统看你可怜给你安排个高价值物品，结果系统检测到你出货了又给你送进黑屋局来一波恶性循环阴死你。你要是撤的多了系统检测到你过的太顺马上送进黑屋局连跪10把亏几个亿都是常态。等你破产了想跑刀赚钱系统会判定你消极游戏(不带装备)马上安排霍金队友和天才少年的敌人。你要是起一套普通装备也是和刚才说的一样。你要是穿上高级装备那会比刚才更糟糕。玩这游戏你不能有实力也不能没实力实力一般也不行。不能穷不能有钱有点小钱更不行。爆率高了不行爆率低了也不行，反正就是不给你出货。人机是不削弱的一肘30两肘80再接一枪送回大厅，两枪碎甲三枪倒地，打人疼也就算了打开包一看一堆破烂，隔壁人机打人也疼好歹也是用4级弹。我说白了4000+游戏赶紧凉吧，真他妈恶心人，浪费我时间还浪费我钱，垃圾,TapTap玩家-e86015ad2de9,1,48889886,匹配与队友,负向,高,高优先级：分析匹配池与单排体验，降低实力差距和摆烂影响,,,,,主题命中：队友、人机、黑屋局；负向命中：垃圾、烂、恶心、恶心人、爆率低、黑屋,高,3,主题命中：队友、人机、黑屋局；负向命中：垃圾、烂、恶心、恶心人、爆率低、黑屋
DFF-001403,TapTap,https://www.taptap.cn/app/330259/review,2026-09-15T05:10:52.261Z,2026-05-10T00:00:32.000Z,zh-CN,巴克什真能玩吗，每次队友匹配都是那种新手，然后一拉闸就有人堵，玩了2000多场，大概有1000把被堵博士和撤离点以一打三 真是求了，实在不行把绝密巴克什这地图爆率提高一点，保险箱不再是出小蓝就行了🖕,TapTap玩家-1766145b9ccb,1,48638410,搜打撤与经济,负向,中,复核爆率、物价与撤离收益曲线，评估经济回收节奏,,,,,主题命中：爆率、保险、撤离点、撤离,高,2,主题命中：爆率、保险、撤离点、撤离
DFF-001404,TapTap,https://www.taptap.cn/app/330259/review,2026-09-15T05:10:52.261Z,2026-05-03T15:39:31.000Z,zh-CN,作死阶段。三角州的根源问题就是【爆率无法支撑战斗体验】。现在视频平台一堆带州节奏的，说什么进入【末法时代、不知道怎么玩了】。而还在坚持玩的玩家真的希望你可以先进步、再活得久一些。 这种低爆率给人的感觉只可能是垃圾时间。而不是好不容易摸出东西的玩家会真心的说“哇，我摸出东西了”[表情_震惊] 已经不奢求策划团队改改【阴间三相同干员】和【相同任务标签的匹配在一局，恶心玩家一手】这种东西了。 就改一改这双端区分的、因人而异的、部分玩家搜一整把买不起枪的【普遍低爆率】吧！ 如果想保持物品的稀缺体验、摸出来那一刻的体验，那就提高物品的价值。而不是比同类竞品游戏都不值钱的货币购买力体验。 （斯，插一嘴，能给老黑来个红皮吗，真太丑了🥹来个乌鲁鲁级别的、最好覆面系） =========202608评论========== 之前是三比特，砍了比特。三液氮，砍了液氮。 现在大坝是三无名，你下一步又该砍【无名】了。 神一刀鬼一刀。 但是明明可以【限制干员的重复选择】，而不是生硬的动英雄自己的数值。因为你不听干员之间的技能机制本身不一样，强度就没办法做平衡。张姐的大招、老黑的手雷、女医的蜻蜓、回响的精灵球，放在任何fps moba里都是独一档的性能。 三角洲的首要任务是暂停推出新干员，将近20个干员的各种技能已经让环境非常混乱了，新人入坑的学习成本堪称地狱。 =========202607评论========== 核电站是一张好地图，设计层面上讲 1.故事背景结合切尔诺贝利，还原度还是不错的。 2.开容器的音效设计真棒。每一个都跟开保险一样爽。 3.密钥同时促进了爱吃和爱打的玩家，对爱吃的玩家相当于一个房卡，对爱打的玩家相当于促进两队相遇。 4.这点我觉得很重要，地势很平整、偏航天的配色。真的很大程度上减少了fps游戏里的视觉疲惫。 =========202606评论========== 能把【烽火挑战赛】重启吗？[表情_困]（提高烽火爆率的话，可以不重启、不熟😁） （pc玩家 时长1000h + 氪金5000左右 绝密kd3.3） 都懒得打开这游戏了！老玩家（仅针对喜欢打枪的、玩特工的）对于你借鉴某科夫来的这套跑刀、猛攻循环总会有一天厌倦。 1、爆率我都懒得喷，我绝密全是蓝色物资，一点不夸张的完全是蓝色品质的物品，让我感觉自己完全在看你脸色，不杀人什么收益都没有，杀人还要被你没脑子的航天地图路线设计恶心的无法撤离。 2、给的沟槽定制券也不知道是哪个大脑没法发育的策划想的，你既然都要进一步让玩家定制了就不能更自由点？依旧五甲四弹枪械去恶心玩家。你让玩家用更低成本玩到自己舒服的、心仪的枪械会如何呢？ 3、33任务设计极度不合理（客观来讲是有好有坏）。为了让玩家投入时间你就是在恶心人，消磨玩家热情。你有本事就开开烽火挑战赛或者给你爆率调高些，你看看做你33任务的用户数量会不会腰斩。但是33期间明显这个游戏的【活人感】更强，打架的人很多，这说明正确的地图兴趣点争夺点设计是能改善玩家体验的，但和功利性的33任务绑定一起，就没那么美好了。像之前的大红砖，就是非常好的设计。 4、回响和液氮的个别技能就是神人设计。不多评价。其实制作团队是不是可以反思一下，重心放在打磨地图、经济机制，是不是比多推干员要好？fps游戏的场域，地图竞技场做好，玩家打得才爽，而不是徒增英雄设计这个学习成本。这种角色推出的越多，能同时恶心更多新人和老手。 5、策划下个裂变赛季战斗方面设计意图很明显，鼓励战斗里枪是用来提速，加强工程干员技能是用来降速的（狠狠加强）。更推崇打架【慢】下来。 但是我真想吐槽，劝架是最优，这点都被玩家共识了，延长战斗时间给了更多人靠近劝架的机会，压缩了修补状态的时间，这最优解不是更鼓励避战吗。哪怕直接增加ttk都更好一些。 其次，每个干员技能对于一场局部战斗的速度的改变程度是不一样，有威龙喷气这样的提速，比特烟雾蜘蛛这样的缓速，二者之间强度本来就不好平衡。因此赶紧做“禁止选择同样干员”的限制是不是能更简单的避免一些极端阵容出现呢。这样针对上面一点里的“压缩修补状态时间”，医疗干员因为其能力也会有更多出场机会。 =========202605原评论========== 最近51假期版本的烽火好玩[表情_开心]（但前提是能把烽火挑战赛继续开放吗？？常规模式和大战场可没那么好玩） 【烽火挑战赛】是制作团队一次优秀且大胆的尝试，我不知道有没有跟我一样本来打算【退坑】回来打了几把这个又提起劲头了[表情_斜眼笑]（主包2025年1月入坑，绝密KD4，天才少年，氪金5000左右） ⭐这个模式相当于开创了【搜打撤的快速删档】的模式，甚至是极端的压缩到了2小时内，就体验完了完整的积累、战斗、清空资产的循环。可以说是让搜打撤更偏向战斗了。 【一、利好玩家的点✔】 1、玩家进图的目的基本一致，这会非常非常利好单三玩家和双排玩家的目标矛盾，让匹配氛围好一些。这点是我体感非常深刻的一点，匹配的队友开麦率也比较高，配合体验也会好一些。 2、适合组排玩家进行无成本、无压力的训练配合。新手玩家起好战备进绝密难免有心理压力，这样好了，放心去干吧！ 3、留存猛攻玩家：主模式猛攻的成本很高，而喜欢三角洲战斗系统的玩家起不起枪或者买枪之前要经历你游设置好的体验循环，攒钱-猛攻-破产，放在游戏刚兴起的时候玩家会觉得不错、是模式特色，但时至今日老玩家的打工感会变强，因此这个模式会很利好猛攻玩家。 4、确定性的地图争夺点设计：规范化的刷队和固定的砖能让玩家的策略更清晰，也更容易发生战斗。没有哈弗比带出机制也让老六减少了很多。当然还是有比特蹲在破解点，尤其巴克什大家要小心。 5、能延长游戏寿命：和主模式时间分开且限定时间开放（估计不会常驻）。晚上的时间是多数玩家活跃时段，也不影响白天的主模式玩家。就怕你玩腻了！ 6、猛攻玩家不用肝33任务（也是打工）。 7、有电竞化前景：这样的模式玩家们打的都会越来越有章法，至少比烽火有看头。比如如果未来如果出一个优先击杀机制，前面N分钟进行击杀有额外奖励，来鼓励临近两队开局就打架，能更近一步弱化“黄雀在后”的观念。 【二、对于这款游戏的风险❌】 1、分流，普攻烽火玩家锐减，匹配时间变长。这个模式如果常驻可以说一定会承接一部分核心玩家。 2、弱化了33任务和通行证存在：这点可能会在下月游戏流水上体现。但也大概率官方会持续限时开启这个模式，让你平时该干嘛还干嘛。,TapTap玩家-7c1572fc51e4,3,48585086,武器与干员平衡,混合,高,高优先级：结合胜率与出场率评估武器和干员强度,,,,,主题命中：干员、枪械、平衡、加强、盾、液氮、威龙、无名、张姐；正向命中：好玩、喜欢、不错、优秀、爽、舒服、氛围好、进步；负向命中：垃圾、恶心、恶心人、坑,高,3,主题命中：干员、枪械、平衡、加强、盾、液氮、威龙、无名、张姐；正向命中：好玩、喜欢、不错、优秀、爽、舒服、氛围好、进步；负向命中：垃圾、恶心、恶心人、坑
DFF-001405,TapTap,https://www.taptap.cn/app/330259/review,2026-09-15T05:10:52.261Z,2026-04-16T00:09:53.000Z,zh-CN,首先，不推玩这游戏，不推广长期玩这游戏。 腾讯游戏多数有上瘾机制。 这会占用你大量时间。 如果想入坑，取其精华后建议立马跑路。 我最开始在普坝普弓做任务，因为那会普弓段位上限最高就是白银。 我一直在打普坝和普弓，熟悉一个图把任务做的差不多才去下一个图。 从最开始的青铜白银到匹配到三角洲银鹰。 什么奇葩匹配机制。 把把压力局。普坝打不得了，去普弓。 先开始打普弓，觉得普弓都是压力局，（普坝任务差不多做完了）转普弓后，普弓简直是捡破烂的好去处。 普弓任务做的差不多后，为了赛季露娜名片开始去机密做任务升段位。 段位也开始到铂金钻石。 游戏理解上去了。 我在普弓成为了别人的高压局。 有时候一个人不灭一两队出不去的那种。 我就想捡个破烂啊……打的都是同段位钻石左右的…… 队友不在我一个人灭一队，有枪声转头就跑，我灭了一队3人直接跑过来吃包……难评 资产不多装备好不想死可以理解，但新兵套的时候别怕死好吧…… 这时候机密大坝环境巨差，风险巨高。 不组队打机密单人往往血本无归。 夺舍巨多，几乎把把都能见到一个夺舍的。 蹲出口的巨多…… 你开保险经常会被人夺舍去了（说的就是我队友，因为我麦小鼠抢不到保险……） 野牛乌兹三级蛋蹲一个地方夺舍的巨多。 不走一起容易被夺舍一穿三。（什么?那玩意夺舍队友四套?半改枪?蹲一个地方等队友过去搜物资干掉一个，夺装备，然后等着葫芦娃救爷爷） 跑刀的队友快速刮光周边地图然后快速跑路。 剩你一个在凌乱…… 黑鹰陨落不同年龄看了好几遍。 可以去看看游戏内全剧情，然后去看看电影。蛮不错的，别去看高难通关，完全没剧情那种。 都是背点通关的 。 （打光子弹任务完成还是寄了……）（然后再去看看历史，更难评，懂的都懂谴责是个什么鬼，痛打落水狗） 扯远了。不推广玩这游戏，我第一个9格安全箱放不下的8还是12格大红陶瓷瓶还是唐号队友开箱子出的，在前面多格大红是什么?没见过欸…… （队友开箱被打死了，我去救人发现保险有个大红） 这游戏有时候明明可以救队友的偏偏不救。 资产少起全装能理解。你一身破烂新兵套…… 环境还是差了。段位越高物种的多样性越多。 带妹舍不得开卡的。舍不得买卡的。 带妹连个四套都舍不得起的…… 零成本低成本带妹好欸…… 我一个究极无敌大混子，房卡都挺全的…… （平时没必要开）机坝你一个不救人的三角洲巅峰为什么带妹语音都去开总裁了不起四套? 我被小兵打死了明明能抢救一下的（无甲打小兵任务，别跟机枪兵大爷打，你永远不知道旁边有几个小兵） 你们三角洲巅峰都不做任务的吗？ 资产都穷到四套都起不了的吗…… 为什么零号大坝你个三角洲巅峰地图还不熟? （这是我最想吐槽的，素质奇奇怪怪。他带的黄金妹妹在我快死了的时候发个求救来救我被活人打死了，这大爷直接开始救人，不应该先蹲人吗？是菜还是刷妹妹好感重要?正常救人也是骗人出来打的手段）背里面能救人的地方救好不好?地图都不熟的吗？ 各个地图的队友经常骗老鼠出来打。 一个脱光的老鼠在航天队友都划过绳索后刀了我一下…… 环境奇奇怪怪。你出大红12格撤不了就把红丢了，别当送财童子了…… 就算后面对面加好友也是请你去普坝机坝捡破烂一把（我看了我塞满的房卡……丢完枪日常被打死……不如拿上枪去一穿三） 腾讯贯列营销号巨多，你做攻略都是流水账没事，能不能别出攻略去害人?什么大仙。 嗯，不推广玩这游戏 （如果想尝试，氪金最多只建议氪战令。） 没朋友不建议玩。无乐趣。坐牢。把把高压。 性格无波澜者不建议玩……你出个大红丢了大红带出大红跟捡破烂一样…… 和炉石传说的酒馆一样可以快速浪费时间。浪费时间好选择 机密出红升级收藏室，想赚哈哈币还得去普通，机坝赚，新手普通，老手组队机坝，猛攻如果去买子弹买装备战损高到飞起。 我机航看着连续两把看着我队友在同一个航空箱出两红，这把我跑的快，牛角一个。 不开背包限制，包都被队友拿完了…… 你打完收益巨亏。 总结，别管3乘3任务，开个月卡用2乘3就行。 这任务一个人就是让涨你在线时长的，你把任务做了，5个地图差不多都能熟悉了 也是醉了。 做任务纯亏哈哈币，普弓捡破烂都不知道能捡多少了 麦晓雯扫描砍了，没扫描到人过去就是一个人。 新干员没实装扫描?? 虽然策划是背锅位，但也得玩玩自家狗屎游戏不是?,TapTap玩家-9964e480e758,3,48370191,搜打撤与经济,混合,高,高优先级：复核爆率、物价与撤离收益曲线，评估经济回收节奏,,,,,主题命中：物资、保险、大红、出红；正向命中：不错；负向命中：差、烂、坑,高,3,主题命中：物资、保险、大红、出红；正向命中：不错；负向命中：差、烂、坑
DFF-001406,TapTap,https://www.taptap.cn/app/330259/review,2026-09-15T05:10:52.261Z,2026-03-29T17:14:57.000Z,zh-CN,每次打完一队都会又来一队，也不知道队友在哪，打完之后，队友还会抢你包，每次你菜都有人骂你，每次玩这个游戏的时候我都想哭，如果打完一队就没有了的话，那我就会开心的吃包，如果有来一对的话我就没有胜算打赢了，因为你包里面总不可能会有一些坏东西吧，还有那些，神 人 策划，你告诉我乌鲁鲁堵桥是谁发明的，我刚从S3打完，我就不想玩了，老是抢队友包，然后我又回归了，发现乌鲁鲁堵桥是个什么东西？策划，你告诉我，你到底想不想让我赢？你至少跟隔壁暗区推学一下，我知道我菜，但是我打的来人，我至少会灭人吧。我打了四个，发现，打不赢，还会来一队，然后打完之后我要去撤离，有人还在堵车里点，我知道这是游戏规定，可以随便怎么玩，但是我真的打不赢，我也会累，为什么每次我都打不赢，我就只能捡垃圾吗？亏我还在体验服夸过你 ⛺生存难度： 不是一般的难，你进去以后，你会随便去一个地方，比如说航天，进去之后发现蓝氏有人，你进去了，打了完之后，比如说你灭了一队，吃完了不又来了一对，队友呢，还在吃包，我灭完另一队之后呢，队友把我打的那一堆吃了，然后还理直气壮的说就那破装备，你要啥？ 还有比如说我单排进去之后去中控抽人，左边一对，右边一对，你让我怎么玩？就算我清图了，什么叫人机拿枪给我三枪秒了？这我就搞不懂了，为什么火箭兵一炮给我炸了2/3的血？小兵跟盾兵为什么一直能秒我？还有航天中控，盾兵火兵，你这中控三幻神一出来，你让我多活两秒都行，1.2秒就秒，我这什么意思？ 🎮操作细节： 没有什么可说的，探头打人，打完之后又来一队，截完图之后，还有一对，四五对，一把十几个人，你看看现在哪一个搜打撤，一个人能灭十几队的，怎么那么CS？,TapTap玩家-748ecdb15ca4,2,48202050,匹配与队友,负向,中,分析匹配池与单排体验，降低实力差距和摆烂影响,,,,,主题命中：队友、单排、人机；负向命中：垃圾,高,2,主题命中：队友、单排、人机；负向命中：垃圾
DFF-001407,TapTap,https://www.taptap.cn/app/330259/review,2026-09-15T05:10:52.261Z,2026-03-11T15:58:44.000Z,zh-CN,玩了400多个小时了，作为一个双坑玩家不过主玩大战场，我对这款游戏也算有不小的情感了，但是官方总是以一种非常高傲的态度，不拿玩家的意见当意见。 先说优点，首先这个游戏的制作组还有宣发可以肯定是用了不少心的，内测时期三角洲的质感肉眼可见的劣质，经过了数个赛季的迭代，现如今三角洲的质感已经是非常好的了，同时这个游戏的音乐还有整体的玩法和制作相对来讲是有一定的心血在里面的，最让我喜欢的是这个游戏的背景故事也就是剧情，可以看得出来，虽然没有明确的在游戏里面铺设长篇，但是官方对于剧情的制作是非常上心的。再包括上个赛季的脑机任务，其中关于米雪的任务我个人就觉得挺不错的。 烽火我玩了也有一百多个小时了，虽然说资产并不多，但是也出过非洲之星和好几个九格了，但是相应的，有些玩家从开服玩到现在竟然都没有出过非洲之星，有些玩家跑了非常久的监狱却没有出过海洋之泪，大红可以稀有但是你不能没有，正常情况下对于那些玩了几百上千个小时的老玩家，难道不应该保底给他们安排一个这种稀有的东西吗？ 还有你有特有的段位混合匹配，跑刀匹全装。跑刀玩家没有一点体验遇到人就被一脚踢死，猛攻玩家打死跑刀的发现吃了一嘴却没东西吃，一局打下来的收获还没有战损高。猛攻是赚不到钱的，这游戏你不是像昊天或者U1这种级别的大神永远别想纯靠猛攻赚钱。官方，难道真的不想思考改变一下吗？天天只想着回收你的哈夫币，然后去暗地里支持你的那些产业，明明有很多种办法能让玩家赚到哈夫币的，也乐意让玩家消耗哈夫币的。 同时烽火的这个神人物价我懒得评价了，六套是要靠摸咖啡豆的，少爷甲是要大几百万的，别跟我提什么天天打绝密就能摸，我已经一个月了才摸到一个咖啡豆，而且你的哈夫币很多啊，可以天天局局打绝密，摸到个咖啡豆造一个六套要24个小时（头甲），剩下的只能靠缴获了。并且你游这个六套跟纸糊的没区别，对于猛攻玩家来说吭哧吭哧的总算是造出了六套，也就是为了在高压局搏那么一点点生机，出去一看哇依旧战损大于收益。把你那收益的假账清一下，你自己看实际到手能拿到多少钱吧？对于正常打正常起装备的玩家来说，你游的这个物价实际上也根本负担不起，机密场只需要18万的战备，但是想要打的爽却要大几十万的带入价值，关键是这些战备却又不足进绝密，或者说四套进绝密是会被一脚踢出来的，玩机密却又要承受着高额的风险。 我算了一下，无法算战备的药品正常玩家打一架至少是10万左右的消耗（2万的止痛，4万两个血包，几根绿针一万多，手术包2万），而如果是更高一档的玩家，同时还要搭配更大的胸挂，你们自己算吧，一个紫血包都要5万了，一个金血包更是十几万。还有这涨飞的金蛋和便宜的不要钱的白蛋和绿蛋，同时还有顶级高压局唯一指定枪械，近战巨浪，中距离m7，远距离awm，以及SR25，剩下的枪几乎是在顶分局没有出场的，能出场的不是绝活哥要么就是真热爱真高手，事实上这些高手玩上述的这四把枪会更牛。 算了烽火的喷的都到此为止，接下来我该聊聊你的大战场了，作为一名主玩战场的玩家，我对于战场的想法是更多的。 首先先说一说你战场这个神人匹配机制，不光光是混匹的问题，还有就是人机的问题。低端局人机是不发力的，只但凡有一个高手带上一群稍微能进点的人机，足够杀穿全场。人机强度高我不反对，但是为什么人机是动态强度呢？为什么人机打我的队友打了半天都是蚊子咬，而打我一个全场最高分的统帅却是三枪穿烟硬锁爆头呢？同时玩家是没有反载能力的，一旦工程不发力，整场就是载具佬的天下，突击位的反载能力有多薄弱您是不知道吗？高端局威龙连坦克的面都见不到就被干掉了，红狼的手炮那杀伤力多低啊。官方难道不应该加强一下玩家集体的反载能力吗？同时的常规大战场真的不考虑加入一下阵营麦吗？虽然我承认胜者为王确确实实是要比常规战场好一点的，但是你总得考虑一部分低玩承受不了那种高压的环境，我们需要一个既可以培养我们战术水平以及给我们交流的环境，又不那么高压，常规大战场加一个阵营麦是一个非常好的情况，担心出什么问题，相关的反制措施做好不就行了吗？目前，高端局会经常使用阵营文字交流，但是这种方式的效率很低的。 然后我要开始追评你的所有地图了，烬区是新手小图，虽然说大手子也多，但是相对来讲是平衡的，除了b点有可能发展成绞肉机之外，整体算得上是一张良图了。 2.然后就是堑壕战，这是一张长图，却拥有着极其复杂多变的地形，不同的打法环境，以及及其绞肉机的B点，惨烈程度堪比凡尔登。玩这张图的大部分情况不是在B点就是在E点决胜负，同时也是载具佬和冲锋枪的天下，极其考验玩家的应变能力以及稳定水平。这张图本人不过多批判，算是本人胜率比较高的一张图了。 3.接着是攀升，这张图的可玩性是全地图，里面个人认为最高的，无论是开局的海上冲锋艇，还是中途的电梯，以及最后的尖塔，官方可以说是对这张图用心了。开局a点海滩乱斗，守方高打低，进攻方可以通过山头反绕，不过整体来讲对于守方来说是优势，B点呢算是载具佬的天堂了，这一阶段比拼的是双方载具的实力，但是考虑到进攻方天然的有载具，这一阶段整体来讲进攻方占一定优势的，会玩飞机的在这一阶段是能起到大作用的，到了c点就是纯纯的一张步战绞肉图了，可是载具却又在这洞穴里面发挥着比较强大的统治作用，还没有制导这种东西，所以很大程度上是决战点，最后的一个点个人认为平衡没那么差劲，尖塔这个玩意双方都是可以利用的，不过对于制导多的一方来说是非常好玩的。 4.刀锋作为纯步战图，一直以来是我这种玩杀人蜂的天堂，A点比拼的是双方的拉扯能力，B点比拼的是运营和守点能力，为数不多需要吐槽的就是c点两侧走廊，对于防守方来说优势太大了。 5.贯穿依旧是一张步战图，但是相对来讲很冷门，相当一部分玩这张地图的玩家是不熟图的，还有一部分玩这张地图很久的玩家是不熟图的，防守方从头到尾的优势是很大的，进攻方在a点如果没有反绕，包夹，切割等一系列意识很有可能就被全歼了，而在b点如果说你无法向前推进到对方近点那基本上是灾难了，进攻方在大空地上有10086种办法被对面抽成臊子。哪怕是熟图的玩家，也做不到在不靠近对面点的情况下进行绕后，官方对于b点我个人认为是需要修改一下了。 6.风暴眼是一张综合性的长图，除了考验熟图之外，还考验一个人的稳定性以及捞分能力（制导22000），这张图其实算不错的，进攻方和防守方开局比拼的就是载具，谁家的冲锋艇能更快更强的战胜对面，就可以夺得制海权，接着对陆上进行威胁，紧接着固定翼的威胁除了中途的D点之外是全程环绕着的。虽说载具佬在这张图的统治力很强，但是步战也是需要协同推进的，综合来讲是一张能够创造奇迹的图，这一张图的翻盘点不少（手游对方270个人满员进E点，结果被我方全歼） 7.金字塔这张图我可要好好的喷一下了，策划在经历了数个赛季之后的全新粪作，开局大平地通抽进攻方，B点顶级高打低，C点两点看似很近实则还有高低差，D点的制导是打不进去的。整体上来讲防守方优于进攻方不知道多少，别跟我提什么地道之类的东西。一来就是相当一部分新手是完全不知道地道的，二来就是实则这些地道并没有发挥特别大的用处，真正会玩的人都会守地道的，你这些地道反而可能成为送命点。我只能说策划真的是好会设计地图啊，为数不多的载具佬发狂图，就那么一个大平地，载具冲上去你一会儿就要被几发at 4打爆了。这张图玩防守方能输的只能说明己方的综合实力不像人或者是对面完完全全碾压 8.余震作为这个赛季的新图，个人感觉体感是比金字塔好的，只能说非常考验载具和支援位，这一张图的地道和绕后点位是实实在在的有用，同时开局的都市巷战的博弈是非常良好的，A点的载具，如果要进点压制那么就会成为活靶子，在远点通抽就无法起到进点压制的效果，相对来讲是需要双方的载具佬进行博弈的，同时进点的单位彼此之间在展开拉扯的同时，是很吃支援位以及防守的，工程也是很重要的一环。B点的蝉震系统挺不错的，算得上是进攻方有效的反制手段，本身具有着高低差的地理系统，在可玩性上面是不错的，同时载具佬也有着不错的发挥，综合上来讲后面的几个点就比较平庸了，整张图个人评分不错。 总结一下，大战场个人是可以给个良作的，毕竟也算是国产唯一的战场手游，产能也还算挺高的，但是本身官方自身运营的问题，以及平衡把控的问题，导致了战场本身存在着非常大的致命缺陷。至于烽火我懒得多说什么了，官方你自己做了什么心里清楚，好自为之吧。差不多该到退游的时候了，S9上线的时候我顺手打个统帅接着退。,TapTap玩家-d3e6a6b0a14d,3,48052645,武器与干员平衡,混合,高,高优先级：结合胜率与出场率评估武器和干员强度,,,,,主题命中：枪械、冲锋枪、平衡、加强、红狼、威龙；正向命中：好玩、喜欢、不错、爽、支持；负向命中：差、退游、受不了、坑,高,3,主题命中：枪械、冲锋枪、平衡、加强、红狼、威龙；正向命中：好玩、喜欢、不错、爽、支持；负向命中：差、退游、受不了、坑
DFF-001408,TapTap,https://www.taptap.cn/app/330259/review,2026-09-15T05:10:52.261Z,2026-01-08T11:25:22.000Z,zh-CN,现在真是恶心的不要不要，外挂物资透全红地图看，举报反映都没有，这是逼的人买外挂呢，举报了人家发短信还骂，说我们就是卖挂的，你可以不玩了，真是外挂的天堂，绿丸的地狱要多恶心就多恶心,TapTap玩家-cf3759128db7,1,47401918,外挂与安全,负向,高,高优先级：优先排查反作弊链路，公开高频作弊类型处置进度,,,,,主题命中：外挂、卖挂；负向命中：恶心、外挂,高,3,主题命中：外挂、卖挂；负向命中：恶心、外挂
DFF-001409,TapTap,https://www.taptap.cn/app/330259/review,2026-09-15T05:10:52.261Z,2025-12-31T11:46:28.000Z,zh-CN,拉完了，那个爆率就是针对账号去的，我朋友是跑刀的，总资产1.2B，我比较喜欢猛攻，但是我和他在一起玩，同样是搜东西 ，他的出红率比我高很多，只要判定完那个账号，就只有高压低爆了，与其创一个号，不如直接退游… 还有外挂方面，开局5秒就拉闸，暗调爆率也是一样 ，妥妥的背刺，策划永远不玩自己设计的游戏，也永远不听玩家的，要不是老玩家的情怀，哪有那么多的活跃度，腾讯游戏的匹配机制都一个鸟样…我都搞不懂，是什么时候游戏来评价人了，只是那些赚的钱多的护航有实力的才玩的下去吧，大多都是普通玩家吧… 还有那个黑屋机制，真的是“前无古人，后无来者”，要不是那个评分只能有一星，我包给你打负五星的，好一个“一视同仁”的机制，你阻止不了外挂就直说 还有那个匹配机制，跟王者一对比，刷新了我的认知好吧，差到习惯了，队友都各打各的，死了一条命直接退了，好像已经知道结果了，新赛季的忧化是一坨好吧，那个账号跟那个匹配机制绑死了真的，你没亏个几百万，死活不给你好队友，资产呈负增长，我高帧率120画质m7打到人身上十几发记录就打到两枪，对面是充钱了吗？吞子弹也没得说,TapTap玩家-41024a7c64d6,1,47335834,外挂与安全,混合,高,高优先级：优先排查反作弊链路，公开高频作弊类型处置进度,,,,,主题命中：外挂、护航；正向命中：喜欢；负向命中：差、退游、一坨、外挂、黑屋,高,3,主题命中：外挂、护航；正向命中：喜欢；负向命中：差、退游、一坨、外挂、黑屋
DFF-001410,TapTap,https://www.taptap.cn/app/330259/review,2026-09-15T05:10:52.261Z,2025-11-12T10:05:41.000Z,zh-CN,这游戏怎么说呢？我觉得是好玩的，然后画质也不错，但是就一个问题，我升仓库或者做任务，为什么交易中心会没有卖那个大红物品的？我一个只敢打大坝的人，根本升不满仓库呀，个人也玩过暗区，但现在暗区仓库是那个样子的，但以前暗区仓库我也能换到那个箱子，这个我就仓库升不满，任务所需要的那个高级咖啡豆也没有卖的，就很无语。希望能出一个只能买进仓库但不能带进局里，然后可以用来升仓库和做任务的，不能上架的交易所有品质物品的功能。本人是手游单排玩家，遇到大手子会挂的那种,TapTap玩家-2b1d5dff88cf,3,46900607,搜打撤与经济,混合,低,复核爆率、物价与撤离收益曲线，评估经济回收节奏,,,,,主题命中：大红、卖；正向命中：好玩、不错；负向命中：无语,中,1,主题命中：大红、卖；正向命中：好玩、不错；负向命中：无语
DFF-001411,TapTap,https://www.taptap.cn/app/330259/review,2026-09-15T05:10:52.261Z,2025-11-03T03:39:47.000Z,zh-CN,我是只玩打战场的，s1开始就在玩了，赛季都是统帅(除了没抽出龙的那个赛季心态爆炸跑路了），可以说是普通玩家中的活跃分子了。 s1到s几来着，那时候还是排名加分制，赢了排名不高还要倒扣分，我只能说抽象。那时候也是每个人戾气最重的时候，风衣就是个笑话，没人会让你救，进攻方也一样，能让同一阵营的玩家勾心斗角，策划是个人物。 后面改了之后，刷分流又开始了，什么自己炸车自己修，一堆风衣蹲一块扔一地弹药箱乱封烟，什么牛鬼蛇神都有，然后呢？策划直接一刀切，收益直接大砍，你救人封烟？+80，修车？焊枪修到爆炸，+225。除了固排，谁会想当焊武帝？除了整活，谁会想当萨尼铁塔？大战场应该战斗爽，但也不应该只有战斗爽。 再说说固排，朋友，车组见过吧，满编车我的朋友，怎么处理？除了他们眼瞎踩手捧雷，还有啥招？at4？搞笑呢，跟我的主动防御说去吧。四发全中又咋？我又死不了。再说了，打狙的坦克咋整？你能打我一炮你是👍🏻，我不一炮扬了你我是👎🏻。 别跟我说什么威龙，有那技术板载的大手子有多少？还是手游。死个七八回炸个车，蹦个+1250不搞笑吗？有这功夫还杀不了十来个人？ 还有那枪械平衡更是搞笑，我也不想多说什么，一代版本一代神，各兵种用的就那固定几把，你游的枪械除了数值还有什么差异化？整那么对同质化的枪除了方便你出皮肤还有啥用？搞笑呢？ 最后说说elo，统帅局且不说，一把高压锅一把搞笑人机局。能赢的挂机都输不了，要你输得什么人机觉醒，点里刷人，中途加入大手子，你能杀有啥用？想快速上分？门也没有。上赛季统帅？给我一把赢一把输上去，不然我的日活怎么办？一个输赢和你一点关系都没有的大战场，我是没话说什么。 就这样吧，反正我退游了，大家开心就好。 发完牢骚，舒服多了。,TapTap玩家-f97756e9f513,1,46828372,匹配与队友,混合,高,高优先级：分析匹配池与单排体验，降低实力差距和摆烂影响,,,,,主题命中：人机、人机局、挂机、elo；正向命中：爽、舒服；负向命中：差、退游,高,3,主题命中：人机、人机局、挂机、elo；正向命中：爽、舒服；负向命中：差、退游
DFF-001412,TapTap,https://www.taptap.cn/app/330259/review,2026-09-15T05:10:52.261Z,2025-10-25T19:04:52.000Z,zh-CN,开服老玩家，从暗区转过来的，玩了一千多个小时，在刚接触这个游戏时比较沉迷，两个模式都玩。 第一，产能低下，大战场新赛季就出一个地图和一个飞机（大战场是我们最重要的模式），人机也多，一整把下来就两队真人，烽火一个赛季就更新两把枪和一个新角色？圈的钱呢？喂护航了？ 第二，平衡性差，无论枪械还是干员，一直暗改盾构（一直削，为什么要出这样一个角色呢？）护航常用的威龙红狼是不带提的（就算削弱也是削腿毛），枪械秒人极快，护甲穿了和没穿一样（除六套外），新版本更是逆天，诸神混战。 第三，爆率极低，物价极高。在这里，你摸一个六格大红一百多万，甚至起不了一套四套半改枪（最硬的四甲高峰期34万，头28万，枪算你便宜点，30万，你甚至买不起子弹和药品弹挂），绝密保险是出一个小紫的。 第四，杀熟，老玩家体验极差，作为一个老玩家，这次方舟联动我也很喜欢，并且氪了一些钱，但是呢？露娜和麦晓雯红皮全保底，而我身边刚入坑的萌新玩家两三发就出了。照顾新玩家是没错，但老玩家就不管不顾了吗？盾构通行证皮肤才出几天就直接热补丁削弱，吃相未免太难看了？ 第五，爱背刺，航天和巴克什撤离点迟迟不修改回来，一直在发邮件推脱？那为什么热补丁那么快，改回来就这么难呢？不把玩家当人看吗？之前联动前瞻说了，和方舟联动的抽奖券是保底有那么多抽，而上线后只有那么多抽，那么我请问，保底在哪？（保底在我红皮上了是吧）经常试探玩家底线，对玩家冷暴力，你以为你在干什么？谈对象吗？道歉邮件也是，把国际服的中秋礼物当补偿发放到国服？真就是慕洋犬呗？ 第六，生物链被破坏，鼠鼠文化盛行，你们官方自己曾经也经常宣传，但现在呢？别人开挂一个月不带封的，而鼠鼠封个烟混闸撤都能被警告封号？怎么的，把新人骗进来就就原形毕露了是吧？什么时候护航能正大光明的上桌吃饭了？中国游戏产业这么多年，就没有一家护航能像三角洲的护航与打金俱乐部这么嚣张，护航确实养活了很多人，但这就是你破坏鼠鼠玩家游戏体验的理由？光明正大的宣传护航？,TapTap玩家-40ae93f35fd5,1,46730532,武器与干员平衡,混合,高,高优先级：结合胜率与出场率评估武器和干员强度,,,,,主题命中：干员、枪械、平衡、削弱、削、盾、子弹、红狼、露娜、威龙；正向命中：喜欢；负向命中：差、坑、封号、暗改,高,3,主题命中：干员、枪械、平衡、削弱、削、盾、子弹、红狼、露娜、威龙；正向命中：喜欢；负向命中：差、坑、封号、暗改
DFF-001413,TapTap,https://www.taptap.cn/app/330259/review,2026-09-15T05:10:52.261Z,2025-10-19T10:52:40.000Z,zh-CN,前言：从信仰到背叛，时间见证了一切 当我写下这篇评论时，我的Steam游戏库中《三角洲行动》的记录，赫然定格在280小时。这是一个足以通关数十部3A大作，或是在某个竞技游戏里冲上高段位的时间。而我，却将它全部奉献给了《三角洲行动》。如今，我带着一种复杂而清醒的心情，为这段关系画上句号。这280小时，并非一场愉快的旅行，更像是一场逐渐加深的“斯德哥尔摩综合征”——我先是被其内核吸引，继而忍受它的反复无常，最终在一次次的失望中认清真相，完成了痛苦的觉醒。这篇评论，是我对这280小时的总结，也是一面镜子，希望能照出开发团队在傲慢与短视中，可能已经看不清的真相。 第一章：蜜月期——被核心玩法掩盖的裂痕 坦白说，游戏并非一无是处。否则，我无法解释最初那100小时的沉迷。它的“硬核”标签与“战术射击”的框架，确实在最初搭建了一个极具吸引力的舞台。 令人惊艳的战术深度： 游戏初期，那种需要步步为营、信息共享、技能配合的体验是无与伦比的。无论是“全面战场”中载具与步兵的宏观协作，还是“危险地带”里小队搜刮、规划撤离的紧张刺激，都让我和我的队友们找到了久违的、超越“突突突”的快乐。干员技能的差异化设计，在最初也确实提供了丰富的战术选择，让人感觉每一个选择都充满意义。 · 视听盛宴的包装： 游戏的画面、音效、枪械手感都属上乘。子弹呼啸而过的声音，爆炸的冲击波，以及不同枪械独特的后座力反馈，都曾让我沉浸其中，认为这将是下一款能陪我征战数年的经典。 然而，这些美好的第一印象，像一层华丽的糖衣，掩盖了底下早已存在的裂痕。当时天真的我，将偶尔遇到的BUG、不平衡的枪械、神出鬼没的“疑似外挂”玩家，都归结为“新游戏的阵痛”。我告诉自己，也告诉队友：“会好的，下次更新就修复了。” 现在回想，这正是沉没成本陷阱的开始。 第二章：裂痕期——系统性的崩溃与运营的失能 随着游戏时间的推移，糖衣逐渐融化，露出了内部苦涩的核心。游戏从“有缺点但值得玩”滑向了“系统性崩溃”的深渊。 1. 反外挂系统的形同虚设与“灰色产业”的滋生 这是摧毁游戏公平性根基的第一颗、也是最致命的一颗炸弹。在约150小时之后，我遇到“神仙”的频率呈指数级上升。这些外挂使用者从最初的“锁头+透视”的嚣张，进化到了更隐蔽的“信息挂”和“微自瞄”，让举报都变得困难。 更令人发指的是，官方对此似乎束手无策，或者说，决心不足。与此同时，游戏内“护航”产业（即高水平玩家，通常伴有使用外挂的嫌疑，通过付费带领普通玩家上分或完成任务）蔚然成风。我们普通玩家在“全面战场”中，经常要面对由“护航”大哥带领的“老板”车队，他们战术明确、枪法如神，将正常的对局碾压得毫无乐趣可言。官方对于这种赤裸裸破坏游戏公平的商业行为，表现出了一种令人费解的“绥靖政策”，处理速度慢，惩罚力度弱。这传递出一个可怕的信号：只要能为游戏带来流水（无论是直接还是间接），公平性是可以被牺牲的。 2. 经济系统的崩溃与极致的“肝氪”压力 游戏内的经济系统，从一开始的设计上就充满了“逼肝”和“逼氪”的恶意。角色的解锁、顶级配件的获取，所需的时间成本高到令人发指。这本身已经是在消耗玩家的热情。但更可怕的是，官方似乎将“防止通货膨胀”作为一切平衡性调整的万能借口。 他们粗暴地限制任务收益，降低高价值物资的刷新率，却对真正导致经济问题的外挂刷资源、灰色交易等问题视而不见。这种“柿子专挑软的捏”的平衡策略，让守法玩家的游戏体验急剧下降。我们花费大量时间搜寻，最终收获寥寥，而破坏规则者却赚得盆满钵满。这种付出与回报的极度不对等，是劝退大量中层玩家的核心原因之一。 3. “共享监狱”事件：压垮信任的最后一根稻草 如果说之前的问题是在慢性放血，那么2025年10月对“烽火地带”模式的更新，则是在玩家信任的棺材上，钉下了最结实的一颗钉子。 官方以“维持经济平衡”和“回归设计初衷”为由，一刀切地限制撤离人数并削弱特定干员，直接摧毁了玩家社区自发形成的、充满人情味的“共享监狱”文化。这种玩家间心照不宣的“和平共处、共同撤离”的玩法，本是高强度PVP压力下一个有趣的调剂，是玩家智慧的体现，也养活了许多偏好探索搜集的“鼠鼠”玩家。 官方的这一举动，完美地诠释了什么是 “选择性执法” 。他们对数十万规模、严重破坏公平的“护航”产业无能为力，却对无组织的、非营利的玩家互助行为重拳出击。这根本不是“平衡”，而是一种傲慢的、脱离群众的管理手段。它清晰地告诉玩家：“我的游戏，必须按我规定的方式玩，你们的创造力与社区生态，无足轻重。” 国庆假期期间，仓促推出如此引发众怒的更新，更是体现了运营团队对玩家情绪的漠视。超过50万条的负面评论，不是水军，而是无数个像我一样，热爱过、投入过，最终被伤透心的玩家，最真实、最直接的呐喊。 第三章：觉醒与决裂——280小时的反思与控诉 在决定写下差评的这一刻，我回顾这280小时，我终于明白： · 我玩的不是游戏，是斯德哥尔摩综合征。 我不断地为它的缺点找借口，用“曾经有过的快乐”来麻痹自己，继续投入时间，期望它能变回我喜欢的那个样子。这是一种不健康的“赌徒心态”，总以为下一次更新会更好。 开发者与玩家之间，已毫无信任可言。 从外挂治理的双标，到经济问题的甩锅，再到对社区文化的粗暴践踏，官方的每一个决策，似乎都在站在玩家的对立面。他们不视玩家为共创社区的伙伴，而是视为需要管理和驯服的数据与收入来源。 280小时，是我付出的“沉没成本”。 我一度因为投入了这么多时间，而舍不得离开。但现在我明白了，及时止损，好过在一艘注定沉没的破船上浪费更多生命。 结语：给后来者的忠告 如果你是一个尚未接触，或刚刚接触《三角洲行动》的玩家，请听我一言： 不要被它华丽的宣传片和“战术射击”的噱头所迷惑。这款游戏的核心，是一个极度不健康、且正在恶性循环的生态系统。在这里，你的努力和技巧，可能不如一个外挂脚本或一张信用卡；你的热情与创意，可能会被官方的一纸通告无情碾碎。 你将会付出的，远不止是游戏本体的价格或时间。你将付出你的耐心，去忍受层出不穷的BUG；你将付出你的公平心，去面对无所不能的外挂；最终，你将付出你对游戏的全部热情，换来的是被官方背刺后的心灰意冷。 我的280小时，已经无法挽回。但我希望这篇评论，能帮助你节省你宝贵的几十、甚至几百小时。去玩一款真正尊重玩家、珍视社区的游戏吧，这个世界值得更好的选择。 至于《三角洲行动》，除非我能看到官方进行一次从上至下的、彻底的、诚恳的变革（而这在我看来已近乎不可能），否则，这280小时的记录，将永远成为我游戏生涯中的一个警示碑——警惕那些消耗你热情，却回报以痛苦的数字牢笼。,TapTap玩家-3024612e8e25,1,46670504,外挂与安全,混合,严重,立即跟进：优先排查反作弊链路，公开高频作弊类型处置进度,,,,,主题命中：外挂、透视、自瞄、锁头、护航、神仙；正向命中：喜欢、满意、惊艳、值得、真实；负向命中：差、失望、劝退、不平衡、崩、外挂；严重度命中：崩溃,高,4,主题命中：外挂、透视、自瞄、锁头、护航、神仙；正向命中：喜欢、满意、惊艳、值得、真实；负向命中：差、失望、劝退、不平衡、崩、外挂；严重度命中：崩溃
DFF-001414,TapTap,https://www.taptap.cn/app/330259/review,2026-09-15T05:10:52.261Z,2025-10-10T17:13:37.000Z,zh-CN,在我看来这款游戏已经走到了尽头。 我端游玩家，手游纯收菜。 先来说说个人感受，从s1开始打战场模式。s1赛季统帅。当时第一次知道游戏里有人机的时候，就很诧异。为什么这种战场模式还要塞一堆人机进来。这不成团队竞技了吗。还有什么战场味儿。 然后策划实时改匹配强度的时候真以为。对局实力过大会让菜鸟体验不到乐趣才把真人全换成同分段的。好，改完之后就发现。一个peek五六个人看向我，好，请在接下来0.5秒发现其中的真人并杀掉他。不然就会被颗秒。如果都是真人我也就认了。自己身位没控制好。关键的是。如果敌方在架点，每个真人身边总会有几个人机一起架。我出来就要面对五条枪线以上。猜错真人就会死。 s4开始玩摸金。当时就觉得33好变态。就没做。 s5开始觉得33有必要。冲了通行证。冲了露娜皮肤。然后开始做33。然后一亿资产五天灰飞烟灭。任务进度不足50％后面更是被失去联系和监狱一命任务搞到崩溃。 但最后还是狗运做完了。大裤裆爽了一个多月。 s6开始。果断充值通行证。深蓝教官太帅了。任务做了一半发现怎么赛季就剩40天了？怎么这赛季这么短，后来发现公告说这赛季短但是这赛季做了33任务下赛季会给补偿33几天。觉得也好行吧。 然后国庆跟朋友出去玩了四天，10月5号回家，打开三角洲。固排跟我说带我共享家园。我还挺好奇，又出新玩法了？然后他俩就带我在监狱爽吃。敌人见面跳一跳。继续吃哈哈。五号下午把监狱存的卡都快刷差不多了。十分钟基本就没有能吃的了。运气好能接个局内任务再吃点。然后全图拉闸一起撤离。真的是我玩三角洲以来最快乐的时光。打到五点多我就下了。想着明天继续共享家园，结果第二天，起床，刷手机就发现三角洲公告这件事。我第一反应是还是被修复了吗，可惜了。结果看完公告之后头皮发麻。三角洲用一种最无脑最暴力的方式制止了玩家自发的共享家园（想了解三角洲官方操作的可以去搜共享家园）。我第一时间是恶心。不过还是玩了几把。然后就出现了。不管打什么图。机密绝密对面全是满编5，6套。见面就一梭子金蛋。打了一天直接亏了一千多万。（昨天共享家园三四把我才吃了五百多万）。看着通货膨胀还剩几百万的资产。又看看还剩一大半的33任务。突然一股无力感油然而生。这不是因为我的实力产生的感觉。就总感觉从开始玩这个游戏，这游戏就从来没想让我快乐过。中间无数次想要退坑。可是固排喊还是会来。因为我当时觉得只要有兄弟。游戏就能有玩下去的动力。但那一瞬间我突然觉得。这游戏真的没意思了。 然后玩家自发十月十号退游。策划八号发补偿公告。可能觉得自己还特别机智。能挽回损失。也许吧。但我不会再为这个游戏充一分钱了。也许我以后还是会偶尔打开他玩一玩。但也仅此而已了。,TapTap玩家-caebd9928863,1,46592155,付费与通行证,混合,严重,立即跟进：解释付费价值并监控定价、返场与抽取争议,,,,,主题命中：通行证、皮肤、充值；正向命中：爽；负向命中：差、恶心、退游、坑、崩；严重度命中：崩溃,高,4,主题命中：通行证、皮肤、充值；正向命中：爽；负向命中：差、恶心、退游、坑、崩；严重度命中：崩溃
DFF-001415,TapTap,https://www.taptap.cn/app/330259/review,2026-09-15T05:10:52.261Z,2025-10-08T16:52:01.000Z,zh-CN,玩是挺好玩的，可以玩，但不建议投入真金白银，这个游戏从开服到现在，策划闹出了不少的节奏，如果你充钱，下一个被背刺的可能就是你。 我是个端游为主的玩家，下面的图片是我充的皮肤可以作证。接下来我将讲述一下我所有被背刺的经历。 第一次，是红狼和麦晓雯红皮的限定改常驻。我是今年大概二三月份正式入坑，虽然刚开服我就玩了。那会红狼和麦晓雯出了之后，上面明确写的是，限时获取，我确实也挺喜欢红狼，保底出的红狼，后面还剩下一点点券，运气好，第四发出了麦晓雯，花了应该有一千五左右。后续就是，踏马的麦晓雯皮肤特效给砍了，限定改常驻。我之前的充钱思路就是想着限定要过了，冲一手支持一下，结果尼玛你这么搞我？结果是官方屁都没放一个。 第二次，方舟联名活动，这个当时闹的节奏比较大，大家应该也都知道了。但是我还是充了一个北极星，没办法，那段时间确实上头。 第三次，虽然我不玩盾狗，但是策划突然上线热补丁，甚至影响到了局内的游戏，我说实话，在我这里官方的信誉真的已经没有了。能影响游戏内的补丁，这是什么鬼东西，以前口口声声说每次更新都会发公告，会测试。请问这次更新的公告呢，测试呢？一而再再而三的恶心玩家，口口声声说没有调爆率，没有改人机，但是你只要资产有增长，就给你猛猛降爆率，酷酷增强人机，甚至让ace扫你盘，进黑屋局，恶心你的游玩体验。 每次活动都要一而再再而三的试探玩家底线，bug不修，外挂不封，护航不管，普通玩家的游戏体验不是游戏体验，主播的才是，护航的才是。 如果玩，别充钱，真的别充钱，没必要，花钱了一定会被背刺，一定会被背刺，真的。,TapTap玩家-d09d1e55f268,1,46576616,付费与通行证,混合,高,高优先级：解释付费价值并监控定价、返场与抽取争议,,,,,主题命中：皮肤、充钱、点券；正向命中：好玩、喜欢、上头、支持；负向命中：恶心、坑、外挂、黑屋,高,3,主题命中：皮肤、充钱、点券；正向命中：好玩、喜欢、上头、支持；负向命中：恶心、坑、外挂、黑屋
DFF-001416,TapTap,https://www.taptap.cn/app/330259/review,2026-09-15T05:10:52.261Z,2025-10-08T08:52:07.000Z,zh-CN,【挺好玩的，就是有点不想玩了】 烽火冲天！ 本来手游的入杀心就重，我技术也没多好，打又打不过，跑也跑不掉，很难想象一把机密会有刘涛追着穿着垃圾装备的我打，更难想象的是在我反应比对面快时，打数枪在敌人头上，对面一枪把我秒了，出去一看，哎呀，原来是挂，他居然一枪命中了我十枪了，看来是手机不太行，连子弹都加载不出来，举报也没问题，看回放，零帧锁头，哎呀居然是挂，我还以为是什么呢，毕竟这么🔥的游戏怎么可能不会看出对面是挂呢，一定是我自己的问题，然后等了一周，封了整整一天，看来真是对面打太好了，这才被一群人追着举报，这是什么原因，自己打的菜就憋住，不给你这种唐人匹配猛攻哥我怎么赚日活！！ 【护航手通天，鼠鼠遮了眼】 护子我倒是匹配的比较少，甚至有一次匹到护子还被我反杀两个，最后剩的那个是个透，给我锁死了，举报就算了，毕竟人家是天才少年，会从烟里面打倒你，锁锁你的头也是基本操作，你怎么能举报他们呢，没了他们这游戏怎么运转，我遇到的护子基本都是我只要知道了就开溜，溜不过再反打，然后就是仙人指路，搜点仔细，细心排点，露娜提前射了箭，或者麦晓雯开了大早就知道你的位置，然后突然暴毙，只留一地的薯片。这游戏真的，护子手眼通天，鼠鼠哀嚎遍布，只有深蓝大人能救我们一命了，在此缅怀深蓝大人的逝去，迎接你们的是鸟兽兽大人！ 当赌桥的意义不再是恶心全图，当赌桥的意义不在是让全图人迷失，当赌桥只针对某一群体时，鸟兽兽大人获得了属于他的升华。至此，在桥上架着的不再是无情的巡飞弹，而是一颗颗轰向澈🌸以及其身后那些被庇护的肮脏的群体时，鸟兽兽大人便是英雄！（当然，谁都不放过的还是出生，炸共享夜坝的也是出生，虽然我已经退游了，共享夜坝也没玩过…） 【最主要的玩法，比峰火冲天更多神人的模式】 首先表明，在s6及以前我都是大战场为主，烽火为辅的神人，烽火主要是盆友找我玩再玩，一个人时通常以玩战场为主，（毕竟神人多，贼好玩） 嗯，老生常谈的一个话题，大战场的攻防就不是人玩的，防守方的优势永远高于进攻方，无论哪张地图，都是防守方优势最大，除非跟我一样被邪恶的elo机制恶心，在防守方都能被6分钟平推，全队没一个像人，这玩意地图设计本来就有问题，跟别提还有挂机的，直接退的等等，大逆风了赢都赢不了了，我还要被敌人鞭策吗，不如直接退，但你直接退会导致游戏强度提高，你不退就会在你连跪数把以后给一局爽局然后扔进高压锅，然后你倾尽全力，赢下你不该赢的对局，那就等着进焚化炉吧，直接扔进打一辈子都赢不了的对局，倾尽全力，一看全对第一，但队友得分比对面同排名低5000，太棒了，我们战场是不会有恶意控制胜率的，是会让全部玩家打爽的。你在烽火冲天爽不了，可以来战场，然后发现烽火没有的快乐，人机锁如头，挂钩遍地走，队友喊救命，医生不救人，船在天上飞，导弹跟着追，载具没人反，载具没人开，有人开载具，原来在挂机。神人，全是神人，比烽火好的一点是这里没有什么护子锁头带有，只有隔着几百米远腰射把你送走，没有透视，在战场穿烟都是小意思，没有什么锁血，毕竟所有人都是会复活的，所以跟我的腰射100发大弹鼓超级带派aw说去吧。 【水能载舟，亦能覆舟，苦海行舟，终倾覆，回头是暗】 嗯，没啥好说的，听劝，再者 琳琅天上已经认识到问题开始做出改变了，你就瞧着吧，以目前这个势头，不用半年游戏肯定会重新回到以前的高度甚至超过以前，三角洲的好玩程度和游戏爽点不用我多说，日活一上来包无敌的。 什么？你的号已经出掉了？没号玩了？诶，刚好我这里有一个成品号☝🤓 很开心我玩的游戏都挺好玩的，什么没暗改，什么真投入，什么什么的，总结就那几个字，我们是玩游戏放松的，没必要为了那点虚拟的货币去争吵，我依稀记得打暗号被接时鼠鼠看着我领着我一起吃东西时的快乐，第一次摸出非洲之星时的激动，第一次被偷死的悔恨，第一次刷出天才少年时的兴奋，第一次开出制导时的爽感，还有跟他们玩这游戏时快乐，我很庆幸有这些快乐，也很庆幸是跟他们一起体会了这些快乐，玩游戏嘛，游戏不就是给我们带来快乐的吗，快乐最重要，其他的，无所谓，让那些护子跟我的巡飞弹说去吧。 有人能教我玩暗区吗，玩不来一点，虽然是开服玩家，但没玩多久就删游戏跑路了……… 就是这样感谢你的阅读，记住要快乐哦！！,TapTap玩家-9a61b09a240f,1,46573099,地图与模式,混合,高,高优先级：汇总热点区域与模式数据，安排地图和玩法迭代,,,,,主题命中：地图、模式、大战场、攻防、玩法、地图设计、载具；正向命中：好玩、爽；负向命中：垃圾、恶心、退游、暗改,高,3,主题命中：地图、模式、大战场、攻防、玩法、地图设计、载具；正向命中：好玩、爽；负向命中：垃圾、恶心、退游、暗改
DFF-001417,TapTap,https://www.taptap.cn/app/330259/review,2026-09-15T05:10:52.261Z,2025-10-07T17:38:58.000Z,zh-CN,8月中旬入坑的，50天端游200在线，对于已婚上班族来说，我真是很肝了，我在这游戏里的乐趣在于摸金的快乐和大家善意的互动。共享监狱是我在这里最愉快的几天，但确实没想到会戛然而止。 对于官方改动我的看法: 1.针对公告里说的 大量玩家反馈不公平玩法，明眼人都知道评论区里大量玩家反馈的是护航，是桂，是堵桥。而且他们都没有发问卷，ch便以此为由，这是他们的动机不纯，所以欲盖弥彰。 2.那么共享监狱影响到了谁？猛攻哥？首先这赛季33逼大家进监狱前，有多少人在玩这图？监狱玩家是很少数。其次盾盾们在里面刮地皮都毫无防备，猛攻杀人不是更轻松了？收益更高了？没影响猛攻，鼠鼠又能开心爽玩，那还剩的就是工作室的收益和官方怕哈夫币溢出。对于前者不想赘述，网评很多。对于后者，我个人认为不会影响到游戏的生命进程，因为哈夫币除了起装猛攻没卵用，对鼠鼠来说，哈夫币只是数字，不会流入市场，而那些去猛攻的 哈夫币正好可以弥补猛攻玩家的亏损，提高猛攻玩家跑刀效率，从而更多的去猛攻，这不是双赢吗？ 3.OK，我不说你们是为了维护工作室，就当你们只是怕哈夫币溢出，并且溢出哈夫币会严重影响到游戏生命，你们迫不得已下场。那么解决方法就只能这样吗？不能增加哈夫币用途来回收哈夫币？不能限制队伍干员职业？就只能一刀砍死干员？同时还限制撤离？外宣的是鼠鼠文化，一刀刀砍向的也是善意鼠鼠，真是对左右脑互搏具象化最好的演绎。 靠鼠鼠文化走火，利用鼠鼠外宣，再一刀刀砍向善良鼠鼠，让我看到的是这个游戏在利用，在剥削，在压迫，有这种底层逻辑ch的游戏，不管这次是否低头，都还会有下一刀，下下刀。 回想起来都是恶心，就当不曾来过,TapTap玩家-c826297a0255,1,46566535,搜打撤与经济,混合,高,高优先级：复核爆率、物价与撤离收益曲线，评估经济回收节奏,,,,,主题命中：摸金、哈夫币、撤离、市场、亏损；正向命中：爽；负向命中：恶心、坑、不公平,高,3,主题命中：摸金、哈夫币、撤离、市场、亏损；正向命中：爽；负向命中：恶心、坑、不公平
DFF-001418,TapTap,https://www.taptap.cn/app/330259/review,2026-09-15T05:10:52.261Z,2025-10-07T16:36:10.000Z,zh-CN,削的是一个干员，有问题的是打法。平日我跟我兄弟们正常打都是一个盾，一个信息，一个奶。盾的队伍无论是盾盾奶还是像我们的盾信息，奶都是道具很劣势的，麦晓雯，露娜，老黑，乌鲁鲁，还是那个鸟人，哪个队伍会少这些人，哪个打盾没优势？盾的被动与投掷都极其垃圾，对枪打起来直接少一个火力，盾一举一动都需要体力值，所以完全没有输出，完全依靠队友。钩索削了半分多钟才一个，敌人在三十米五开外都勾不到。况且盾开到人队友跟不上怎么办？队友掉了盾有反击的能力吗？经常撞掉队友的子弹，稍微放一点给队友多一点视角又拦不住对方的火力，视野开阔地带盾与带盾的体系完全处于劣势。只能说跟兄弟们有默契有配合，所以只能跟固排一起打，因为上述问题永远无法解决，并始终存在。 这次问题明明是非法组队，可却要削一个干员，这不是合理的举动，也完全杜绝不了非法组队的可能性。头痛应该找病因，不是直接把头砍了。 而且兄弟，明明是大环境恶劣，爆率降低，战备提高，工艺收藏品全部降价，唯独转被制造原料价格逐渐攀升。物价溢价严重，打架了也赚不到钱，吃的一身还没打出去的子弹值钱，搜打撤直接打的意义没有了，一堆人就直接开始搜，撤不打了。毕竟护航举报没用，挂钩层出不穷，绿玩或者枪法一般的永远是底层被压榨的对象。盾盾盾盾盾奶共享监狱是畸形，但是这也是环境所逼。同事这样绝对会让护航清不了图，没有了老板，俱乐部及游戏灰产收益绝对受损。这才是为什么连夜修改的真正因素，只不过策划一刀砍深蓝身上把问题推干员身上罢了，这样就没人会说策划有问题，游戏环境有问题，问就是盾玩家有问题，是共享监狱有问题。共享监狱是果，可没有因，何来果？ 说白了还有黑屋机制的问题，Kd越高者爆率越低，唯有杀人可以赚钱，而KD高的破产的也多，所以有人选择降Kd而跑刀，黑屋局发力自然KD越高越容易遇到共享监狱，因为他们Kd高者本身也是最容易破产的人。而大量的共享监狱就是大环境所驱，我们正常玩家喜欢玩的干员又大砍一刀自然何其无辜？,TapTap玩家-29251af993e2,1,46565930,武器与干员平衡,混合,高,高优先级：结合胜率与出场率评估武器和干员强度,,,,,主题命中：干员、削、盾、子弹、露娜、深蓝；正向命中：喜欢；负向命中：垃圾、黑屋,高,3,主题命中：干员、削、盾、子弹、露娜、深蓝；正向命中：喜欢；负向命中：垃圾、黑屋
DFF-001419,TapTap,https://www.taptap.cn/app/330259/review,2026-09-15T05:10:52.261Z,2025-10-07T15:37:45.000Z,zh-CN,端手都玩，s1玩的战场，s2转的烽火也算是老玩家了，首先是游戏性，确实是没的说，不否认是近年来最成功的搜打撤游戏，但问题在于策划对于玩家的意见并不在意，很少见有游戏会反对玩家释放善意以及和玩家对着干，自己号也不缺东西，租给打手朋友出了2亿多现金换了几百米，现在就随心玩了，对于官方这次的改动我想说的是 三角洲也就这样了 三角洲为什么火？靠的是出圈的鼠鼠文化，靠的是在搜打撤游戏暗黑森林的法则下，无数人努力改变游戏环境释放善意，不管是打暗号，在撤离点画画，把自己的红带进来送给别人，这都是这个游戏玩家想做的事，相信很多人也是因为觉得游戏环境不错才会入坑三角洲，可是之后不会再有了，鼠鼠文化因为这次的改动消亡了，这是我不支持这次改动的原因之一 其次是盾构..或者说是阿列克谢·彼得罗夫教官，我并不否认盾在一款fps游戏有多么难处理，同样我想问策划，为什么会设计出盾来？设计出来还在反复削弱，从开始到现在多少玩家反馈盾的钩爪被暗改，盾牌面积被改，以及手感问题，官方并不重视，反而是这次的共享家园把盾彻底一刀砍废，这样的改动并不合理，举盾超过90秒，跑起来甚至没正常干员走路快，连人机都追不上，或者可能有些人会说，很符合现实呀，那么大的盾牌一直举着肯定会累。那我问你，现实里正常人类在被一颗.338口径的awm命中四肢或下腹以后，还能肢体完好的蹦蹦跳跳笑着和队友说：“没事，哥们吃了止痛药”..？正常人类被子弹命中头部，站起来打个绷带就能好了？不用拿现实来和游戏做对比，三角洲是快节奏fps游戏，这样做无异于告诉别的玩家——盾现在就是玩具，手里举的是威化饼干一打就碎，钩子的绳索是意大利面一割就断，跑起来还没走的快的移动铁疙瘩罢了？？我虽然不常玩盾，但我经常能看到盾和其他干员的互动，因为如果没有队友，盾的杀伤力几乎为0。我为盾的削弱感到惋惜，我认为是不公平的削弱 最后是撤离点更改为五人撤离，这是这次公告最被诟病的一个改动，我不知道策划是怎么想的，因为动态爆率的问题，搜不到货。因为护航外挂泛滥成灾，官方的不作为导致打不过。现在因为撤离点更改，甚至撤不掉。搜打撤一个不沾，那请问有什么脸说自己是搜打撤游戏呢？为什么不能是六人撤离？也就是说假如我和清图队达成协议和平撤离，同样是三人队伍，绝对会有其中一队人的一位撤不了，如果在没有丢包，没时间做飞升的航天极限闸，直升机平台关闭，没有丢包的监狱极限闸，没有飞鼠没有丢包的巴克什极限闸，剩下那个要如何撤离？ 策划自己想想吧，一周年本该是开心快乐庆祝的日子，你们却背刺鼠鼠玩家--游戏最大的推广者，为难正常玩家--游戏最多的支持者，恶心猛攻玩家--游戏成就感最高的领航者。依次来推动你令人作呕的灰产，护航俱乐部。因为俱乐部挣不到钱，所以你们就对除了护航以外的所有人都进行打压？对你游戏推动最大的衣食父母进行邮件警告，玩家自发组织的行为，为了做你的赛季任务，为了日益膨胀的市场买得起东西，头甲价格，子弹价格以及枪械涨价多严重，你们心里清楚，玩家更清楚。 继续这样下去吧，我还有很多游戏可以玩，并不是只有你一款游戏，一款折磨自己，折磨敌人，折磨所有人，护航上桌吃饭的游戏没有什么必要继续玩下去。,TapTap玩家-fa21341a7532,1,46565160,武器与干员平衡,混合,高,高优先级：结合胜率与出场率评估武器和干员强度,,,,,主题命中：干员、枪械、削弱、削、盾、子弹、改动；正向命中：不错、支持；负向命中：恶心、坑、不公平、外挂、涨价、暗改,高,3,主题命中：干员、枪械、削弱、削、盾、子弹、改动；正向命中：不错、支持；负向命中：恶心、坑、不公平、外挂、涨价、暗改
DFF-001420,TapTap,https://www.taptap.cn/app/330259/review,2026-09-15T05:10:52.261Z,2025-10-07T02:29:31.000Z,zh-CN,这次改动反响这么大主要是官方的态度，有种强制立规矩告诉你游戏就该怎么打，不许存在其他玩法的感觉。 一款优秀的游戏应该允许不同玩法共存，本来玩游戏就是图一个乐呵，你享受起装猛攻踢人的乐趣，我享受跑图摸金交友的乐趣，本没有谁对谁错，但官方这次就等于是变相的干涉，想撤离就要拼个你死我活，在这种环境下脆弱的人性根本禁不起考验。 我认为洲的游戏类型与传统的FPS游戏不同之处在于玩法不再局限于单一的打架，玩家可以以一种更加温和的方式获取游戏资源。 像长弓交易桥，超星车站就是在这个背景之下的衍生产物，包括鼠鼠文化，还有源自玩家之间的感人故事，这些闪烁着人性光辉的典型事例正是吸引很大一部分玩家入坑洲的原因，也是一款游戏内在的文化软实力。 一款游戏如果没有这些人文气息作为内在支撑，单靠玩法是不可能长远的，市场上有太多的替代品，如果没有属于自己的特色，为什么偏偏要选择你这款呢？ 说到底还是官方的吃相太难看了，本来有很多方式可以平衡共享地图玩法给游戏带来的弊端，但他们偏偏选择了这一种最极端的方法，甚至把一个核心玩法就是盾的干员削成这样，确实有些难评。 （最后附一张b站评论区的图片，真是演都不演了😂）,TapTap玩家-3486acae5634,1,46555768,武器与干员平衡,混合,低,结合胜率与出场率评估武器和干员强度,,,,,主题命中：干员、平衡、削、盾、改动；正向命中：优秀；负向命中：坑,高,1,主题命中：干员、平衡、削、盾、改动；正向命中：优秀；负向命中：坑
DFF-001421,TapTap,https://www.taptap.cn/app/330259/review,2026-09-15T05:10:52.261Z,2025-10-06T23:17:06.000Z,zh-CN,花有重开日，人无再少年 三角洲的鼠鼠文化已成为绝唱，谁能想到勾爪命中的彩蛋已成最大的笑话！ 我是被鼠鼠文化吸引来的 我的枪法不是很硬 但可以保护我的鼠鼠兄弟 我可能被背刺过 但我依旧会被滴，滴滴的暗号吸引 我可能被踢死过 但依旧在冰冷的黑暗森林里寻找干员的善意 我会隔着屏幕和你互换信物而高兴 及时我们无法通过局内语音，但依旧默契的分享出红的喜悦 “拿上这个吧，或许有点用” 即使我们是陌生人，也通过三角洲这个载体分享人性中的善意 三角洲真的要对鼠鼠文化下手，那设置交易桥、和平撤离的彩蛋就跟剥完印第安人头皮后设个感恩节一样算地狱笑话 先谈谈烽火，再谈谈我们最重要的大战场 【不搜只打不撤，三角洲的搜打撤已经成为怪谈】 三角洲为什么好玩？ 你可能会说丰富的干员技能+灵活的枪械改装+搜打撤为核心的枪战玩法。 但远远不止这些，游戏是第九艺术 在我看来丰富的社区文化也是三角洲好玩的最重要核心点之一。 社区文化即三角洲特有的鼠鼠文化也深刻影响到局内的玩法 在我看来三角洲的地图设计偏向于高压 就最热门的地图（航天基地）这张图而言，设计就有很大问题。 三角洲的干员并不能携带手雷，烟雾弹这种战术道具。只有技能才会提供战术道具 总裁外的大长廊，如果双方都没有破点道具，三角洲的tkk又是极短的，谁先冲谁是劣势，太容易无意义互驾到死。 复活在二员高压一点，开局15秒是可以直接返回特勤处 牢区一三号位是吃不上饭的 西大是要被宿舍区抽的 更别提桥上乌鲁鲁架狙天然的优势抢位 那么搜打撤为核心玩法的三角洲更像是披了个apex的皮的大逃杀 最终赢家才配吃全图！ 但是航天基地产出所有玩家都需要的油和锅 一个升级仓库，一个升级体力 虽然航天地图设计畸形，但三角洲的鼠鼠文化反而是得这张图图充满人情味 暗号，友好互动，反向花来，跳一跳 或是“新年快乐” 这就是三角洲的魅力所在，大家都喜欢哈基峰能活着带出ta的第一桶油 游戏是带给大家快乐的，打打杀杀之外更是玩家的人情味。 游戏环境也是脆弱，玩家之间的善意大抵是经不住畸形的设计。 阿列克谢的勾爪命中，欢迎回家可能会成为绝唱吧 【苏联经济，畸形平衡，抽象产能】 作为一个1K小时的老玩家毫不夸张的说三角洲的产能+畸形的技能平衡导致现在游戏里的苏联经济。装备是纸糊的，子弹是一发及其昂贵的，收集品是不值钱的。 我们至今为止不知道一个流水日活现象级的手游怎么会有如此抽象的产能。但凡更新快点出新地图+新设计不会物价飞起 新地图高战备，玩家熟图需要哈夫币 新设计比如洪水淹了大坝，玩家需要部分潜水探索 想想s4就加了个滤镜，加战备的终夜大坝不该定在耻辱柱上吗？ 这赛季的山火就加了迷雾，跟终夜大坝同出一辙。 创新点是没有的，资源点是没加几个的 围绕山火撤离，灭火，搜集火后资源………在我看来是大有可为的。 好吧😥你不改变，可以说是为了运营稳定 那么干员的技能平衡在哪里 老黑常驻35%爆炸物抗性 你深蓝一个装了防爆套装不能用枪只有10%抗性 还有露娜一个侦查4个伤害技能，不知道以为是工程位 聊完烽火聊聊我们最重要的大战场 【大战场不大，火柴盒子打架】 一个好的大战场有什么？ 足够大的空间，载具与步战的平衡，攻守方之间的平衡 三角洲的大战场上限低，下限高 三角洲的大战场说大，它挺大，说小，它就是火柴盒子。 就说经典的攀升，看得出来，他是就在想往硫磺岛上靠。 三角洲最大的问题是它的掩体，基本上是没有的，绕后等一系列战术迂回是没法进行的。 点是非常小的，点里的火柴房子还不能拆 常常出现一种情况，Pro哥和载具老各捞各的 打开积分榜一看双方都捞爽了，点是莫名其妙掉的，兵力是很快没的。只有鸡哥成了牺牲品，保住了所有人的下限体验 本人统帅，AA人。我的分注定不会太高，三角洲的反载在统帅局基本上不会有人刻意去反，除了胜者为王模式。因为反载与捞薯条的收益不成正比，打的高压一点 。依据你一直去反载，分甚至不会超过1万。反载也是吃力不讨好的，反载的时间去捞薯条，分会更高。但是载具的体验除了车队，也不是特别好。毕竟不知道从哪摸出来，两个威龙掉皮掉肉不掉队就没了，野排很难有人去帮你修车。 攻守方平衡也不是很好 断轨攻方的C点，两个很近的火柴盒子不能摧毁。守方绕下，攻方无望。 攀升的C，D差不多也是这个情况载具很难破点，纯步战绞肉。 以上算是1k小时的老玩家毫不夸张的评测？算是吐槽🙏 希望我们的三角洲听劝🙌多改改,TapTap玩家-95d512c50246,3,46554618,地图与模式,混合,低,汇总热点区域与模式数据，安排地图和玩法迭代,,,,,主题命中：地图、模式、大战场、玩法、地图设计、载具、大坝、航天、新地图；正向命中：好玩、喜欢、爽；负向命中：差,高,1,主题命中：地图、模式、大战场、玩法、地图设计、载具、大坝、航天、新地图；正向命中：好玩、喜欢、爽；负向命中：差
DFF-001422,TapTap,https://www.taptap.cn/app/330259/review,2026-09-15T05:10:52.261Z,2025-10-06T17:14:22.000Z,zh-CN,我是六月末也就是s4末入坑，玩了三角洲不到4个月，但是游戏时间已经来到了三百多小时，平均每天有2-3小时是在玩三角洲的，这款游戏确实是没玩之前不理解，玩了就很上头的游戏 为什么我会玩这个游戏?说实在点的，我是看了例如老柠萌这类鼠鼠玩家up，以及各种房卡测评，摸红视频，我对于这个游戏的享受更多的是在于搜，以及撤，是来自于陌生人的善意，是无声的默契 我开始玩的那几天，对地图完全不熟悉，零号大坝怎么跑刀?我熬夜看着直播学 我还记得我最开始玩普坝都起的是m14，改了四五十万这样，因为他们说m14很厉害 我还记得我在普坝的第一把出了一个燃料电池，价值三十几万，我觉得很稀有，把它放着舍不得卖 我的第一个红是长弓溪谷的雷达站出的，是服务器的一张显卡，雷达站是屏蔽区，我路都认不全，甚至是队友领着我我才走出来的 后面我开始看航天基地跑刀的直播，那些跑刀主播出了红，我也会跟着欣喜 我也开始玩航天基地，因为他们说跑刀匹配队友很不道德，所以我一个人等几十秒进航天基地，然后几分钟后又被踢出来，就这样几天才勉勉强强熟悉了图 我出的第一桶燃料，是中控沙地下面出的，我很激动的问我的朋友，怎么办?他们说混闸或者接飞升吧，但是飞升来不及了，我只能去混闸，那应该是这最后一个闸了，我在还剩一分钟的时候被找到了，但是他们没有杀我，我把火箭燃料丢出来的时候，他们也没有要，只是让我一起撤 后面我觉得跑刀太过无聊了，也就开始试着猛攻 我或是全装，或是玻璃大炮 后面我逐渐喜欢玩绝密航天了，对于监狱，其实我并不在意，因为监狱太复杂了，我比较路痴玩不习惯 我也开始习惯性的放跑刀鼠鼠，有些鼠鼠会见面就丢下全身的装备给我检查，甚至有的会领我去找他藏的大红，我也不会要，和最开始我所被对待那样 每当看到我们两队甚至三队四队人一起站在撤离点，丢一些没有伤害的道具，喷漆，敬礼，然后一起“确认包裹上路，欢迎回家”。我心里很开心，这是游戏的意义，不是打打杀杀，不是非要你死我活 所以为什么?限制撤离点只能5个人?为什么一定要不能一起撤离?我们游戏什么时候必须要有个高下，要有个你死我活了?我不玩监狱，没玩过，不知道什么共享监狱。总裁看到深蓝架着盾，把我勾走的时候，我也会有些绝望。但是为什么?玩家们自发的善意也要被你们这些策划，被官方毁掉吗?官方宣传不也一直在宣扬什么和平，什么鼠鼠，什么一起撤离? 教官甚至路都走不动了，撤离点5个人撤离，也就是两个队不可能再一起撤离了，这种小小的善意也要被剥夺吗? 那我要问了，为什么笔记本，军用电台，军用信息终端，滑膛枪什么的红，会掉价这么多?本来爆率就很低了，这个赛季的航天和巴克什都提高了15万战备，没有四套和半改枪基本上都进不了航天了，物价为什么反倒是飞涨?5600一发的6.8mm金蛋谁打的起?一件5甲为什么要卖50万?四甲为什么有的时候即使是低耐都要20万才能买到?为什么挂耳咖啡很难摸到了?为什么33任务说了减负反倒是更难了?我甚至都不想再做这个狗屁33了，买命站基本上买不到了，交易桥没了，共享监狱不到10天，也被你这游戏的🐶策划毁了? 我玩游戏是为了快乐，但是我的游戏对局压力确实一点点的增大，爆率不增反降，路匹队友也变得🍬飞了，但是我没办法 玩一个游戏应该是为了快乐，但是没了快乐，玩这个游戏有什么意义呢? 上号点开行前备战，点击护甲，mk2四甲，破损：20万，我的心情瞬间没了 狗屁游戏谁爱玩谁玩吧,TapTap玩家-660975f73fa6,1,46553287,搜打撤与经济,混合,高,高优先级：复核爆率、物价与撤离收益曲线，评估经济回收节奏,,,,,主题命中：爆率、物价、撤离点、撤离、大红、卖；正向命中：喜欢、上头；负向命中：无聊、坑,高,3,主题命中：爆率、物价、撤离点、撤离、大红、卖；正向命中：喜欢、上头；负向命中：无聊、坑
DFF-001423,TapTap,https://www.taptap.cn/app/330259/review,2026-09-15T05:10:52.261Z,2025-10-06T15:59:20.000Z,zh-CN,作为一名普通的pc玩家来发表一下看法。 首先策划绝对是有病的，共享监狱都玩盾构，不是因为现在盾构有多强势，而是如果全是盾的情况下让背刺和猛攻的那群人的杀敌欲望无限下降，且还是在三个盾的情况下。 所以给盾大砍一刀，真是纯恶心那些真正喜欢玩盾和专精盾的玩家，现在的干员都很强势，这样砍一个中规中矩的盾真的太脑瘫了。 其次共享监狱真的有点病，不谈护航什么容易赚哈弗币什么。就谈我这种普通玩家正常去玩监狱，遇到几次三个盾带着一队满编队来打我们，不要说什么盾只会吃，这种非法组队的也不少。我还是偶尔玩玩监狱，遇到这种情况真的恶心。那我们正常玩家的体验呢？ 我以前也经常跑刀，前两个赛季只跑航天，从刚开始的提心吊胆熟图，到后面的游刃有余的吃饭，这是一个经历是过程，就这样我在航天跑刀也一直是赚的。我觉得一名真正的鼠鼠玩家喜欢抹东西也得靠自己本事摸吧。不能说我33不做，出大红带不走，高级图不跑，但是我就要吃的多？这不纯粹扯淡嘛 而且在我看来，共享监狱这种，俱乐部的跑刀仔赚钱的才是最爱吧，成本不会丢失，还能在道德谴责别人？真正喜欢点护航的，真的不会缺钱，大部分就喜欢把别人踢死的快感去的，说白了几百万，会玩的大坝跑几把就出来了，没钱的谁舍得花188去买那几百万？不都冲着情绪价值去的。 但是策划最脑瘫的是改成五人撤离，哪怕是六人撤离我都要说改得好，虽然我很少见到五人以上撤离，但也不是没有，有时候真的到了两队都吃饱，打也不想打的情况，这样纯粹逼着打架，而且改就算了，现在bug一大堆满天飞，能不能把这个b游戏做好。 总结：共享监狱需要遏制，尤其是这种高级图，不能不在乎普通玩家的感受。但是策划得有脑子，不能一拍脑子就瞎改乱改。 再说一句，最近看玩共享监狱的那些盾发的截图，大多一把一百多万撤离，战备78的图带一百万多出去？然后说自己赚的好爽，讲真我玩大坝卡个战备包进去都能吃的比这多，足以说明大部分人是真玩不明白，但就是想不劳而获。 71个锅和7桶油足以证明我跑了多少航天，甚至有5桶油都是跑刀混闸控闸带出去的。后面就很少拿这种东西了，基本都扔给队友。,TapTap玩家-5fe20138ec13,2,46552569,武器与干员平衡,混合,低,结合胜率与出场率评估武器和干员强度,,,,,主题命中：干员、盾、强势；正向命中：喜欢、爽；负向命中：恶心,高,1,主题命中：干员、盾、强势；正向命中：喜欢、爽；负向命中：恶心
DFF-001424,TapTap,https://www.taptap.cn/app/330259/review,2026-09-15T05:10:52.261Z,2025-10-06T11:53:44.000Z,zh-CN,不推荐任何的新人入坑，三角洲一开始便是以和睦的玩家氛围出圈，吃足了鼠鼠带来的流量，现在却要把鼠鼠赶尽杀绝，撤离点的改动让两队和平撤离的可能几乎无限趋近于零。 经济系统从来就没有优化过，物价越来越高，吃一个大红甚至没办法弥补一把5套猛攻带来的战损。经济系统还不如隔壁暗区，抄都抄不明白的那种。 护航极为猖獗，明明举报栏中第二个便是护航，但官方对于护航从来不进行任何的打击。甚至还将护航劵作为官方直播的奖品。且外挂基本上没有任何的打击，你被外挂打后举报最多也只会有一个轻飘飘的禁榜1天的处理结果，对被外挂击杀的玩家也没有任何的补偿。 最重要的一点，策划说的是三乘三会越来越好做，会迎合多元化的游戏环境。但我们却只看到了三乘三的难度越来越高，条件越来越苛刻，赛季的时间越来越短。我们玩家希望的整治外挂始终无法实现，但热补丁中却能检测到你跳一跳。这无疑表达了策划的态度：只有买官方挂的人，做护航给他们上供的人才是玩家，正常的玩家和鼠鼠就只不过是用来贡献日活，吸引流量的道具，对他们来说没有任何的价值。 这次更新无疑是暴露了三角洲官方丑陋的嘴脸，遥想当年117玩暗区时被狙仔打死没办法撤离后便多次修改撤离点，在玩游戏时发现出不了大金就提升爆率，这至少证明了暗区策划在想办法为玩家解决问题。而三角洲的策划只把玩家当成引流的工具，到了现在日活3000W的水平便认为不需要维护我们普通玩家的利益，让挂，护航四处猖獗也不愿意让普通玩家赚钱。只能说这游戏过了这次更新原地解散我也丝毫不意外,TapTap玩家-abb9d7aa27aa,1,46549998,搜打撤与经济,混合,高,高优先级：复核爆率、物价与撤离收益曲线，评估经济回收节奏,,,,,主题命中：爆率、经济、物价、撤离点、撤离、大红；正向命中：推荐；负向命中：坑、外挂、不推荐,高,3,主题命中：爆率、经济、物价、撤离点、撤离、大红；正向命中：推荐；负向命中：坑、外挂、不推荐
DFF-001425,TapTap,https://www.taptap.cn/app/330259/review,2026-09-15T05:10:52.261Z,2025-10-06T09:50:04.000Z,zh-CN,这群尸位素餐的东西根本不懂游戏，像吸血鬼一样压榨着真正热爱游戏的设计者和运营者。现在的三角洲地图设计有问题：航天撤离点过分集中和监狱过于复杂的地形；准入机制有问题：监狱高达78w的准入费用和与之不匹配的爆率和收益；匹配机制有问题：天下苦黑屋久矣；运营环境有问题：一边利用玩家之间的善意吸引流量，一边阻止玩家释放善意；干员设计有问题：盾过于极端的设计和与游戏完全不匹配的机制让玩盾的玩家和对抗盾的玩家都怨声载道；经济系统有问题：愈发水涨船高的物价和国庆物价彻底崩盘有目共睹；设计理念有问题：搜打撤游戏限制搜和撤，强迫玩家打，简直是南辕北辙；环境维护有问题：作为一款经济游戏明目张胆支持利好灰产护航。凡此种种，不一列举，这么多问题夹杂在一起集中爆发才最终导向了监狱里面全是盾这个结果，尤其是这样一款收益如此直观的游戏，绝大多数玩家会不可避免的选择最大公约数，普通玩家正常的游戏诉求得不到满足，就只能采用极端的方式实现目标。现在三角洲官方最应该做的是想清楚三角洲最大基数玩家需要的是什么，然后协调这部分玩家与少数有特殊需求的玩家之间的关系，而不是想现在这样头痛医脚，治标不治本，玩家想要的并不一定是共享的监狱，而是一个能够低成本的，安心的满足跑刀乐趣的地图，企划中三角洲应该是腾讯游戏的新十年的扛鼎之作，但是策划的操作，让其一年走了前辈王者，和平几年的路，难不成把希望放到王者荣耀世界？🙄 玩了550小时三角篓子，养号，送死，装糖，各种方式提高爆率降低强度的我像是个小丑。随后的绝密厮杀后大红是一星期见不到一个的，红卡是回不了本的，金卡是舍不得开的，中金包装成小红污染出红概率，装糖一辈子清个图直接毁于一旦，亏损多了补个二三十万的小红装装意思。之前在装糖的时候机密大坝连开50次保险三个红一个手表一个化石一个步战车，刷爆两张东经理室，两张变电站技术室，谁还在说唐人爆率高我笑谁，打着摸金名头的游戏主旋律是互相厮杀，交易桥，卖命站，无一不是被好奇来玩这游戏的圈外人家建立的在这残酷环境里最后的理想乡，在这赛季影响滋本赚大米破坏了理想乡后，这群玩家将目光转向了以前他们从不敢点入的潮汐监狱，每一个盾构都是一面叹息之墙，保护了每一个只喜欢摸金的真正的鼠鼠玩家，我只佩服这群没脑子的ch，他们居然敢公然反抗3000w玩家组成的微小社会，并且还是触动了堆砌这3000w日活中的基石。即使删除了大盾，鼠鼠们就像是现活动中的群鸟一样会不断的去迁徙筑巢寻找属于他们的新的家园。 说了这么多也是感慨自己居然在一个睿智游戏里面浪费了人生至少200小时去装糖，跑刀，忍住杀意，不敢杀人，就像是实验室的猴子一般被人戏耍随后再被投喂奖励乐此不疲的重复下去。 此前也是一个1500小时的塔科夫半步老登的萌新，暗区无限给我的游戏体验真的比预期的高太多太多以至于s3赛季开始到现在跟别人提起暗区无限也都是些赞美之词，虽然知道暗区也有elo也有限制玩家虚拟货币获取效率的机制但实际上这并不影响正常玩家的游戏体验，不会因为在绝密巴别塔得吃四把后刮了一整个塔只出了两个小金，不会因为连着死进黑屋，连着撤进黑屋，吃太多进黑屋，吃太少进黑屋，打的好有惩罚，打的差没奖励，不知道的还以为是规则怪谈。 这把对局是在我强风北山80%撤离率并且把把保底100w收益无大金还能250w收益的收益，正常放到三角洲大概保险里会给个跳舞女郎吧，越玩暗区越觉得玩三角洲的我就是个小丑,TapTap玩家-1db200071f60,1,46548840,搜打撤与经济,混合,高,高优先级：复核爆率、物价与撤离收益曲线，评估经济回收节奏,,,,,主题命中：爆率、摸金、经济、物价、保险、撤离点、撤离、大红、出红、小金、搜打撤、亏损、卖；正向命中：喜欢、支持；负向命中：差、崩、黑屋,高,3,主题命中：爆率、摸金、经济、物价、保险、撤离点、撤离、大红、出红、小金、搜打撤、亏损、卖；正向命中：喜欢、支持；负向命中：差、崩、黑屋
DFF-001426,TapTap,https://www.taptap.cn/app/330259/review,2026-09-15T05:10:52.261Z,2025-10-06T00:01:50.000Z,zh-CN,一年老玩家了，我请问呢你一个搜打撤游戏一年走完塔科夫10年的路，你是真牛逼，国庆中秋你当清明过？三角洲是过了一周年直接原地解散么？好一个热补丁更新，露娜皮肤优化没见你这么快呢？优化左亚优化得有玩家反应了半个月吧？你要是真平衡不了你就把盾构删了吧，一个搜打撤游戏，从第二个赛季就有人说过味道开始不对了，第一个赛季就要人说过和内测不一样了，这是为什么呢？ 暗改呗！ 嘴上说削弱人机实际上你在发射区，花园的老太能给我头打碎，六套能被机枪锁脚秒了，小兵肘我一下我还欠他6滴血， 爆率！ 当时和隔壁暗区这顿对比说爆率高，给暗区玩家整得直说三角洲大夫真是妙手回春啊，现在呢？你地图里有爆率么加几个保险箱，给你个牛角女郎望远镜，你觉得玩家真的会买账么？ 赛季任务！ 你所说的什么给玩家更多的选择，选择在哪儿呢？这个赛季的任务是我玩的最卡手的一个，以前可着主线做，主线卡主边做支线的枪械任务边做主线也挺有意思，现在呢说是让你少做任务实际上你想第一时间拿3x3你就得和地图里所有人去抢，这赛季你甚至能看到巴别塔一队不进吃完你撤了都在塔里看不到人。嘴上给选择了，实际上就会整个不能中途撤离失败。 撤离点更改！ 你要是不会做游戏你就把烽火删了呢，那绝密航天一把能拉几个闸？把把有的挂就不说了，护航也不提了，也不是不能打，你堵桥的呢？几个赛季了？你费劲巴力的头家都修成吊带了出来一看桥上有一队，行没事儿咬咬牙干了呗，你这5人撤离，走鼠道的情况下乌鲁鲁4个火露娜俩雷俩电箭，从桥上下来快还是，往撤离点跑快呢？3角洲你要是6个人撤我都不至于这么说，5个人撤你为啥不做大逃杀呢？你就100w进去，物资点一删除，整个毒圈，最后一队直接撤离，发随机200w到800w不等的哈佛币就完了呗,TapTap玩家-75bb7240ad21,1,46543185,搜打撤与经济,混合,中,复核爆率、物价与撤离收益曲线，评估经济回收节奏,,,,,主题命中：爆率、物资、保险、撤离点、撤离、搜打撤；正向命中：有意思；负向命中：暗改,高,2,主题命中：爆率、物资、保险、撤离点、撤离、搜打撤；正向命中：有意思；负向命中：暗改
DFF-001427,TapTap,https://www.taptap.cn/app/330259/review,2026-09-15T05:10:52.261Z,2025-10-05T23:47:33.000Z,zh-CN,三角洲你是真无敌了，轻易就走完了其他游戏十年的路，为了保住护航的基本盘，不惜直接牺牲玩家的基本盘，共享监狱这件事无非就是策划和护航俱乐部急了，毕竟监狱是战备最高的地图，设计出来就是为了当绞肉机回收哈夫币的，你不绞肉都和平撤离了策划能乐意吗，再说护航，以最基本的的188保588w为例，我昨天直接就赚了188，那老板也不愿意点你监狱的护航单啊，我自己就能御驾亲征，一个人不杀直接清图，还要你护航干什么，本来我还在想策划有什么阴招能使出来呢，削盾构？盾构烽火不打针都能随便反杀，盾构已经够废了，不如直接删了，加战备？物价已经够崩了，加了也没意义啊，一个五套就80万了，想了半天只能想出来支持渡鸦关停监狱了，结果就是天才策划一拍脑袋：“那我把撤离点关了不就得了，看你们怎么非法组队。”那还叫什么搜打撤游戏啊，直接叫打打打得了呗，本来你这个游戏也不是靠着打出圈的，从头打到尾我不如去打codm呢，这样回收哈夫币的目的就达到了，护航也就能顺利的占领监狱了，那么代价是什么呢，代价就是你这个游戏只剩下挂和护航呗，鼠鼠玩家因为不让撤不玩了，猛攻玩家因为高压锅不玩了，整一帮护航就在那天天来回打呗，一局全是护航，绿护全炸单那老板也不玩了，只能赚哈夫币得了你就满意了，这个公告下面还有不少叫好的，说什么官方亲自下场惩治非法组队的，基本就都是护航俱乐部那边的人，你说共享监狱算不算非法组队？能不能被举报？官方允不允许？既然官方表态了，那肯定是不允许的，那你要说护航能不能举报，官方允不允许？这时候官方和那帮人就偃旗息鼓了，屁都不敢放一个，因为什么，因为护航赚的不是哈夫币，而是人民币啊，断人财路普通杀人父母，只有涉及利益的时候他们才叫的最欢，就像典狱长说的：“你们这些臭老鼠都是服务器的蛀虫妄想摧毁潮汐监狱的秩序”而关停撤离点就是解药，物价崩盘是不管的，护航满天飞是不管的，3×3是又臭又难又长的，搜打撤游戏是不让搜不让撤的，其实这一切都在策划设计的彩蛋中体现了，策划想要表达的意思不是感谢你玩我们的游戏，而是你玩个蛋你玩,TapTap玩家-e3d40dc593a0,1,46543117,搜打撤与经济,混合,中,复核爆率、物价与撤离收益曲线，评估经济回收节奏,,,,,主题命中：物价、哈夫币、撤离点、撤离、搜打撤、彩蛋；正向命中：满意、支持；负向命中：崩,高,2,主题命中：物价、哈夫币、撤离点、撤离、搜打撤、彩蛋；正向命中：满意、支持；负向命中：崩
DFF-001428,TapTap,https://www.taptap.cn/app/330259/review,2026-09-15T05:10:52.261Z,2025-10-05T20:03:31.000Z,zh-CN,s1赛季末入的坑，中途一直在玩，没断过。我亲眼见证了三角洲鼠文化的兴起，直到现在被策划榨干价值后一脚踢走。 这个游戏大部分的宣传视频都带有强烈的“鼠文化”，甚至游戏内活动也是这样，但策划一直在抹杀鼠鼠的生存空间，让所有人去起全装烧钱以此保证经济市场不会炸，但是市场已经炸了，装备多次价格上调，官方强行修改大红价格，这都在证明策划没有多少办法去限制玩家手里的哈夫币，这更显出策划无能。 还有就是陪玩护航店的问题。我就没见过一个在游戏中本该类似灰产，没人会冒头越界的东西在三角洲行动中上桌吃饭了，甚至还要把桌子掀了。这种嚣张的态度也证明了护航店有在给官方“上供”并且官方明确了会保他们，这也让举报页面的“护航”成了笑话 至于外挂问题，一个暴力外挂开着直播顶着30多的kd飘了一个多月都没封，这本身就很有问题，有什么问题就不说了，怕死。 最后就是大战场，其实这个没什么好说的，“最重要的模式”嘛，谁信了我就给谁卖保健品，都不用等他老了。建议大战场玩家还是去玩战地吧，好歹不用被策划当狗训,TapTap玩家-acc827debd29,1,46542615,搜打撤与经济,负向,高,高优先级：复核爆率、物价与撤离收益曲线，评估经济回收节奏,,,,,主题命中：经济、哈夫币、大红、市场、卖；负向命中：坑、外挂,高,3,主题命中：经济、哈夫币、大红、市场、卖；负向命中：坑、外挂
DFF-001429,TapTap,https://www.taptap.cn/app/330259/review,2026-09-15T05:10:52.261Z,2025-10-05T18:13:53.000Z,zh-CN,你扯不扯？通货膨胀怪玩家？还公开这么讲，这锅扔的真牛啊，我现在一颗星都不想给你，自己不给装备补货导致的膨胀你怪上玩家，是因为你喜欢我们没有共享监狱，只能极慢地跑刀赚钱给你拉日活是吗？你那些小金小紫需求量不大的一类跟卖系统差不了多少钱，我向来都是卖系统。反观需求大的，比如咖啡和电缆，我打共享监狱两天加起来没摸出超过十个，自己不补货，玩家摸不出导致的膨胀，你怪我们……三角洲你发公告真的不自己读读吗？还是你就是想把事情闹大，让更多不打三角洲的人知道三角洲，最后再道歉到让玩家满意为止，收获最大一笔黑流？我只能说你确实厉害，真是绕远路才是你这个游戏的捷径啊，还是说你知道自己这个策划当不久了，特地燃尽自己也要让流量最大化是吗，损玩家利策划这一点航天的地图布置已经远远不够了是吗？真应了别人说的你策划把游戏寿命当自己经济收益最大化持续时间了。 方舟联动的ew池子开前一个月入坑，虽然说皮肤送了你恩情还不完，但要是大家不冲你，是不是就不送了？你撤离点改成五个人，我一开始没感觉到啥，直到今晚我红狼监狱直升机混烟撤没撤出来我就感觉到问题大了，我不组队不打架只刮地皮，别人组队刚好五个人撤了，留我一个，这不就是挑起玩家背刺或者劝打架？我确实是因为最近监狱共享家园印钞流吸引，结果就是大家和平撤离变成是不被允许的了。还有砍深蓝这么狠我也是没想到，难得放假能玩一整天，一个下午和半个晚上，深蓝给我的是断崖式的体验，我甚至一开始搜的是深蓝移速bug，我都没想到实装居然这么快。上把出来，下把就装上了，那叫一个不适应，我一直以为是我卡bug了。结果呢，就是我去玩红狼了，就算遇到想战斗爽的玩家也能开大跑掉，就是不能和平刮地皮，会被赶走就是了。本来是打暗区的，被这边友善的环境吸引，即使出了货塞不了保险也有机会被放过，还有操作的手感还有各种动作的前后摇都比暗区润滑了许多。不会被打一枪脸，不会被投掷压的动不了，不会出现一整局压静步的鼠鼠。但人家毕竟是硬核主题，但你三角洲把撤离点需等待几分钟撤离整上，别人家暗区都抛弃了的东西你整过来也是厉害，这我也不说啥，毕竟能蜂医混烟撤离，可我不想玩蜂医，想玩麦晓雯体验皮肤，我打暗号不放我，我又是单三跑刀，我就只能受着是吗，这么一个多月两百小时的体验给我的还真跟一些老玩家的感受一样，那就是断崖式的。我这种菜鸟玩家，确实可以不碰绝密，只打机密，但摸出大红的欣喜又是无与伦比的，这点在暗区和三角洲没有任何区别，这让我深深上瘾，促使我选择了战备更高，更容易亏损但爆率也更高的绝密。结果就是，我貌似在用我的哈夫币去换取一个没有行动物资的大红。没钱了怎么办？那来试试监狱共享家园吧。嗯，但大家都能赚钱出大红的世界是不允许存在的，因为有的人群并不在受益者名单内。唉，普通玩家就是这样，被游戏教着怎么打游戏，而不是自己去选择。给我的感觉像以前LOL策划改装备：不要你觉得，要我觉得才对的既视感。只能说没有新的替代品游戏出来前我还是会玩，但不会那么热情了，我甚至想回去玩暗区，我塔利娅都还没玩热乎就垂直入坑的三角洲，是时候回去看看她了。,TapTap玩家-79baee837421,1,46542141,搜打撤与经济,混合,中,复核爆率、物价与撤离收益曲线，评估经济回收节奏,,,,,主题命中：爆率、物资、经济、哈夫币、保险、撤离点、撤离、大红、小金、亏损、卖；正向命中：喜欢、满意、爽；负向命中：差、坑,高,2,主题命中：爆率、物资、经济、哈夫币、保险、撤离点、撤离、大红、小金、亏损、卖；正向命中：喜欢、满意、爽；负向命中：差、坑
DFF-001430,TapTap,https://www.taptap.cn/app/330259/review,2026-09-15T05:10:52.261Z,2025-09-15T10:02:35.000Z,zh-CN,"最吸引玩家的时候是最开始一百个小时，而现在我很难说喜欢了。 三角洲作为一个手游端游都有的摸金大战场游戏，质量是十分合格的，场景上，音乐上，手感上，优化上，都非常的不错，我甚至可以拿我的小米平板5pro中画质60hz流畅游玩，如果你想尝试fps，摸金，大战场，我都毫不犹豫的推荐游玩。 由于我主玩摸金模式，所以我只谈谈摸金模式的优点和缺点。 从零号大坝，到长弓溪谷，再是航天基地，再到巴克什，现在又出了潮汐监狱，在摸金模式下，我们可以游玩五张大地图，作为萌新玩家，这个内容量是相当大的，一般至少也得跑五把才能熟悉小地图，跑个二十把就心里有数了，一百把就熟悉全部地图构造了。 在此之上，制作方加入了boss这个特殊机制，让萌新惊慌失措，让老登直流口水，相对于传统fps要新颖的多。 再讲就是摸金，高价值区域容器多，高价值容器也多，但有别于直觉，在三角洲，即使是低价值容器，也能摸出高价值物品，所以不一定要去危险区域（高价值区域）摸东西才能出红，在外围摸多些容器，也能出。 再谈谈缺点： 容器爆率反直觉，爆率变化不明说。老玩家基本都感觉的出来，新版本那几天爆率高，中后期爆率低。这事变化就算了，好歹出个活动明说新地图几天爆率增高也行啊，搞得玩家越玩的久越觉得手越黑。反直觉指的就是航空箱和大保险，前者经常给你2*2,2*1大绿，后者经常给你1*2紫1*2小蓝，这个还是因为三角洲不删档的原因，普通随便进，但是你机密绝密不能这么整啊。 游戏热度高，外挂有的赚。很多时候多点免费的举报很重要，玩久了必会遇到，因为三角洲热度高导致护航需求高，但是护航就那些人，所以就会有人起挂护航，另一方面护航需要大量哈夫币起装备，租号市场大，许多人会跑刀，有些人会起挂摸金。这使得这个游戏很浮躁，对只摸金的萌新不友好，玩家信任基本上破产了，因为三角洲游戏体验和哈夫币是可以换软妹币。 所以越玩越觉得自己明明只是玩游戏，到后面怎么是给哈夫币打工，给别人打工，就慢慢淡出视线了。 但是不管怎么说，最开始玩时候真的是激情澎湃，先是打败赛伊德，再是双排航天清图，再是打败穆德兰，最后再是拿锅拿油，帮固排带油，这些全部免费，够几个人一起玩上八百个小时了。 所有人的最后说不定都是充个通行证，自己一个人当一只快乐的摸金鼠鼠。 --------------------------- 9.20晚十点做周年庆彩蛋有感 神人三角洲策划，周年庆彩蛋老是被人堵，接完两队，有一队在彩蛋点里面阴，服了，你出个单独彩蛋地图不行？就像我上面说的，玩家之间的信任早就破产了，真以为宣传交易桥买命就会让游戏更和谐？还是说把人先骗进来体验恶意才是你想要的？别人的周年庆都是欢欢乐乐的，像是过节或是过年，差些的也是过生日，就你游是体验航天拿油被堵，拿周年庆彩蛋也被堵，神人三角洲策划。 目前不建议任何鼠鼠们去做彩蛋，因为一队做完全图共享的彩蛋任务，都会被好几队有心之人堵，直到哪天他们堵的次数少了再试试。 明日方舟联动最终弹：麦晓雯维什戴尔，做的不错，我很喜欢。 --------------------------- 国庆假期内，三角洲的策划再一次表明了它不愿意善意撤离的态度，尽管周年庆视频就宣传了鼠鼠文化，好撤离。现在看来，都是笑话。",TapTap玩家-54916b582866,2,46364280,搜打撤与经济,混合,高,高优先级：复核爆率、物价与撤离收益曲线，评估经济回收节奏,,,,,主题命中：爆率、摸金、哈夫币、保险、撤离、出红、赛伊德、彩蛋、市场；正向命中：喜欢、不错、推荐；负向命中：差、外挂、爆率低,高,3,主题命中：爆率、摸金、哈夫币、保险、撤离、出红、赛伊德、彩蛋、市场；正向命中：喜欢、不错、推荐；负向命中：差、外挂、爆率低
DFF-001431,TapTap,https://www.taptap.cn/app/330259/review,2026-09-15T05:10:52.261Z,2025-09-12T16:25:10.000Z,zh-CN,最新修改：在m7、马林杠杆步枪和干员银翼削弱之前我会一直把这个两星挂在这里。你一个枪战游戏给我玩数值膨胀这套，有必要吗bro，你们又不靠卖枪卖角色盈利눈_눈 笔者是一名大战场玩家，从来不碰烽火地带，所以接下来的一切评价均以三角洲模行动的大战场模式为准。 首先，这是手机端唯一一个能玩到大战场的游戏。如果没有这个因素，我甚至会再给游戏扣一星，因为它的大战场地图设计实在太大份了： 给分机制的不合理： 众所周知，三角洲行动大战场的核心玩法就是上分，尤其是个人上分，官方甚至会给你的个人信息整一个场内分均得分，可知这是一个上分压力非常大的游戏。那要怎么得分呢？反载？对不起，你一条命去拼对面载具打掉的进度还没对面修得快，而且反载得分收益非常低，不要指望会有队友跟你配合；救人？对不起，拉一个人起来给你一两百分，拉个真人可能还有后续价值救援（虽然给的也很少），拉人机起来基本就这点分数。这游戏的人机就是活靶子，专门用来给两边真人玩家上分的，对己方阵营唯一的用处就是等真人把对面杀完后进点混占领进度，拉人机起来不仅分低，而且毫无成就感，大概率刚被你拉起来没一会又躺下了。而且手机端人机占比非常之高，笔者打到元帅16星还经常能匹配到四十个人里三十多个人机的糖局，你只要拉人大概率就是拉到人机。所以这游戏拿分的手段实际上就剩下三种，一是激情对枪，二是开载具捞薯条，三是攒制导到对局快结束的时候来一发大的，运气好能一口气上两三千分。对大部分玩家来说，这游戏的得分流程就是前期对枪-得分-快结束的时候开制导，没了。能在开出制导的情况下还有多出来的分数招防空车或者坦克是很少见的情况。 加上这游戏的真人玩家对输赢的影响非常小（系统想让你输直接给对面多加两个真人就能让战局发生质变，或者调一下人机的强度，你就是枪王照样被狠狠控胜率），输赢对分数的影响也非常小(赢了就加一千五，差不多相当于半个制导，而正常情况一局分数都在两万上下)，导致的结果就是战场上没人在意输赢，都在对枪捞分；没人在意反载，都在对枪捞分；没人在意救人，都在对枪捞分。最后就是大战场的分工协作完全无法体现，因为玩家甚至连己方阵营的输赢都不在意，唯一在意的就是对枪和捞分。 结论一：三角洲的核心是上分 结论二：上分的最主要构成是对枪 好了，光凭这两点你就已经可以想象到大战场是怎样一幅地狱绘图。工程是室内对枪特化，突击是高玩对枪特化，医疗是续航对枪特化，只有侦察可以做到不对枪，搁后方架个狙就可以一边打一边喝茶了（实际是因为侦察在中近程距离没有好枪）。但如果你枪法不准，最好还是带把PTR去前线对枪…… 本来笔者还打算写第二点狠狠拷打三角洲大战场的地图设计（因为不止得分机制在鼓励玩家高频对枪，地图设计也在鼓励玩家正面对枪，甚至许多地图攻方守方在对枪极其不平衡），但没想到光第一点就写了这么多，已经燃尽了……暗区快出大战场吧……大战场来，大战场来……（胡言乱语）,TapTap玩家-6dd7752eec64,2,46342135,地图与模式,负向,高,高优先级：汇总热点区域与模式数据，安排地图和玩法迭代,,,,,主题命中：地图、模式、大战场、烽火地带、玩法、地图设计、载具；负向命中：差、不平衡,高,3,主题命中：地图、模式、大战场、烽火地带、玩法、地图设计、载具；负向命中：差、不平衡